chemical.id,conc,plate.id,well,remove,bottle.id,t1,t2,t3,t4,t5,t6,t7,t8,t9,t10,t11,t12,t13,t14,t15,t16,t17,t18,t19,t20,t21,t22,t23,t24,t25,t26,t27,t28,t29,t30,t31,t32,t33,t34,t35,t36,t37,t38,t39,t40,t41,t42,t43,t44,t45,t46,t47,t48
3529,1,18040,A01,0,C844503,10.7422045,0.2604165625,6.032986875,0,0,10.091140625,2.604165,10.3515625,0.9114575,0,0,0,6.336819375,0.217013875,0,0,0,6.66231575,6.054688875,4.427093375,5.6640654375,9.1579646875,0.3472223125,0,0,0,0,0,0,7.508681875,0.021701375,0,9.374988375,8.7022534375,4.557289,0,0,0,0,0,0,0,0,0,0,0,0,0
3529,1,18040,B01,0,C844503,4.470486875,3.624128125,0.6510429375,0,1.497396875,3.88454825,0.0651040625,3.450521375,0,0,0,2.734373875,0,0,0,0,0,4.079860625,0,4.644097,0,0,0,4.275173875,0,4.3619779375,0,0,0,0,0.021701375,0,0,0,0,0,0,0,0,0,0,0,0,0,0,0,0,0
3529,1,18040,C01,0,C844503,0,0,0,8.355037125,0,0,3.276912625,0,4.600693875,0,5.64235825,0,0,0,0,0,6.16319375,0.6293399375,0,0,0,3.88455,0.217013875,0,0,0,0,4.1232618125,0,0,0,0,0,0,0,0,0,0,0,0,0,0,0,0,0,0,0,0
3529,1,18040,D01,0,C844503,0,0,14.822040125,0,0,0,0,0,0,0,0,0,0,0,0,0,0,0,0,0,0,0,0,6.3151059375,0,0,15.690103125,3.645826375,0,0,0,0,0,0,13.389768125,0,0,0,0,0,0,0,0,0,0,0,0,0
3529,1,18040,E01,0,C844503,0,0,0,0,0,0,0,0,0,0,0,0,0,0,0,0,0,0,0,0,0,0,0,0,0,0,0,0,0,0,0,0,0,0,0,0,0,0,0,0,0,0,0,0,0,0,0,0
3529,1,18040,F01,0,C844503,0,0,0,0,0,1.974825,4.0364609375,0,0,0,0,0,0,0,0,0,0,9.4401045,0,0,4.3402795,0.325521875,2.973088875,1.3020809375,0,4.5138884375,0,0,0,0,0,0,0,0,0,0,0,0,0,0,8.0729285625,0,0,0,0,0,0,0
3529,1,18040,G01,0,C844503,0,0,12.7170125,2.452259375,0,0,0,8.91927875,0.04340275,0,0,0,0,14.561633125,0,0,0,0,0,0,0,19.31424825,0,0,0,0,12.2395916875,0,0,0,0,0,16.0156025,0,0,0,0,0,0,0,0,0,0,0,0,0,0,0
3529,0,18040,H01,0,C844503,0,0,0,6.8793373125,0.021701375,0,0,0,12.4131875,3.25521125,0,0,0,0,15.8420109375,0,0,0,0,0,0,0,0,14.1710041875,0.1302084375,0,0,0,0,12.022584375,2.0616328125,0,0,0,0,0,0,0,0,0,0,0,0,0,0,0,0,0
3529,1,18040,A02,0,C844503,0,0,0,0,0,12.9340515625,0,0,0,0,0,0,0,0,0,0,0,0,0,0,0,0,4.622396875,6.8793428125,0,0,1.714409375,11.39325625,0,0,0,0,0,0,0,0,0,0,0,0,0,0,0,0,0,0,0,0
3529,1,18040,B02,0,C844503,13.628475,1.6710071875,0,0,0,0,10.720474625,0,0,0,0,13.1727575,0,0,14.865433875,0,0,0,0,11.84894375,2.3003496875,0,0,0,15.6684090625,0,0,0,6.618922625,8.5069410625,0.23871525,0,0,0,0,0.802950625,0.108506875,0,0,0,0,0,0,0,0,0,0,0
3529,1,18040,C02,0,C844503,0,0,0,0,8.658847625,0,0,0,0,0,0,0,0,4.2100718125,0,3.8411459375,0,7.1397578125,0,0.021701375,0,0,0,0,0,0,0,0,0,0,0,0,0,0,0,0,0,0,0,0,0,0,0,0,0,0,0,0
3529,1,18040,D02,0,C844503,0,0,0,0,7.769091375,0,0,5.8810790625,1.2152759375,0,0,0,8.355036375,0.021701375,0,0,0,4.7526028125,0,3.515625,1.7144090625,0,0,0,7.161460625,0,0,7.6822959375,0,0,4.926215375,0,0,0,0,0,0,0,0,0,0,0,0.2604165625,5.4904478125,0,0,0,0
3529,1,18040,E02,0,C844503,2.3220473125,0.477430625,0,2.387152,0,0.6076398125,0,0,0,0,0,0,0.0434028125,0.4340290625,0,0,2.8428816875,0,0,1.7144103125,0,0,0,0,0,2.71267125,0.217013875,0,0,2.083331875,0,0,0.1953125,0,0,0,0,0,0,0,0,0,0,0,0,0,0,0
3529,1,18040,F02,0,C844503,2.23524375,8.051225625,0,0.5642375,10.0477465,0,0,0,0,2.3654525,0.0651040625,0,0,12.0876934375,0,0,0,0,0,10.850692625,0,0,10.026029,0,0,0,10.720495125,0.13020825,0,0,0,3.146702125,0,0,0,0,0,0,0,0,0,0,0,0,0,0,0,0
3529,1,18040,G02,0,C844503,0,0,0,0,0,0,0,0,0,0,0,0,0,0,0,0,0,0,0,0,0,0,0,0,0,0,0,0,0,0,0,0,0,0,0,0,0,0,0,0,0,0,0,0,0,0,0,0
3529,0,18040,H02,0,C844503,0,0,0,0,4.296875,0.2604168125,0,0,0,0,0,0,3.8845496875,0,0,0,9.0711704375,0,0,0,0,0,0,0,0,0,9.092884375,0,0,0,0,0,0,0,0,0,3.3854203125,0,3.97135375,0,0,0,0,0,0,0,0,0
3529,1,18040,A03,0,C844503,0,0,0,0,0,0,0,0,0,0,0,0,0,0,0,0,0,0,0,0,0,0,0,0,0,0,0,0,0,0,0,0,0,0,0,0,0,0,0,0,0,0,0,0,0,0,0,0
3529,1,18040,B03,0,C844503,0,0,0,0,0,0,0,0,0,0,0,0,0,0.021701375,0,0,0,0,0,0,0,0,0,0,0,0,0,0,0,0,0,0,0,0,0,0,0,0,0,0,0,0,0,0,0,0,0,0
3529,1,18040,C03,0,C844503,0,0,0,0,0,0,0,0,0,0,0,0,0,0,0,0,0,0,0,0,0,0,0,0,0,0,0,0,0,0,0,0,0,0,0,0,0,0,0,0,0,0,0,0,0,0,0,0
3529,1,18040,D03,0,C844503,0,0,0,0.021701375,0,0,0,0,0,0,0,0,0,0,0,0,0,0,0,0,0,0,0,0,0,0,0,0,0,0,0,0,0,0,0,0,0,0,0,0,0,0,0,0,0,0,0,0
3529,1,18040,E03,0,C844503,0,0,0,0,0,0,0,0,0,0,0,0,0,0,0,0,0,0,0,0,0,0,0,0,0,0,0,0,0,0,0,0,0,0,0,0,0,0,0,0,0,0,0,0,0,0,0,0
3529,1,18040,F03,0,C844503,0,0.846355,0,0,0.9982625,2.4305559375,0,0,0,0,1.453992,0,0,0,0,0,0,1.4322915625,0,0,0,0,0,0,0,0,0,0,1.1067695,0.2604165625,1.4973945,0,0,0,0,0,0,0,0,0,0,0,0,0,0,0,0,0
3529,1,18040,G03,1,C844503,NA,NA,NA,NA,NA,NA,NA,NA,NA,NA,NA,NA,NA,NA,NA,NA,NA,NA,NA,NA,NA,NA,NA,NA,NA,NA,NA,NA,NA,NA,NA,NA,NA,NA,NA,NA,NA,NA,NA,NA,NA,NA,NA,NA,NA,NA,NA,NA
3529,0,18040,H03,0,C844503,0,0,0,0,0,0,0,0,0,0,0,0,0,0,0,0,0,0,0,0,0,0,0,0,0,0,0,0,0,0,0,0,0,0,0,0,0,0,0,0,0,0,0,0,0,0,0,0
3529,1,18040,A04,0,C844503,0,0,0,0,0,0,0,0,0,0,0,0,0,0,0,0,0,0,0,0,0,0,0,0,0,0,0,0,0,0,0,0,0,0,0,0,0,0,0,0,0,0,0,0,0,0,0,0
3529,1,18040,B04,0,C844503,0,0,0,0,0,0,0,0,0,0,0,0,0,0,0,0,0,0,0,0,0,0,0,0,0,0,0,0,0,0,0,0,0,0,0,0,0,0,0,0,0,0,0,0,0,0,0,0
3529,1,18040,C04,0,C844503,0,0,0,0,0,0,0.021701375,0,0,0,0,0,0,0,0,0,0,0,0,0,0,0,0,0,0,0,0,0,0,0,0,0,0,0,0,0,0,0,0,0,0,0,0,0,0,0,0,0
3529,1,18040,D04,0,C844503,0,0,0,0,0,0,0,0,0,0,0,0,0,0,0,0,0,0,0,0,0,0,0,0,0,0,0,0,0,0,0,0,0,0,0,0,0,0,0,0,0,0,0,0,0,0,0,0
3529,1,18040,E04,0,C844503,0,0,0,0,0,0,0,0,0,0,0,0,0,0,0,0,0,0,0,0,0,0,0,0,0,0,0,0,0,0,0,0,0,0,0,0,0,0,0,0,0,0,0,0,0,0,0,0
3529,1,18040,F04,0,C844503,0,0,0,0,0,0,0,0,0,0,0,0,0,0,0,0,0,0,0,0,0,0,0,0,0,0,0,0,0,0,0,0,0,0,0,0,0,0,0,0,0,0,0,0,0,0,0,0
3529,1,18040,G04,0,C844503,0,0,0,0,0,0,0,0,0,0,0,0,0,0,0,0,0,0,0,0,0,0,0,0,0,0,0,0,0,0,0,0,0,0,0,0,0,0,0,0,0,0,0,0,0,0,0,0
3529,0,18040,H04,0,C844503,0,0,0,0,0,0,0,0,0,0,0,0,0,0,0,0,0,0,0,0,0,0,0,0,0,0,0,0,0,0,0,0,0,0,0,0,0,0,0,0,0,0,0,0,0,0,0,0
3529,1,18040,A05,0,C844503,0,0,0,0,0,0,0,0.021701375,0.04340275,0.58593775,0,0,0,0,0,2.43055575,0,0,0,3.2335075,0,0,2.256941875,0,0.6727428125,0.1302084375,0.17361125,1.2586798125,3.211804375,0,0,2.9296884375,0,0,0,0,0,0,0,0,0,0,0,0,0,0,0,0
3529,1,18040,B05,0,C844503,0,0,0,0,0,0,0,0,0,0,0,0,0,0,0,0,0,0,0,0.108506875,0,0,0,0,0,0,0,0,0,0,0,0,0,0,0,0,0,0,0,0,0,0,0,0,0,0,0,0
3529,1,18040,C05,0,C844503,0,0,0,0.0434028125,0,0,0,0,0,0.434027625,0,0,0,0,0,0,0,0.0651041875,0,0,0,0,0,0,0,0,0,0,0,0,0,0,0,0,0,0,0,0,0,0,0,0,0,0,0,0,0,0
3529,1,18040,D05,0,C844503,0,0,0,0.9331598125,0,0,0,0,0,0,0,0,0,0,0,0,0,0.303819375,0,1.4105875,0.3906248125,0,0,0,0.585938125,0.0651041875,0,0,1.5624975,0.0434028125,0,0,0,0.0434028125,1.5190973125,0,0,0,0,0,0,0,0,0,0,0,0,0
3529,1,18040,E05,0,C844503,0.021701375,0,0,0.8029505625,0,0,0,1.3020840625,0.2170136875,0,0,0,0,0,0,0,0,0,0,0,0,0,0,0,0,0,0,0,0,0,0,0,0,0,0,0,0,0,0,0,0,0,0,0,0,0,0,0
3529,1,18040,F05,0,C844503,0,0,0,0,1.280380875,0,0,0,0,0,0,0,0,1.4973960625,0,0,0,0,0,0,0,0,3.081598875,0,0,0,0,0,0,1.1067715625,0,0,0,0,0,0,0,0,0,0,0,0,0,0,0,0,0,0
3529,1,18040,G05,0,C844503,0,0,0,0,0,0,0.0868054375,0,0.0434028125,0,0,0,0,0,0.0651040625,0.021701375,0,0,0,0,0,0,0.0434028125,0,0,0,0,0,0,0,0,0,0,0,0,0,0,0,0,0,0,0,0,0,0,0,0,0
3529,0,18040,H05,0,C844503,2.777778125,3.5590278125,0,0,0.1953125,7.0312565625,0,0,0,0,0.021701375,0,7.921005625,0,0,0,0,0,0,0,0,0,0,3.146701375,1.7795125,0,0,0,0,8.029515625,0,0,7.9644065625,2.32205075,0,0,0,0,0,0,0,0,0,0,0,0,0,0
3529,1,18040,A06,1,C844503,NA,NA,NA,NA,NA,NA,NA,NA,NA,NA,NA,NA,NA,NA,NA,NA,NA,NA,NA,NA,NA,NA,NA,NA,NA,NA,NA,NA,NA,NA,NA,NA,NA,NA,NA,NA,NA,NA,NA,NA,NA,NA,NA,NA,NA,NA,NA,NA
3529,1,18040,B06,0,C844503,0,0,3.64583375,0,4.144967625,0.651040625,0.1519096875,0,4.275172625,0,0,1.497395,0.7595491875,0,0,0,0,3.754342,0.021701375,0,0,0,3.6024300625,0.021701375,0,2.5607634375,0,0,0,4.0798619375,0,0,0,0,0,0,0,0,0,0,0,0,0,0,0,0,0,0
3529,1,18040,C06,0,C844503,9.136279375,0,3.276910625,0,0,0,0,0,0,9.9392384375,0.021701375,0,3.645833375,0,9.67881375,0,2.6909729375,0,3.1032996875,0.021701375,0,1.714409375,8.268233375,0,3.05989375,0.021701375,0,0,0,0,0,9.592006875,0,0,0,0,0,0,0,0,0,0,0,0,0,0,0,0
3529,1,18040,D06,0,C844503,0,0,2.430553125,1.844618125,0,6.09809125,0,0,0,0,10.6119928125,5.1866328125,7.1180709375,0,0,4.99131875,0.0868054375,0.021701375,0,0,0,0,0,0,7.35677375,0,0,0.1302084375,4.0798621875,0,0,0,0,0,0,0,0,1.0199653125,0,0,0,0,0,0,0,0,0,0
3529,1,18040,E06,0,C844503,0,0,0,0,0.737846875,8.311625625,0,0,0,0.021701375,0,0,0,6.5104184375,0.0651040625,0,0,0,0,7.31335625,1.453992,3.168405125,0,0,0,0,0,0,6.6840295,0.021701375,0,0,0,0,0,0,0,0,0,0,0,0,0,0,0,0,0,0
3529,1,18040,F06,0,C844503,0,0,0,0,0,0,0,0,0,8.224828125,0.0651040625,0,11.111103125,1.56249825,0,0,0,0,0,0,0,0,0,0,0,11.6536760625,0,0,13.1293384375,0,0,0,6.9227528125,0,0,0,0,0,0,0,0,0,0,0,0,0,0,0
3529,1,18040,G06,0,C844503,0,15.2777795,0,5.38194325,0,0,0,0,0,0,0,0,13.12932625,0,0,0,0,0,0,3.298607625,13.51996075,0,0,0,5.7725715625,10.9158103125,3.493925,0,0,0,0,0,3.6892371875,17.9036618125,0,0,0,0,0,0,0,0,0,0,0,0,0,0
3529,0,18040,H06,0,C844503,0,0,0,0,0,0,0,0,0,12.86893625,0.021701375,0,0,0,14.735242,0,0,0,0,0,0,11.371516375,0.4557278125,0,0,0,0,0,0,0,0,15.4079795,0,5.3819309375,0.9982640625,0,0,0,0,0,0,0,0,0,0,0,0,0.021701375
3529,1,18040,A07,0,C844503,0,5.9678821875,0,0,0,0,10.5251740625,0.7595485625,0,9.092880125,0,6.25,0.86805625,0,0,13.1727475,0.5642375,0,0,7.63888125,2.235244375,0,0,0,0,0,0,0,12.23955625,0.0868054375,0.021701375,0,0,0,0,0,0,0,0,0,0,0,0,0,0,0,0,0
3529,1,18040,B07,0,C844503,0,0,3.9062496875,0,0,4.64409825,0,0,7.855890125,0.108507,0,0,2.3437493125,0,0,0,0,0,0,0,5.75086625,0.84635625,0,0,0,0,9.0060625,0.2604166875,0,0,0,2.49566075,3.9062509375,0,0,0,0,0,0,0,0,0,0,0,0,0,0,0
3529,1,18040,C07,0,C844503,0,0,0,0,0,0,4.21006875,2.300345625,0,0,0,4.405375,12.9991428125,0,0,0,0,0,3.407116875,0.086805625,0,0,0,20.31249375,0.2604165625,0,0,5.2300343125,0,0,0,0,14.19270625,1.4973948125,0,0,0,0,0,0,0,0,0,0,0,0,0,0
3529,1,18040,D07,0,C844503,0,0,0,0,11.5451284375,0,0,0,0,10.7639015625,0,8.268226375,0.41232625,0,0,0,9.092893125,0.69444375,0,0,0,0,0,11.1111025,0.04340275,0,8.13802,0,0,0,0,0,0,0,0,0,0,0,0,0,0,0,0,0,0,0,0,0
3529,1,18040,E07,0,C844503,0,4.6223965625,0,3.190105875,0,8.268228125,0,0,1.475694,0,4.904513125,0.108507,0,2.452257,0,0,0,6.770835,0,0,4.75260375,0,4.2534698125,0,0,4.7309028125,0,0.56423575,3.038195,0,0,0,0,0,0,0,0,0,0,0,0.021701375,0,0,0,0,0,0,0
3529,1,18040,F07,0,C844503,0,0,0,0,0,0,0,0,8.3767386875,1.15017375,0,0,0,0,0,0,0,0,0,0,0,1.6276045,9.027751875,0,0,0,0,0,0,8.4418325625,1.3454860625,0,0,8.7890666875,0,0,0,0,0,0,0,0,0,0,0,0,0,0
3529,1,18040,G07,1,C844503,NA,NA,NA,NA,NA,NA,NA,NA,NA,NA,NA,NA,NA,NA,NA,NA,NA,NA,NA,NA,NA,NA,NA,NA,NA,NA,NA,NA,NA,NA,NA,NA,NA,NA,NA,NA,NA,NA,NA,NA,NA,NA,NA,NA,NA,NA,NA,NA
3529,0,18040,H07,0,C844503,0,0,0,0,0,0,16.71006875,0,0,0,0,17.361117,0,0,0,0,0,0,12.239590625,3.5807315625,0,0,0,0,0,18.18576075,0,0,0,0,0,0,0,0,0,0,0,0,0,0,0,0,0,0,0,0,0,0
3529,1,18040,A08,0,C844503,0,0,0,0.694445625,0,0,0,0,0,0,0,0,0,0.4123259375,0,0,0,0.13020825,0,0,0,0,0,0,0,0.3906259375,0,0,0,0.3472221875,0,0,0,0,0,0,0,0,0,0,0,0,0,0,0,0,0,0
3529,1,18040,B08,0,C844503,0.021701375,0,0,0,0,0,0,0,0.021701375,0,0,0,0,1.2803791875,0,0,0,0.04340275,0,0,0,1.193575,0.8246540625,0,0,0,0.1953125,0,0,0,0,0,1.388889375,0,0.086805625,0,0,0,0,0,0,0,0,0,0,0,0,0
3529,1,18040,C08,0,C844503,0,0,0,0,5.4253496875,0,0,0,3.9062490625,0,0,0,6.7491309375,0,0,0,0,0,0,0,0,0,0,0,0,0,0,1.432292,0.0651040625,0,0,4.2968728125,1.1935775,7.9644111875,0,0,0,0,0,0,0,0,0,0,0,0,0,0
3529,1,18040,D08,0,C844503,0,0,3.84114375,1.0416665625,0,0,0,0,6.684030625,0,0,0,0,1.51909875,0.1953125,0,6.7057385625,0,0,0,0.781250625,0.1953125,0,0,11.0677259375,0,0,0,3.1033,0.82465375,0,0,10.2647795,0,0,0,0,0,0,0,0,0,0,0,0,0,0,0
3529,1,18040,E08,0,C844503,0.3038195,0,0,1.974825,0,1.9531243125,0.108507,0,0,1.605901375,0.108507,0,0,0.0651041875,0,0,0.021701375,0,2.0182295,0,0,0,1.974828125,0,0,0,0,0,1.627603125,0.2604168125,0.04340275,1.7795125,0,0,0,0,0,0,0,0,0,0,0.021701375,0,0,0,0,0
3529,1,18040,F08,0,C844503,0.303819375,0.2170140625,0,0,0,0,0.6293403125,0.1519096875,0,0,0,0,0,0,0,0,0,0.2387153125,0,0,0,0,0.368925,0,0,0.2604166875,0,1.9314196875,0,0.2604166875,0,0.7595475,0,0,0,0.8463553125,0,0,0,0,0,0,0,0,0,0,0,0
3529,1,18040,G08,0,C844503,0,0,0.412326375,0,0,0,2.32205,0.2387153125,0,0,0,0,0,0.8680565625,0.108507,0,0,0,0,0.021701375,3.493921875,0,0,0,0,0,3.1033009375,0.1302084375,0,0,0,0,1.497396875,4.535588875,0,0,0,0,0,0,0,0,0,0,0,0,0,0
3529,0,18040,H08,0,C844503,0,0,0,0,0,0,0,0,0,0,0,0,0,0,0,0,0,0,0,0.2604166875,0,0,0,0,0,0,0,0,0,0,0.2387153125,0,0,0,0,0,0,0,0,0,0,0,0.021701375,0,0,0,0,0
3529,1,18040,A09,0,C844503,0,0,0,0,0,0,0,0,0,0,0,0,0,0,0,0,0,0,0,0,0,0,0,0,0,0,0,0,0,0,0,0,0,0,0,0,0,0,0,0,0,0,0,0,0,0,0,0
3529,1,18040,B09,0,C844503,0,0,0,0,0,0,0,0,0,0,0,0,0,0,0,0,0,0,0,0,0,0,0,0,0,0,0,0,0,0,0,0,0,0,0,0,0,0,0,0,0,0,0,0,0,0,0,0
3529,1,18040,C09,0,C844503,0,0,0,0,0,0,0,0,0,0,0,0,0,0,0,0,0,0,0,0,0,0,0,0,0,0,0,0,0,0,0,0,0,0,0,0,0,0,0,0,0,0,0,0,0,0,0,0
3529,1,18040,D09,0,C844503,0,0,0,0,0,0,0,0,0,0,0,0,0,0,0,0,0,0,0,0,0,0,0,0,0,0,0,0,0,0,0,0,0,0,0,0,0,0,0,0,0,0,0,0,0,0,0,0
3529,1,18040,E09,1,C844503,NA,NA,NA,NA,NA,NA,NA,NA,NA,NA,NA,NA,NA,NA,NA,NA,NA,NA,NA,NA,NA,NA,NA,NA,NA,NA,NA,NA,NA,NA,NA,NA,NA,NA,NA,NA,NA,NA,NA,NA,NA,NA,NA,NA,NA,NA,NA,NA
3529,1,18040,F09,0,C844503,0,0,0,0,0,0,0,0,0,0,0,0,0,0,0,0,0,0,0,0,0,0,0,0,0,0,0,0,0,0,0,0,0,0,0,0,0,0,0,0,0,0,0,0,0,0,0,0
3529,1,18040,G09,0,C844503,0,0,0,0,0,0,0,0,0,0,0,0,0,0,0,0,0,0,0,0,0,0,0,0,0,0,0,0,0,0,0,0,0,0,0,0,0,0,0,0,0,0,0,0,0,0,0,0
3529,0,18040,H09,0,C844503,0,0,0,0,0,0,0,0,0,0,0,0,0,0,0,0.021701375,0,0,0,0,0,0,0,0,0,0,0,0,0,0,0,0,0,0,0,0,0,0,0,0,0,0,0,0,0,0,0,0
3529,1,18040,A10,0,C844503,0,0,0,0,0,0,0,0,0,0,0,0,0,0,0,0,0,0,0,0,0,0,0,0,0,0,0,0,0,0,0,0,0,0,0,0,0,0,0,0,0,0,0,0,0,0,0,0
3529,1,18040,B10,0,C844503,0,0,0,0,0,0,0,0,0,0,0,0,0,0,0,0,0,0,0,0,0,0,0,0,0,0,0,0,0,0,0,0,0,0,0,0,0,0,0,0,0,0,0,0,0,0,0,0
3529,1,18040,C10,0,C844503,0,0,0,0,0,0,0,0,0,0,0,0,0,0,0,0,0,0,0,0,0,0,0,0,0,0,0,0,0,0,0,0,0,0,0,0,0,0,0,0,0,0,0,0,0,0,0,0
3529,1,18040,D10,0,C844503,0,0,0,0,0,0,0,0,0,0,0,0,0,0,0,0,0,0,0,0,0,0,0,0,0,0,0,0,0,0,0,0,0,0,0,0,0,0,0,0,0,0,0,0,0,0,0,0
3529,1,18040,E10,0,C844503,0,0,0,0,0,0,0,0,0,0,0,0,0,0,0,0,0,0,0,0,0,0,0,0,0,0,0,0,0,0,0,0,0,0,0,0,0,0,0,0,0,0,0,0,0,0,0,0.021701375
3529,1,18040,F10,0,C844503,0,0,0,0,0,0,0,0,0,0,0,0,0,0,0,0.021701375,0,0,0,0,0,0,0,0,0,0,0,0,0,0,0,0,0,0,0,0,0,0,0,0,0,0,0,0,0,0,0,0
3529,1,18040,G10,0,C844503,0,0,0,0,0,0,0,0,0,0,0,0,0,0,0,0,0,0,0,0,0,0,0,0,0,0.021701375,0,0,0,0,0,0,0,0,0,0,0,0,0,0,0,0,0,0,0,0,0,0
3529,0,18040,H10,0,C844503,0,0,0,0,0,0,0,0,0,0,0,0,0,0,0,0,0,0,0,0,0,0,0,0,0,0,0,0,0,0,0,0,0,0,0,0,0,0,0,0,0,0,0,0.021701375,0,0,0,0
3529,1,18040,A11,0,C844503,0,0,0,4.3402860625,0.0868055625,0,5.7508716875,0,4.036461,0,0,5.3602428125,0.499130625,0,0,0,0,5.4687365,5.5772559375,0,0,0,0,0,5.9895996875,0.4123261875,0,0,0,6.1849004375,0,0,0,0,0,0,0,0,0,0,0,0,0,0,0,0,0,0
3529,1,18040,B11,0,C844503,0,0,0,0,0,0,0,0,5.7725665625,0.477430625,0,8.89758125,1.432292,0,6.640626875,0,0,0,0,0,0,0,10.872394375,0,0,6.8793425,0,0,0,0,0,0,0,0,0,0,0,0,0,0,0,0,0,0,0,0,0,0
3529,1,18040,C11,0,C844503,0,0,0,0,0,0,0,0,0,4.730903125,0.390626375,8.48521875,4.5355943125,0,0,0,0,0,0,0,0,0.021701375,0,13.3680396875,0,0,14.1493134375,0,0,0,0,0,0,0,0,0,0,0,0,0,0,0,0,0,0,0,0,0
3529,1,18040,D11,0,C844503,0,3.602430625,0.5425345,0,0,0,0,13.7152904375,0,0,0,0,12.1961818125,0,0,0,0,0,0,0.412325,8.5937571875,11.30641125,0,0,0,0.021701375,0,0,0,0,0,0,0,0,0,0,0,0,12.3263766875,0,0,0,0,0,0,0,0,0
3529,1,18040,E11,0,C844503,9.50521875,2.539063125,0,0,0,0,0,0,0,0,0,0,6.79255,0.1953125,0,0,0,0,0,0,0,0,0,0.520834375,8.8975815625,0,0,3.4939265625,0,0,0,6.749133125,10.0694485,9.353312,10.95920875,0,0,0,0,0,0,0,0,0,0,0,0,0
3529,1,18040,F11,0,C844503,0,0,10.5034840625,0.9548596875,6.640632,0,0,0,0,0,12.9340291875,0,0,14.14930625,0,0,6.38021375,0,1.627603125,3.8411471875,4.1015625,8.897558875,0,8.0078034375,0,0,5.3385403125,0,0,0,6.098103125,0.021701375,0,6.0763886875,0,0,0,0,0,0,0,0,0,0,0,9.6788273125,0,0
3529,1,18040,G11,0,C844503,0.36892375,0,0,0,0,0,0,0,0,5.967880625,0,0,11.7404428125,0,0,0,0,0,0,0,0,11.2847259375,0,0,0,0,0,12.239580625,1.085068875,0,0,0,0,0,0,0,0,0,0,0,0,0,0,0,0,0,0,0
3529,0,18040,H11,0,C844503,6.4887154375,0.086805625,0,0,0,0,0,0,10.286434375,3.754338875,0,0,0,0,0,0,11.0026028125,0.021701375,0,0,0,0,0,0,5.4687525,1.019965,0,0,0,0,0,0,0,0,0,0,0,0,0,0,0,0,0,0,0,0,0,0
3529,1,18040,A12,0,C844503,0,0,0,0,3.5590295,0.0651041875,0,0,0,0,0,16.42796875,0,0,0,0,0,0,0,0,3.493921875,1.6276040625,10.6987710625,0.0651040625,0,0,0,3.86284825,11.089415625,0.78125,0,0,0,0,0,0,0,0,0,0,0,0,0,0,0,0,0,0
3529,1,18040,B12,0,C844503,0,3.0598945,0.7378465625,0,0,0,0,0,0,0,0.021701375,2.951390625,0,0,0,9.592014375,0,0,0,0,5.143229625,0,0,0,0,0,6.9444404375,0.0651040625,1.888021875,2.777778125,0,0,0,0,0,0,0,0,0,9.8090221875,0,0,0,0,0,0,0,0
3529,1,18040,C12,0,C844503,0,0,10.3515771875,0,0,0,0,0,2.4088535625,0,0,0,0,0,0,0,0,0,0,0,0,3.493921875,8.3984465625,1.171873875,8.181409375,0,0,0,0,9.4835009375,0,0,0,0,0,0,0,0,0,0,0,0,0,0,0,0,0,0
3529,1,18040,D12,0,C844503,2.5390625,4.3836784375,0,0,0.0651040625,5.09982575,0,0,0,0,0,4.1015621875,0,0,0,0,0,3.9496535625,0,0,0,0,0,0,3.298610375,0,0,0,4.7091996875,0,0,0,0,0,0,0,0,0,0,0,0,0,0,0,0,0,0,0
3529,1,18040,E12,0,C844503,0,0.8246524375,2.5390653125,0.021701375,0,0,0,2.21354125,0.1519096875,0,0,0,0,0,0,0,0,2.0182278125,0,0,0,0,0,0,1.54079825,0,0,0,0,1.953127,0.021701375,0,0,0,0,0,0,0,0,0,0,0,0,0,0,0,0,0
3529,1,18040,F12,0,C844503,0,0,0,0,5.53385625,0.88975625,6.901050625,0,0,0,0,0,0,0,9.2013903125,0.108506875,5.967883125,0,0,0,0,0,4.6658009375,0,0,0,8.13801875,0.3689234375,0,8.85415,0.8463534375,0,0,0,0,0,0,0,0,0,0,0,0,0,0,0,0,0
3529,1,18040,G12,0,C844503,0,0,0,0,0,0,0,0,0,0,2.126735,0,0,2.105034375,0,0,0,0,0,0,0,9.1797021875,0.021701375,0,0,0,2.105034375,1.75781375,1.6493046875,0,0,0,0,0,0,0,0,0,0,0,0,0,0,0,0,0,0,0
3529,0,18040,H12,0,C844503,0,0,0,5.2517346875,0,0,16.36284375,0,0,0,0.716146875,9.5269165625,0,0,0,0,13.932265625,0,0,0,0,0,0,0,0,15.45139125,0,0,0,0,0,0,0,0,0,0,0,0,0,0,0,0,0,0,0,0,0,0
3529,1,18041,A01,0,C844503,0,0,3.059896875,0.108506875,0,0,0,0,0,7.7039946875,0,0,0,0,0,0,3.3420135625,0.0651041875,0,0,0,0,0,0,0,7.291663125,0,0,0,0,0,0,0,0,1.93142325,0,0,0,0,0,0,0,0,0,0,0,0,0
3529,1,18041,B01,0,C844503,0,8.138021875,0.9331590625,0,0,0,0,0,0,0,0,15.9288196875,0.0651040625,0,0,13.020842,0,0,0,0,14.3229259375,0,0,0,0,0,0,0,0,12.47828625,0,0,0,0,0,0,0,0,0,0,15.3862615625,0,0,0,0,0,0,0
3529,1,18041,C01,0,C844503,4.991320125,1.7795135625,0,0,0,0,0,0,5.6206598125,0,0,0,0,0,0,5.490453125,0,0,0,0,7.74740825,0,0,0,0,3.08159875,2.799479625,0,3.4505234375,0,0,2.1701375,4.014761375,0,5.295140125,0.021701375,0,0,0,0,0,0,0,0,0,0,0,0
3529,1,18041,D01,0,C844503,5.4036404375,0,16.36284,0.0651041875,7.5520853125,0,0,0,0,0,1.150175,9.22308,0,0,0,0,0,0,0,0,0,0,0,0,0,0,5.078124375,0,0,0,0,0,8.3333353125,0,0,0,0,0,0,0,0,0,0,0,0,0,0,0
3529,1,18041,E01,0,C844503,0.108506875,0,3.363715625,0.455729,0,0,15.34286625,0,18.315965625,3.3420146875,0,0,0,15.7769,0.0434028125,0,0,0,0,0,0,4.0147598125,0,16.080732625,4.448782625,0,0,0,0,15.256092,0.303819375,0,17.57810875,34.4618040625,29.2751915625,6.510403125,0,0,0,0,0,0,0,0,0,0,0,0
3529,1,18041,F01,0,C844503,0,0,0,0,4.62239625,0,0,0,0,0,0,0,0,0,0,7.291665625,0.2170140625,0,0,0,3.450521875,0.56423575,0,0,3.038196875,0,0,0,0,7.31336375,0,0,2.8862823125,5.099824375,6.445307,0,0,0,0,0,0,0,0,0,0,0,0,0
3529,1,18041,G01,0,C844503,0,0,0,0,0,0,0,0,0,13.8889,5.295138875,0,0,0,0,15.429678125,1.5190984375,0,11.436607625,0.1302084375,0,0,0,0,0,0,0,0,10.35154875,0,0,0,0,0,0,0,0,0,0,0,0,0,0,0,0,0,0,0
3529,0,18041,H01,0,C844503,0,6.467013125,0.0868054375,0,0,14.800353125,0,0,0,9.7873135625,0.0434028125,7.465278125,0.6944445,0,15.060763125,0,0,0,0,8.2682159375,1.8229178125,15.3862786875,0,0,0,0,10.2647690625,18.706625,0,0,0,0,0,0,0,0,0,0,0,0,0,0,0,0,0,0,0,0
3529,1,18041,A02,0,C844503,0,0,0,0,0,0.9548625,12.41320575,0,0,0,0,0,0,12.934028125,0,0,0,0,0,0,0,12.5217066875,0,5.64235,2.278645,0,0,11.5885446875,0,0,0,0,0,0,0,0,0,0,0,0,0,0,0,0,0,0,0,0
3529,1,18041,B02,0,C844503,3.754336875,14.4748271875,1.844618125,0,0,0,0,4.9262118125,0,0,0,0,0,14.1493125,0.32552075,0,0,0,0,0,0,0,0,0,0,19.314253125,0.086805625,4.991320125,2.278646875,14.4748103125,0.0434028125,0,0,13.95398875,0,0,0,0,0,0,0,0,0,0,0,0,0,0
3529,1,18041,C02,0,C844503,5.4036353125,0,0,0,0,0,0,6.5972334375,0,15.234378125,0,0,0,0,0,0,0,0,0,0,0,0,7.8559023125,0,10.4383655625,0.021701375,0,0,0,0,0,5.8593778125,1.67100625,0,0,0,0,0,0,0,0,0,0,0,0,0,0,0
3529,1,18041,D02,1,C844503,NA,NA,NA,NA,NA,NA,NA,NA,NA,NA,NA,NA,NA,NA,NA,NA,NA,NA,NA,NA,NA,NA,NA,NA,NA,NA,NA,NA,NA,NA,NA,NA,NA,NA,NA,NA,NA,NA,NA,NA,NA,NA,NA,NA,NA,NA,NA,NA
3529,1,18041,E02,0,C844503,12.348080625,0.0434028125,0,0,0,11.74045375,0,0,0,0,0,0,0,0,0,7.66059125,0,0,0,0,0,0,0,0,0,0,12.52170875,0.086805625,0,0,0,0,3.5590279375,0,0,0,0,0,0,0,0,0,0,0,0,0,0,0
3529,1,18041,F02,0,C844503,0,0,0.8897573125,0,5.013020125,0,0,0,0,0,4.513888125,0,0.5859365625,0.5642359375,0.2387153125,0,3.6241321875,0,0,0,0,3.3420146875,0,3.23350625,0.6944453125,0,1.605901875,0,4.7743065,0,0,0,0,0,2.4739571875,0,0,0,0,0,0,0,0,0,0,0,0,0
3529,1,18041,G02,0,C844503,0,0,7.0746460625,0,0,0,0,0,0,0,0,0,0,25.7161725,2.061632625,0,0,0,0,0,0,0,0,0,6.79253575,0.4991330625,0,0,0,0,0,0,10.568594375,1.4973940625,0,0,0,0,0,0,0,0,0.021701375,0,0,0,0,0
3529,0,18041,H02,0,C844503,19.249114625,0,0,0,0,0,0,0,19.5746509375,0,0,0,0,19.70486075,0,0,0,0,0,0,0,0,0,0,0,0,7.812502,0,20.4427059375,0,0,0,0,0,0,0,0,0,0,0,0,0,0,0,0,0,0,0
3529,1,18041,A03,0,C844503,0,0,10.611986875,0,12.7821259375,0,0,0,0,0,0,0,0,10.46006125,0.021701375,0,0,0,12.282967,0,5.1215278125,0,0,0,0,0,10.1779565625,0,0,0,0,0,12.717010625,1.019965625,4.6223954375,0,6.01128125,3.645834375,0,0,0,0,0,0,0,0,0,0
3529,1,18041,B03,0,C844503,0,6.575520625,0.4340278125,15.0173615625,0,14.3663121875,0,8.6588428125,0,7.4218653125,0,0,14.90886125,0,0,0,0,0,0.1302084375,9.266480625,0,0,12.630196875,5.8159723125,8.9843853125,3.1467015625,9.9609375,8.203124375,0,8.3767153125,2.0182304375,0,0,9.35329075,14.561630625,0,0,0,0,0,0,0,0,0,0,0,0,0
3529,1,18041,C03,0,C844503,0,0,0,0,0,0,0,0,18.1857734375,0.0651040625,0,0,0,3.927965625,3.0815971875,0,0.021701375,0,0,0,21.09374825,0,0,0,0,0,0,10.4600653125,0,8.3767440625,2.6909709375,0,0,0,0,0,0,0,0,0,0,0,0,0,0,0,0,0
3529,1,18041,D03,0,C844503,0.021701375,16.2760625,7.161459375,0,0,0,0,17.1658045,0,0,0,0,7.92100625,13.54167075,0,0,1.605903125,13.0208173125,0,0,0,13.51996875,5.7291653125,0,0,0,15.01736075,0,0,0,8.2465321875,0.325520625,14.301215625,17.730026875,25.3689234375,25.4123055625,0,0,0,0,0,0,0,0.021701375,0,0,0,0
3529,1,18041,E03,0,C844503,0,0,0,0,0,0,0,0,0,0,1.67100625,3.42882075,3.79775,15.51648575,0,0,0,0,0,0,0,7.096365625,1.2803834375,0,0,16.62324375,0.434026375,0,7.9426875,2.08333125,0,0,12.803830625,74.17535625,31.2934065625,0,0,0.108506875,1.475694,1.5407993125,0.021701375,0,0,0,0,0,0,0
3529,1,18041,F03,0,C844503,18.2291678125,0,0,0,0,0,0,0,0,0,0,8.07293125,8.4852459375,10.43835875,0.1302084375,0,17.013890625,0.108507,0,0,0,0,0,0,0,11.52342375,2.0399309375,0,0,0,17.38283125,0,0,0,0,0,0,0,0,0,0,0,0,0,0,0,0,0
3529,1,18041,G03,0,C844503,0,17.686625,0,0,15.0173773125,0,0,0,0,0,17.4261916875,0,0,0,0,0,0,0,16.9270798125,0,5.4253471875,0,0,16.536435625,0,0,0,6.18490375,0,16.558120625,0,0,14.5399465625,9.4400991875,2.3437525,0,0,0,0,0,0,0,0,0,0,0,0,0
3529,0,18041,H03,0,C844503,0.0434028125,0,0,0,0,0,0,10.069443125,0,0,0,0,0,0,7.13976075,0.3472221875,0,0,0,0,0.021701375,0,0,0,7.638887625,0,0,0,0,0,6.9010440625,0.021701375,0,0,0,0,0,0,0,0,0,0,0,0,0,0,0,0
3529,1,18041,A04,0,C844503,0,0,0,0,0,0,0,2.0833323125,0.021701375,0,0,0,0,0,0,1.779513125,0,0,0,0.6076395,0,0,0,0,0,0,0,0,1.8229154375,0,0,0,0,1.86631875,0,0,0,0,0,0,0,0,0,0,0,0,0,0
3529,1,18041,B04,0,C844503,0,0,0,0,0,0.672743125,0,0,0,0.585937,0,0,0,0,1.47569625,0.1519096875,0,0,0,0,0,0.69444575,0,0,0,0,0,0,0.455728125,0.3255205625,0,0,0,0,0,0,0,0,0,0,0,0,0,0,0,0,0,0
3529,1,18041,C04,0,C844503,0.0434028125,0,0,0,0,0,0.0651040625,0,0.5642360625,0.5859376875,0,0,0,0,0,0,0,0,0.021701375,0.021701375,1.367187625,0,0,0,0,0.5642375,0.6076399375,0,0,0,0,0,0,0,0,0,0,0,0,0,0,0,0,0,0,0,0,0
3529,1,18041,D04,0,C844503,0,0,0,3.1250023125,0,0,0,0.021701375,0,0,0,0.69444375,0.0434028125,0,0.455730125,0,0.34722325,0,3.949653125,1.1067709375,0,2.604167625,0,0,0,1.605901375,1.5190975,0,0,0,3.62413125,0,0,3.906247625,0,0,0,0,0,0,0,0,0,0,0,0,0,0
3529,1,18041,E04,0,C844503,0,0,0,0,0,11.6753384375,0,0,0,0,0,0,0,0,0,11.957465625,0,0,0,0,0,0,0,0,0,0,0,0,0,0,0,0,0,0,13.0642545,0,0,0,0,0,0,0,0,0,0,0,0,0
3529,1,18041,F04,0,C844503,0,0,0.2604166875,0.4123259375,0.086805625,0,0,0,0,0,0,0,0,0,0,0,0,0,0,0,0,0.6727445,0,0,0,0,0,0,0.2170140625,0,0,0,0,0,0,0,0,0,0,0,0,0,0,0.021701375,0,0,0,0
3529,1,18041,G04,0,C844503,0,0,0,0,0,0,0,0,8.2031241875,0,0,0,4.4487840625,0,0,0,2.1918409375,0,4.4921890625,0,0,0,0,0,0,0,0,0,0,0,0,0,0,0,0,2.3003465625,0,0,0,0,0,0,3.1032995,0,0,0,0,0
3529,0,18041,H04,0,C844503,0,0,0,0,0,0,0,0,0,0,0,3.9279525,0,0,0,2.300346875,1.1935784375,0,0,0,0,3.60243,0,0,0,0,2.408854375,0.82465375,0,0,0,0,1.7795148125,3.841145625,0,0,0,0,0,0,0,0,0,0,0,0,0,0
3529,1,18041,A05,0,C844503,0,0,0,0,0,0,0,0,0,0,0,0,0,0,0,0,0,0,0,0,0,0,0,0,0,0,0,0,0,0,0,0,0,0,0,0,0,0,0,0,0,0,0,0,0,0,0,0
3529,1,18041,B05,0,C844503,0,0,0,0,0,0,0,0,0,0,0,0,0,0,0,0,0,0,0,0,0,0,0,0,0,0.108506875,0,0,0,0.3255209375,0,0,0,0,0,0,0,0,0,0,0,0,0,0,0,0,0,0
3529,1,18041,C05,0,C844503,0,0,0,0,0,0,0,0,0,0,0,0,0,0,0,0,0,0,0,0,0,0,0,0,0,0,0,0,0,0,0,0,0,0,0,0,0,0,0,0,0,0,0,0,0,0,0,0
3529,1,18041,D05,0,C844503,0,0,0,0,0,0,0,0,0,0,0,0,0,0,0,0,0,0,0,0,0,0,0,0.021701375,0,0,0,0,0,0,0,0,0,0,0,0,0,0,0,0,0,0,0,0,0.021701375,0,0,0
3529,1,18041,E05,0,C844503,0,0,0,0,0,0,0,0,0,0,0,0,0,0,0,0,0,0,0,0,0,0,0,0,0,0,0,0,0,0,0,0,0,0,0,0,0,0,0,0,0,0,0,0,0,0,0,0
3529,1,18041,F05,0,C844503,0,0,0,0,0,0,0,0,0,0,0,0,0,0,0,0,0,0,0,0,0,0,0,0,0,0,0,0,0,0,0,0,0,0,0,0,0,0,0,0,0,0,0,0,0,0,0,0
3529,1,18041,G05,0,C844503,0,0,0,0,0,0,0,0,0,0,0,0,0,0,0,0,0,0,0,0,0,0,0,0,0,0,0,0,0,0,0,0,0,0,0,0,0,0,0,0,0,0,0,0,0,0,0,0
3529,0,18041,H05,0,C844503,0,0,0,0,0.021701375,0,0,0,0,0,0,0,0,0,0,0,0,0,0,0,0,0,0,0,0,0,0,0,0,0,0,0,0,0,0,0,0,0,0,0,0,0,0,0,0,0,0,0
3529,1,18041,A06,0,C844503,0,0,0,0,0,0,0,0,0,0,0,0,0,0,0,0,0,0,0,0,0,0,0,0,0,0,0,0,0,0,0,0,0,0,0,0,0,0,0,0,0,0,0,0,0,0,0,0
3529,1,18041,B06,0,C844503,0,0,0,0,0,0,0,0,0,0,0,0,0,0,0,0,0,0,0,0,0,0,0,0,0,0,0,0,0,0,0,0,0,0,0,0,0,0,0,0,0,0,0,0,0,0,0,0
3529,1,18041,C06,0,C844503,0,0,0,0,0,0,0,0,0,0,0,0,0,0,0,0,0,0,0,0,0,0,0,0,0,0,0,0,0,0,0,0,0,0,0,0,0,0,0,0,0,0,0,0,0,0,0,0
3529,1,18041,D06,0,C844503,0,0,0,0,0,0,0,0,0,0,0,0,0,0,0,0,0,0,0,0,0,0,0,0,0,0,0,0,0,0,0,0,0,0,0,0,0,0,0,0,0,0,0,0,0,0,0,0
3529,1,18041,E06,0,C844503,0,0,0,0,0,0,0,0,0,0,0,0,0,0,0,0,0,0,0,0,0,0,0,0,0,0,0,0,0,0,0,0,0,0,0,0,0,0,0,0,0,0,0,0,0,0,0,0
3529,1,18041,F06,0,C844503,0,0,0,0,0,0,0,0,0,0,0,0,0,0,0,0,0,0,0,0,0,0,0,0,0,0,0,0,0,0,0,0,0,0,0,0,0,0,0,0,0,0,0,0,0,0,0,0
3529,1,18041,G06,0,C844503,0,0,0,0,0,0,0,0,0,0,0,0,0,0,0,0,0,0,0,0,0,0,0,0,0,0,0,0,0,0,0,0,0,0,0,0,0,0,0,0,0,0,0,0,0,0,0,0
3529,0,18041,H06,0,C844503,0,0,0,0,0,0,0,0,0,0,0,0,0,0,0,0,0,0,0,0,0,0,0,0,0,0,0,0,0,0,0,0,0,0,0,0,0,0,0,0,0,0,0,0,0,0,0,0
3529,1,18041,A07,0,C844503,0,0,0,0,0,0,0,0,0,0,0,0,0,0,0,0,0,0,0,0,0,0,0,0,0,0,0,0,0,0,0,0,0,0,0,0,0,0,0,0,0,0,0,0,0,0,0,0
3529,1,18041,B07,0,C844503,0,0,0,0,0,0,0,0,0,0,0,0,0,0,0,0,0,0,0,0,0,0,0,0,0,0,0,0,0,0,0,0,0,0,0,0,0,0,0,0,0,0,0,0,0,0,0,0
3529,1,18041,C07,0,C844503,0,0,0,0,0,0,0,0,0,0,0,0,0.021701375,0,0,0,0,0,0,0,0,0,0,0,0,0,0,0,0,0,0,0,0,0,0,0,0,0,0,0,0,0,0,0,0,0,0,0
3529,1,18041,D07,0,C844503,0,0,0,0,0,0,0,0,0,0,0,0,0,0,0,0,0,0,0,0,0,0,0,0,0,0,0,0,0,0,0,0,0,0,0,0,0,0,0,0,0,0,0,0,0,0,0,0
3529,1,18041,E07,0,C844503,0,0,0,0,0,0,0,0,0,0,0,0,0,0,0,0,0,0,0.021701375,0,0,0,0,0,0,0,0,0,0,0,0,0,0,0,0,0,0,0,0,0,0,0,0,0,0,0,0,0
3529,1,18041,F07,0,C844503,0,0,0,0,0,0,0,0,0,0,0,0,0,0,0,0,0,0,0,0,0,0,0,0,0,0,0,0,0,0,0,0,0,0,0,0,0,0,0,0,0,0,0,0,0,0,0,0
3529,1,18041,G07,0,C844503,0,0,0,0,0,0,0,0,0,0,0,0,0,0,0,0,0,0,0,0,0,0,0,0,0,0,0,0,0,0,0,0,0,0,0,0,0,0,0,0,0,0,0,0,0,0,0,0
3529,0,18041,H07,1,C844503,NA,NA,NA,NA,NA,NA,NA,NA,NA,NA,NA,NA,NA,NA,NA,NA,NA,NA,NA,NA,NA,NA,NA,NA,NA,NA,NA,NA,NA,NA,NA,NA,NA,NA,NA,NA,NA,NA,NA,NA,NA,NA,NA,NA,NA,NA,NA,NA
3529,1,18041,A08,1,C844503,NA,NA,NA,NA,NA,NA,NA,NA,NA,NA,NA,NA,NA,NA,NA,NA,NA,NA,NA,NA,NA,NA,NA,NA,NA,NA,NA,NA,NA,NA,NA,NA,NA,NA,NA,NA,NA,NA,NA,NA,NA,NA,NA,NA,NA,NA,NA,NA
3529,1,18041,B08,0,C844503,0,0,0,0,0,0,0,0,0,0,0,0,0,0,0,0,0,0,0,0,0,0,0,0,0,0,0,0,0,0,0,0,0,0,0,0,0,0,0,0,0,0,0,0,0,0,0,0
3529,1,18041,C08,0,C844503,0,0,0,0,0,0,0,0,0,0,0,0,0,0,0,0,0,0,0,0,0,0,0,0,0,0,0,0,0,0,0,0,0,0,0,0,0,0,0,0,0,0,0,0,0,0,0,0
3529,1,18041,D08,0,C844503,0,0,0,0,0,0,0,0,0,0,0,0,0,0,0,0,0,0,0.021701375,0,0,0,0,0,0.021701375,0,0,0,0,0,0,0,0,0,0,0,0,0,0,0,0,0,0,0,0,0.04340275,0,0
3529,1,18041,E08,0,C844503,0,0,0,0,0,0,0,0,0,0,0,0,0,0,0,0,0,0,0,0,0,0,0,0.021701375,0,0,0,0,0,0,0,0,0,0,0,0,0,0,0,0,0,0,0,0,0,0,0,0
3529,1,18041,F08,0,C844503,0,0,0,0,0,0,0,0,0,0,0,0,0,0,0,0,0,0,0,0,0,0,0,0,0,0,0,0,0,0,0,0,0,0,0,0,0,0,0,0,0,0,0,0,0,0,0,0
3529,1,18041,G08,0,C844503,0,0,0,0,0,0,0,0,0,0,0,0,0,0,0,0,0,0,0,0,0,0,0,0,0,0,0,0,0,0,0,0,0,0,0,0,0,0,0,0,0,0,0,0,0,0,0,0
3529,0,18041,H08,0,C844503,0,0,0,0,0,0,0,0,0,0,0,0,0,0,0,0,0,0,0,0,0,0,0,0,0,0,0,0,0,0,0,0,0,0,0,0,0,0,0,0,0,0,0,0,0,0,0,0
3529,1,18041,A09,0,C844503,0,0,0,0,0,0,0,0,0,0,0,0,0,0,0,0,0,0,0,0,0,0,0,0,0,0,0,0,0,0,0,0,0,0,0,0,0,0,0,0,0,0,0,0,0,0,0,0
3529,1,18041,B09,0,C844503,0,0,0.021701375,0,0,0.0434028125,0,0,0,0,0,0,0,0,0,0,0,0,0,0,0,0,0,0,0,0,0,0,0,0,0,0,0,0,0,0,0,0,0,0,0,0,0,0,0,0,0,0
3529,1,18041,C09,0,C844503,0,0,0,0,0,0,0,0,0,0,0,0,0,0,0,0,0,0,0,0,0,0,0,0,0,0,0,0,0,0,0,0,0,0,0,0,0,0,0,0,0,0,0,0,0,0,0,0
3529,1,18041,D09,0,C844503,0,0,0,0,0.021701375,0,0.021701375,0.49913125,1.1284709375,0,0,0,0,0,0,0,0,0,0,0.629340625,5.7508679375,0,0,0,0,0,0,0,0,0,3.45052125,0,0,0,0,0,0,0,0,0,0,0,0,0,0,0,0,0
3529,1,18041,E09,0,C844503,0,0,0.130208125,0.6076378125,0,0,0,0,0,0,1.736111875,0,0,0,0,0,0.7378473125,0,0,0,0,0,0,0,0.21701375,3.25521,0,0,0,0,0,0,3.6458348125,0.34722325,0,0,0,0,0,0,0,0,0,0,0,0,0,0
3529,1,18041,F09,0,C844503,0,0.021701375,0,0,0,0.151909625,0,0,0,0.021701375,0,0,0.6727445,0,0,0,0.7161471875,0.0434028125,0,0,0,0.7378471875,0,0.8029525,1.974827,0,0,1.323783125,0.0434028125,0,0,0,0,0,0,0,0,0,0,0,0,0,0,0,0,0,0,0
3529,1,18041,G09,0,C844503,0,0.17361125,0,0,0,0,0,0,0,0,0,0,0.1302084375,0,0,0.0651040625,0,0,0,3.016490625,1.17187625,0,0,0,0,0,0,0,2.6909705625,0.021701375,0,0,5.967879375,0.390625,1.9965278125,2.430553125,0.564236875,0,0,0,0,0,0,0,0,0,0,0
3529,0,18041,H09,0,C844503,0,0,2.7994816875,0,0,0,4.9913190625,0.086805625,0,0,0.998264375,0,0,0,0,0.737846875,3.559026375,0,0,0,0.021701375,7.11805625,0,0,0,8.854168125,0,0,0,0.021701375,6.0763885625,17.7083166875,45.768221875,7.6822945,0.542535625,0.1519096875,0,0,0,0,0,0,0,0,0,0,0,0
3529,1,18041,A10,0,C844503,1.996526375,0,0,0,11.67534825,0,0,0,0,0,8.3550371875,0,0,0,0,0,0,0,9.76561875,0,0,0,0,0,3.841147,8.0512079375,0,0,0,0,0,0,0,4.709193125,0,0,0,0,0,0,0,0,0,0,0,0,0,0
3529,1,18041,B10,0,C844503,0,4.83940625,0.36892375,0,0,0,0,0,0,0,0,0,0,0,0,0,0,5.164928125,0.694444375,0,0,0,0,0,7.2699559375,0.108506875,0,0,0,0,0,0,0,0,0,0,0,0,0,0,0.021701375,0,0,0,0,0,0,0
3529,1,18041,C10,0,C844503,0,0,0,0,0,0,0,0,0,7.7473916875,0,0,14.518225,1.8663190625,0,0,0,0,0,0,4.014763875,3.86284625,0,13.476580625,1.974828125,0.9548625,15.1258734375,0,0,0,0,0,0.021701375,0,0,0,0,0,0,0,0,0,0,0,0,0,0,0
3529,1,18041,D10,0,C844503,0,9.591990625,3.42882125,0,0,0,11.04602325,2.47396,0,0,0,0,0,0,0,7.486966375,0,6.944445,10.959185,0,0.021701375,0,0,0,0,0,0,0,0,0,0,0,0,0,0,0,0,0,0,0,0,0,0,0,0,0,0,0
3529,1,18041,E10,0,C844503,0.0434028125,0,0,0,0,0,0,16.232625,0,0,4.796005875,0.5425359375,0,0,0,14.952238875,1.106770625,0,7.6171875,1.0416665625,0,0,0,0,0,0,0,7.68229875,0,14.496539375,0,0,0,0,0,0,0,0,0,0,0,0,0,0,0,0,0,0
3529,1,18041,F10,0,C844503,0,8.2031184375,0,0,0,0,0,0,0,0,0,0,0,0,0,0,14.214405,0.021701375,0,4.6006875,12.2178948125,0,10.329863875,0,0,5.013021875,0.9548603125,0,0,0,0,20.4861084375,9.98263375,14.19271775,0.021701375,10.0477434375,0,0,0,0,0,0,0,0,0,0,0,0
3529,1,18041,G10,0,C844503,0,0,0,0,0,3.81944375,0.6076398125,0,15.755190625,0.88975625,0,0,0,0,8.767349625,0,14.3229079375,0,0,0,0,0,0,17.1441028125,0,0,16.948778125,0,0,0,0,6.8793278125,29.0581759375,54.51389375,31.6189278125,10.6553821875,0,0,0,0,0,0,0,0,0,0,0,0
3529,0,18041,H10,0,C844503,0,0,0,0,0,0,0,0,0,0,0,0,0,0,0,0,0,0,0,0,0,0,0,0,0,0,0,0,0,0,0,0,0,0,0,0,0,0,0,0,0,0,0,0,0,0,0,0
3529,1,18041,A11,0,C844503,0.9548625,8.2899391875,0,0,0,3.016495625,0,0,0,0,0,0,0,0,0,0,0,0,3.75433875,0.0434028125,2.7777773125,0,0,0,0,3.710940125,0,9.2013959375,0,0,0.78125,1.60590325,9.6137215625,0,0,0,0,0,0,0,0,0,0,0,0,0,0,0
3529,1,18041,B11,0,C844503,0,0,0,11.9140625,1.8012171875,0,0,15.6467059375,0,0,0,0,0,0,0,0,0,0,4.6006928125,0.1953123125,0,15.6033103125,0,0,0,0,0,0,0,0,0,0,0,0,0,0,0,0,0,0,0,0,0,0,0,0,0,0
3529,1,18041,C11,0,C844503,0.434028125,4.42708125,1.9314248125,0,0,7.5954879375,3.3854271875,6.0763891875,0,0,4.4270815625,0.2604165625,15.0607654375,1.86631875,3.125002125,5.143228125,0.36892375,4.7092053125,0,0,0,9.3533004375,0.8029516875,0,3.125,4.6657960625,0,8.55034375,6.987848125,4.2317729375,0.564237625,0,0,0,0,0,0,0,0,0,0,0,0,0,0,0,0,0
3529,1,18041,D11,0,C844503,11.1762296875,0,5.924478125,0.824653125,0,0,0,0,10.1779509375,1.6927103125,0,7.725682625,0.7595496875,0,0,11.34983125,1.8663185625,0.021701375,6.0329865625,0,0,0,0,0,0,0,0,0,0,8.593748125,0.21701375,0,0,11.80557,0.086805625,0,0,0,0,0,0,0,0,0,0,0,0,0
3529,1,18041,E11,0,C844503,0,0,0,0,0,0,0,0,0,0,0,0,0.78125,4.03645775,4.8177096875,0.0651041875,0,0,0,0,0,0,0,0,0,0,8.528640625,1.73611,0.021701375,0,0,0,0,0,0,0,0,0,0,0,0,0,0,0,0,0,0,0
3529,1,18041,F11,0,C844503,0,0,0,0.021701375,0,0,0,0,0,0,0,0,13.73696875,2.0399303125,0,0,0.021701375,0,0,0,0,0,0,0,0,11.697061875,0,0,0,0,0,0,0,0,0,0,0,0,0,0,0,0,0,0,0,0,0,0
3529,1,18041,G11,0,C844503,0,0,7.400166375,0,0,0,0,0,0,6.9878518125,0,0,0,0,0,0,0,0,4.882815625,0,0,0,0,0,0,0,0,9.0060653125,0,0,0,0,8.2465173125,0,0,0,0,0,0,0,0,0,0,0,0,0,0,0
3529,0,18041,H11,0,C844503,0,0,0,9.9609534375,0,0,0,0,0,0,0,18.90194,0,0,0,0,0,0,0,0,0,0,0,0,15.9071221875,0,0,0,0,0,18.2725625,0,0,21.63626875,0.0434028125,0,0,0,0,0,0,0,0,0,0,0,0,0
3529,1,18041,A12,0,C844503,0,0,0,0,0,0,0,0.8246534375,0,0,0,0,0.80295125,0.021701375,0,0,0.4123265,0,0,0,0,0,0,0,0.7812504375,0,0,0,0,0.911459375,0.0434028125,0.6293403125,0,0,0,0,0,0,0,0,0,0,0,0,0,0,0,0
3529,1,18041,B12,0,C844503,0,6.0763875,2.7126740625,0,0,0,0,0,0,0,9.765628125,0,0,8.2465340625,0.021701375,0,0,0,0,9.309883125,0,0,0,0,4.101561875,0,0,0,7.0095473125,0,0,0,3.4722215625,0,0,0,0,0,0,0,0,0,0,0,0,0,0,0
3529,1,18041,C12,0,C844503,0,0,0,0,0,13.3029615625,0,0,0,0,13.6284721875,0,0,0,0,12.19616875,0,0,4.2534736875,0,0,4.296875,0.217013875,7.1831459375,6.184893125,0,0,0,0,0,0,0,0,0,3.559024375,0.303819375,0,0,0,0,0,0,0,0,0,0,0,0
3529,1,18041,D12,0,C844503,0,0,0,0,0,0,16.644963875,0,0,0,0,0,0,6.532118125,0,0,0,0,0,0,0,14.4965195,0,0,0,0,0,0,0,0,0,0,0,0,0,0,0,32.638903125,2.408855625,0,0,0,0,0,0,0,0,0
3529,1,18041,E12,1,C844503,NA,NA,NA,NA,NA,NA,NA,NA,NA,NA,NA,NA,NA,NA,NA,NA,NA,NA,NA,NA,NA,NA,NA,NA,NA,NA,NA,NA,NA,NA,NA,NA,NA,NA,NA,NA,NA,NA,NA,NA,NA,NA,NA,NA,NA,NA,NA,NA
3529,1,18041,F12,0,C844503,0,0,0,10.3949584375,0.5859375,7.2916675,0.998265,0,0,0,0,0,0,10.026037125,0,0,11.566865625,0.32552075,0,0,5.98958375,0.6510416875,0,0,0,0,0,7.0529509375,4.492173875,0,0,0,0,0,0,0,0,7.530380125,0.0651040625,0,0,0,0,0,0,0,0,0
3529,1,18041,G12,0,C844503,0,0,0,7.964418125,0,0,0,0,0,0,0,0,11.6970460625,0,0,0,0,0,0,10.4817898125,0.021701375,0,0,0,0,12.3915041875,0,0,0,0,0,0,0,0,0,0,0,0,0,0,0,0,0,0,0,0,0,0
3529,0,18041,H12,0,C844503,9.91753125,9.483507625,0,0,0,0,0,0,0,4.340278125,19.2708228125,1.9748271875,0,0,0,0,0,0,18.68489625,0,0,0,0,16.124122625,0,0,0,0,0,7.595478125,10.7856009375,0,18.09896125,0.0434028125,17.4912875,0,0,0,0,0,0,0,0,0,0,0,0,0
3529,1,18044,A01,0,C844503,0,0,0,0,12.456591375,0,0,0,0,0,0,0,0,0,0,12.7604215625,0,0,0,0,0,0,0,0,0,13.4114825,0,0,0,0,0.021701375,0,0,12.0225628125,1.128473125,0,0,0,0,0,0,0,0,0,0,0,0,0
3529,1,18044,B01,0,C844503,0,0,11.089403125,2.235242,0,0,0,0,13.042521875,0,0,0,0,12.1093853125,2.473959375,5.0347210625,0,0,0,9.700504375,0,0,0,2.1267375,2.1050350625,0,0,0,10.525184375,2.408851375,0,0,0,2.64756875,2.6692721875,0,14.344612625,0.108507,0,0,0,0,0,0,0,0,0,0
3529,1,18044,C01,0,C844503,0,4.2100721875,0,0,0,0,0,0,4.64409625,0,0,4.817705625,0,4.2100671875,12.304709375,1.888018875,0,0,0,0,0,14.4314028125,2.7126746875,0,0,0,0,0,0,0,13.7586765625,0,0,0,0,0,0,0,0,0,0,0,0,0,0,0,0,0
3529,1,18044,D01,0,C844503,0,0,0,0,3.3637173125,0,0,0,5.6857653125,0,0,1.497395,0,0,0,0,0,0,2.5824659375,0.911459375,0,0,5.685764375,0,0,0,0,0,2.2135423125,0,0,0,2.2786465625,1.1067729375,0,0,0,0,0,0,0,0,0,0,0,0,0,0
3529,1,18044,E01,0,C844503,13.9322891875,0,0,0,0,0,14.9739653125,0,0,0,0,0,0,0,14.8654440625,0,0,0,15.2126625,0,0,0,0,0,0,4.210069375,10.915790625,0,0,7.3784748125,0,0,0,0,0,0,0,0,0,0,0,0,0,0,0,0,0,0
3529,1,18044,F01,1,C844503,NA,NA,NA,NA,NA,NA,NA,NA,NA,NA,NA,NA,NA,NA,NA,NA,NA,NA,NA,NA,NA,NA,NA,NA,NA,NA,NA,NA,NA,NA,NA,NA,NA,NA,NA,NA,NA,NA,NA,NA,NA,NA,NA,NA,NA,NA,NA,NA
3529,1,18044,G01,0,C844503,0,14.8003421875,0,0,0,0,0,0,6.792534375,3.73263875,0,5.794255875,1.06336875,0,0,0,7.2482610625,0,0,13.3463691875,0,0,0,0,0,0,0,7.6389,11.480028125,0,0,0,0,0,0,0,15.082478125,0,0,0,0,0,0,0,0,0,0,0
3529,0,18044,H01,0,C844503,0,0,9.5920260625,0,0,3.2769115625,0,9.6788209375,0,0,0,10.069473875,0,0,0,8.637170625,0.95486075,0,0,0,12.326396875,0.0434028125,0,0,9.74392,0,0,10.5251784375,0,0,0,0,9.07119,2.0833329375,0,0,0,0,0,0,0,0,0,0,0,0,0,0
3529,1,18044,A02,0,C844503,0,0,0,12.9123380625,0,0,13.975693125,0.0651041875,0,0,0,0,0,0,0.0434028125,2.4305541875,0,0,0,10.56857325,0.8897573125,0,0,0,0,0,0,15.53821875,0,0,0,0,0,0,0,0,0,0,0,0,0,0,0,0,0,0,0,0
3529,1,18044,B02,0,C844503,0,0,0,2.3003478125,0.868054375,0,6.250001375,0,4.6657990625,0,0,4.70919775,0.086805625,0,0,0,0,3.906246875,0.542534625,0,0,3.5807304375,0.021701375,0,0,0,3.1467,1.9748279375,0,0,2.2569459375,0.2821179375,4.796003125,0.802952875,0,0,0,0,0,0,0,0,0,0,0,0,0,0
3529,1,18044,C02,0,C844503,13.41146875,1.6276021875,0,0,0,5.1649341875,0,4.68750125,0.021701375,0,0,0,4.6223973125,0,0,0,4.88279825,0.390624625,0,3.77605,0.9982641875,0,0,5.273428125,24.652749625,0,0,0,0,0,37.5216671875,14.4097473125,0.52083325,18.2074635625,0,0,0,0,0,0,0.021701375,0,0,0,0,0,0,0
3529,1,18044,D02,0,C844503,0,0,0,0,0,0,5.512152125,0,2.712675,19.2057253125,0,0,0,0,0,0,0,0,0,16.0373125,1.62760575,22.5911496875,0,0,0,0,0,0,0,6.1848945,0,0,0,0,0,0,0,0,0,0,0,0,0,0,0,0,0,0
3529,1,18044,E02,0,C844503,4.6658003125,0.021701375,3.949654875,0,0,0.412325,5.598957,0,0,0,0.021701375,0,3.79774625,3.6024315625,5.1432298125,1.6276025,0,0,0,0,0,0,0,0,0,0,0,5.056421875,2.1484366875,0,0,1.215278125,4.275174625,4.405378125,0.28211825,0,3.8628454375,0.0651040625,0,0,0,0,0,0,0,0,0,0
3529,1,18044,F02,0,C844503,0,0,15.55989375,0.021701375,0,0,16.601571875,1.6059040625,0,0,0,0,5.5338415625,0,0,0,21.0069496875,1.60590275,0,0,0,0,0,18.120670625,0.3689234375,0,0,0,0.021701375,0,7.24828125,7.226555625,0,0,0,0,0,0,0,0,0,0,0,0,0,0,0,0
3529,1,18044,G02,1,C844503,NA,NA,NA,NA,NA,NA,NA,NA,NA,NA,NA,NA,NA,NA,NA,NA,NA,NA,NA,NA,NA,NA,NA,NA,NA,NA,NA,NA,NA,NA,NA,NA,NA,NA,NA,NA,NA,NA,NA,NA,NA,NA,NA,NA,NA,NA,NA,NA
3529,0,18044,H02,0,C844503,0,0,0,18.03384,0,0,0,0,16.319430625,0.021701375,0,0,20.160596875,0.0651040625,0,0,0,7.2265615625,0,0,0,13.715265625,0,0,0,0,17.165780625,0.520834375,0,0,0,15.01737325,0.49913125,0,0,0,0,0,0,0,0,0,0,0,0,0,0,0
3529,1,18044,A03,0,C844503,0,1.8446179375,0.0651040625,2.994792,0.0651041875,0,0.4991318125,0,0,0.477432,0,0,0.390626375,0,0,1.9531245,0,0,2.4088521875,0,0,0,0,0,0,2.6475709375,0,0.1953125,0,0,0,0,1.475693375,0,1.5407965625,0,0,0,0,0,0,0,0,0,0,0,0.93315825,0
3529,1,18044,B03,0,C844503,4.1015625,8.007799375,0,0,0.021701375,0,0,0,13.7152765625,0,0,0,0,0,0,0,0,5.9244790625,0,0,0,12.9123315625,0,0,0,0,12.86891875,0.021701375,0,0,0,0,0,0,11.7838566875,0,0,0,0,0,0,0,0,0,0,0,0,0
3529,1,18044,C03,0,C844503,4.25346875,5.7725659375,19.8350678125,0,0,0,0,0,0,0,0,0,0,0,0,22.9383715625,0,0,0,20.13889375,1.106770625,0,0,14.2795329375,0,0,0,14.561634375,4.665801375,0,0,0,0,0,0,0,0,0,0,0,0,0,0,0,0,0,0,0
3529,1,18044,D03,0,C844503,0,0,0,0,15.516473875,13.3463684375,0,18.858509375,0,5.295125,30.750855,0,0,0,12.6519184375,16.883719375,0.4340278125,0,0,0,6.6840278125,0,14.97399125,0,10.61197575,0,16.71007875,0,0,7.3567721875,0,0,0,4.6875,4.3185759375,6.640628125,8.2031096875,0,0,0,0,0,0,0,0,0,0,0
3529,1,18044,E03,0,C844503,0,9.0494754375,0,0,0,0,0,10.112834375,0.0868055625,0,0,0,0,0,0,0,0,0,1.28038125,5.729165125,7.6171915625,0,0,0,0,5.859375,1.60590325,0,0,0,4.8828140625,0.1953125625,8.376746875,1.7578123125,0,0,0,0,0,0,0,0,0,0,0,0,0,0
3529,1,18044,F03,0,C844503,0,0,0,0,0,0,0,11.50175,1.3237854375,0,0,5.2517385625,14.930570125,0,0,0,0,0,0,0,0,3.4722224375,0,10.308181875,1.801215,0,0,14.4531195,0,0,0,0,0,0,0,0,0,0,0,5.94618125,0.0434028125,0,0,0,0,0,0,0
3529,1,18044,G03,0,C844503,0.325521875,0,0,0,15.0824809375,0,0,0,0,0,0,3.90625025,0,13.845484375,0,0,0,15.842028125,0.0434028125,0,0,0,0,13.715286875,0,0,0,0,15.256083125,0,0,0,0,0,0,16.7317684375,0.065104125,0,0,0,0,0,0,0,0,0,0,0
3529,0,18044,H03,1,C844503,NA,NA,NA,NA,NA,NA,NA,NA,NA,NA,NA,NA,NA,NA,NA,NA,NA,NA,NA,NA,NA,NA,NA,NA,NA,NA,NA,NA,NA,NA,NA,NA,NA,NA,NA,NA,NA,NA,NA,NA,NA,NA,NA,NA,NA,NA,NA,NA
3529,1,18044,A04,0,C844503,0.6510416875,0,0,0,0,0,0,0,0,0,0,6.2283,0.2821179375,0,0,0,2.8211803125,0,0,2.8645823125,0.8246523125,0,0,0,0,2.213540625,5.3819454375,0,3.05989775,0,0,0,0,0,0,0,0,0,0,0,0,0,0,0,0,0,0,0
3529,1,18044,B04,0,C844503,0,0,0,4.3185755625,0,0,2.32205,2.9513896875,0,0,0,0,7.1180565625,1.171875,0,0,0,0,0,0,0,0,9.8958436875,0.086805625,0,0,0,0,0.021701375,0,0,0,0,9.0277660625,0,0,0,0,0,0,0,0,0,0,0,0,0,0
3529,1,18044,C04,0,C844503,0,12.6736071875,0,0,13.519983125,0,0,0,0,14.301206875,0,0,4.5789934375,0.8897565625,0,8.138021875,3.94965,0,0,13.8020803125,0,0.2604165625,12.413176875,0,0,0,3.971365625,10.19966875,0,0,12.044253125,1.3237845,0,0,0,0,0,0,0,0,0,0,0,0,0,0,0,0
3529,1,18044,D04,0,C844503,0,0,12.6736149375,0,0,5.7942678125,14.1710103125,0,0,7.4001784375,6.618911875,0.8029503125,0,0,10.65539075,0,0.021701375,0,0,12.2829978125,0,21.1371491875,0.5859374375,8.68054375,1.5407990625,0,0,12.890635,11.52345,1.5625,0,0,0,0,0,0,0,0,0,0,0,0,0,0,0,0,0,0
3529,1,18044,E04,0,C844503,0,0,0,0,10.4600625,3.949655625,0,7.747396875,0,0,0,15.73349825,0,0,10.4817836875,0,0,0,15.2126775,0.9331585625,0,7.72570825,0,0,0,15.45138875,0.2387153125,17.165803125,0,0,16.189241875,1.345486875,0,0,0,0,0,0,0,0,0,0,0,0,0,0,0,0
3529,1,18044,F04,0,C844503,0,0,0,0,11.6102516875,0,0,0,0,0,17.1006635625,0.021701375,0,0,0,0,4.926215625,38.95400125,0.21701375,0,0,0,0,0,0,18.663167625,0,0,0,0,0,0,0,0,9.0277779375,0,0,0,0,0,0,0,0,0,0,0,0,0
3529,1,18044,G04,0,C844503,0,0,6.662334375,8.05121625,0,0,0,0,0,0,0,0,16.3628473125,0,0,0,20.37758125,0.8463541875,0,0,0,0,0,0,9.635402625,0,0,5.946184375,14.062516875,1.9748263125,0.2387151875,0,0,0,0,0,0,0,0,0,0,0,0,0,0,0,0,0
3529,0,18044,H04,0,C844503,11.9140695,0,0,2.1701375,11.024306375,0,0,0,0,0,0,8.832474375,0,0,0,0,10.3949640625,0.0868054375,0,0,0,0,4.795996875,4.57899375,0,0,0,7.2699675,0.021701375,0,0,0,0,0,0,0,0,0,0,0,0,0,0,0,0.021701375,0,0,0
3529,1,18044,A05,0,C844503,0,0,0,0,6.770833875,0,0,9.83072125,0.2170140625,0,0,0,0,0,0,0,0,0,0,0,0,0,7.4652796875,0.021701375,0,0,0,10.351558125,0,0,0,0,0,10.894080125,0,0,0,0,0,0,0,0,0,0,0,0,0,0
3529,1,18044,B05,0,C844503,4.340276875,0.0651040625,0,14.3229103125,0,0,0,0,0,12.456578125,0,0,0,10.30816875,0.954862,5.512154375,0,0,9.982640625,3.75434375,0,12.0008584375,0,0,8.7890678125,0,10.0694479375,4.1232709375,17.0789875,0.7812501875,0,0,0,0,8.13802,0.8246534375,0,0,0,0,0,0,0,0,0,0,0,0
3529,1,18044,C05,0,C844503,0,13.476553125,7.3350690625,0,0,0,0,0,0,0,16.05904375,1.9531240625,0,0,0,0,0,0,0,0,7.4218816875,0,0,0,0,19.5095446875,0,0,0,0,0,0,0,0,0,0,0,6.94444375,0.9982634375,0,0,0,0,0,0,0,0,0
3529,1,18044,D05,0,C844503,0,0,0,0,0,7.595484375,0,0,0,7.4652774375,11.9357778125,0.04340275,0,0,0,0,7.6605928125,0.6293396875,0,0,0,0,0,5.2951393125,10.763917,1.9097221875,8.13801875,0,0,0,0,0,0,0,0,0,0,0,0,13.9974009375,0,0,0,0,0,0,0,0
3529,1,18044,E05,0,C844503,0,0,0,0,6.64063125,0.6293403125,0,0,0,0,0,0,0,0,0,0,0,0,2.4522565625,7.3784715625,0,0,0,0,4.036458875,0,0,0,0,0,0,0,0,0,5.31684075,0,0,0,0,0,0,0,0,0,0,0,0,0
3529,1,18044,F05,0,C844503,0,4.4487866875,0,14.25780125,0,0,6.0980905625,0,0,0,0,0,0,0,0,2.7560771875,3.190102,0,12.4566066875,0,16.27605,5.0347246875,13.888877,0,0,0,0,0,0,5.707478125,16.2543185,0,0,0,0,8.8107375,2.0616304375,0,0,0,0,0,0,0,0,0,0,0
3529,1,18044,G05,0,C844503,0,0,0,0,14.73525825,1.6276028125,0,0,12.82551875,19.31424825,0.1736111875,0,0,0,0,0,8.0729028125,5.59896075,0,0,0,0,17.01390125,0.0651041875,0.021701375,0,0,17.144100625,0,0.6076375,10.069443125,10.5685746875,42.708295625,54.75266875,39.084208125,1.844618125,0,0,0,0,0,0,0,0,0,0,0,0
3529,0,18044,H05,0,C844503,0,5.68575,1.5842045,6.27170125,3.797741625,2.821180625,0.3472225,5.533856875,0.17361125,0,0,0,0,0,0,0,8.767359375,0.4991334375,11.197917,0.108507,3.2118045,0,0,6.684025,0,0,0,0,0,0,0,7.4001778125,7.486982625,6.250000375,6.4670129375,5.29514025,4.600692625,1.12847325,0,0,0,0,0,0,0,0,0,0
3529,1,18044,A06,0,C844503,0,0,0,0,13.910570625,0,5.16493475,0,0,0,0,0,0,0,0,0,13.498256875,0,9.07115625,5.8159790625,0,0,0,0,0,11.349840625,2.1701385625,0,0,0,0,0,0,0,0,0,0,0,0,0,0,0,0,0,0,0,0,0
3529,1,18044,B06,0,C844503,0,15.62500825,0,0,0,0,10.9809259375,0,0,0,15.6249798125,0.021701375,0,0,7.508678875,0,16.037326875,0,0,0,0,9.48350825,0,4.861096875,15.4947965625,0,0,4.123263875,12.7604090625,0,0,7.6823090625,12.326388125,20.0520695,9.61371875,2.2352434375,0,0,0,0,0,0,0,0,0,0,0,0
3529,1,18044,C06,0,C844503,0,0,0,0,7.725705625,1.67100625,0,0,0,0,12.04428125,1.5624984375,0,0,0,0,12.4349053125,0.0434028125,0,5.3168435625,0,0,10.1345575,0,0,0,7.5520803125,0.108506875,0,0,0,8.8107545,0.672744375,5.66406225,0,0,0,0,0,0,0,0,0,0,0,0,0,0
3529,1,18044,D06,0,C844503,0,0,0,0,0,0,0,2.7994784375,8.9192571875,0.0651040625,0,0,0,6.3151059375,0,0,0,0,0,0,0,0,0,0,8.85416075,0.3472221875,0,0,0,0.021701375,6.5972234375,0,5.5338549375,4.2751749375,2.73437375,0,0.021701375,0,0,0,0,0,0,0,0,0,0,0
3529,1,18044,E06,0,C844503,9.266492,0,6.098090625,0.1953125,0,5.70745,0,0,0,4.557290625,3.21180275,5.20833125,1.497396375,0,3.298610625,0.3906248125,4.07985825,0.3689235625,8.376735,0.1519098125,4.5138915625,0,2.06163225,0,9.396687625,0,2.53906075,0,0,0,9.960935,0,0,0,0,0,0.021701375,0,0,0,0,0,0,0,0,0,0,0
3529,1,18044,F06,0,C844503,0,10.91578125,2.69097325,0,0,0,0,0,0,0,0,0,0,0,0,0.021701375,0,0,24.262162625,0,0,0,0,3.9062490625,0,0,0,0,0,11.5885509375,0,0,0,0,0,0,0,0.021701375,0,0,0,0,0,0,0,0,0,0
3529,1,18044,G06,0,C844503,0,1.54079825,14.10589375,0,0,0.021701375,0,0,10.850684375,2.2786471875,0.021701375,0,0,0,0,0,15.75522625,0,0,0,0,12.1527875,5.533855625,0,0,0,0,18.706596875,0.021701375,0,0,11.1979028125,79.318590625,45.117183125,11.95745625,0,0,0,0,0,0,0,0,0,0,0,0,0
3529,0,18044,H06,0,C844503,0,0,0,0,0,0,0.2387153125,17.73003125,0,0,0,20.20400725,0.021701375,0,0,13.3680448125,16.64496875,4.969618125,0,0,0,0,0,0,0,10.5902875,0,9.4401,12.434904375,9.59200625,0.8897571875,0,26.236978875,37.3697834375,22.2873323125,0.065104125,0.021701375,0,0,0,0,0,0,0,0,0,0,0
3529,1,18044,A07,0,C844503,0,0,0,6.57552125,0,0,0,0,0,0,0,0,0,8.1380275,0.04340275,0,0,0,0,0,0,0,0,0,0,0,0,0,0,0,0,0,0,0,0,0,0,0,0,0,0,0,0,0,0,0,0,0
3529,1,18044,B07,0,C844503,0,0,0,0,0,0,0,0,0,0.716146875,1.32378575,0,9.266504375,0,0,0,3.42881875,0,0,0,0,0.021701375,0,8.91925875,0,0,0,0,0,0,0,0,8.4852346875,0,0,0,0,0,0,0,0,0,0,0,0,0,0,0
3529,1,18044,C07,0,C844503,0.04340275,0,0.0868054375,0,0.195312625,0,0,0,0,0,0.60763875,0,0.021701375,0.1953124375,0,0,0,0,0,0,0.47743025,0,0,0.325520625,0,0,0,0,0.0651041875,0,0.086805625,0,0,0,0,0,0,0,0,0.2387153125,0,0,0,0,0,0,0,0
3529,1,18044,D07,0,C844503,0,0,0,0,12.890625,0.62933875,0,0,0,0,4.3836805625,0.021701375,5.36024375,3.0381948125,0,0,0,0,0,4.16667,5.1866310625,0,0.368925,10.11285275,0.1302084375,4.275178875,0,0,0,10.243051875,1.8446171875,0,0,9.1796846875,0,0,0,0,0,0,14.149288125,0,0,0,0,0,0,0
3529,1,18044,E07,0,C844503,0,0,0,19.6180516875,0,0,0,17.578109375,0,0,0,7.617190625,0,18.164065625,0.5859384375,0,0,0,0,0,17.44793,0,0,5.57725,14.301225,0,0,0,0,9.0711853125,14.8871709375,1.974828125,19.748290625,18.576390625,0,0,0,0,0,0,0,0,0,0,0,0,0,0.021701375
3529,1,18044,F07,0,C844503,0,12.283003875,0,0,0,2.3654509375,8.3333434375,4.079861875,0,8.59374375,5.881070125,0,0,0,5.425334375,8.8107775,0,12.7170184375,1.4539940625,0.021701375,0,5.924478125,2.0399328125,11.631959375,2.213543125,0,3.4939240625,2.7994795,0,15.9505148125,0.021701375,0.021701375,0,0,27.88628125,14.8437728125,0,0,0,0,0.021701375,0,0,0,0,0,0,0
3529,1,18044,G07,1,C844503,NA,NA,NA,NA,NA,NA,NA,NA,NA,NA,NA,NA,NA,NA,NA,NA,NA,NA,NA,NA,NA,NA,NA,NA,NA,NA,NA,NA,NA,NA,NA,NA,NA,NA,NA,NA,NA,NA,NA,NA,NA,NA,NA,NA,NA,NA,NA,NA
3529,0,18044,H07,0,C844503,0,0,0,0,1.7795165625,0,0,10.698776375,0,0,0,0,0,0,4.144965875,0,9.8958096875,0,0,0,0,0,2.712674375,0.17361125,0,11.176225625,0,0.021701375,0,0,0,0,0,0,10.8506925,0.021701375,0,0,0,0,0,0.021701375,0,0,0,0,0,0
3529,1,18044,A08,0,C844503,0,0,0,0,0,0,4.6223934375,0,0,0,0,11.6536625,2.34375,0.021701375,0,0,0,0,0,0,0,0,0,0,0,0,15.16925875,0,0,0,0,0,0,0,0,0,0,0,0,0,0,0,0,0,0,0,0,0
3529,1,18044,B08,0,C844503,0,0,0,0,0,14.30122075,0,0,0,0,0,10.39496875,2.4305560625,0,0,0,0,0,0,5.57725575,0,0,0,15.0607553125,0.021701375,0,1.3454875,5.078124625,0,0,15.9288375,0,4.340280125,0.13020825,0,0,0,0,0,0,0,0,0,0,0,0,0,0
3529,1,18044,C08,0,C844503,12.0876846875,0,0,10.0694490625,0.4774295,0,0,0,11.4800415625,0,0,10.43835825,0,0,0,0,12.044271875,0,0,0,10.4817609375,0,0,10.112865625,2.4739584375,0,0,10.264755625,0,0,0,12.109366875,0,0,0,0,0,0,0,0,0,0,0,0,0,0,0,0
3529,1,18044,D08,1,C844503,NA,NA,NA,NA,NA,NA,NA,NA,NA,NA,NA,NA,NA,NA,NA,NA,NA,NA,NA,NA,NA,NA,NA,NA,NA,NA,NA,NA,NA,NA,NA,NA,NA,NA,NA,NA,NA,NA,NA,NA,NA,NA,NA,NA,NA,NA,NA,NA
3529,1,18044,E08,0,C844503,9.374986875,0,0,0.021701375,0,0,0,8.26821875,1.432292625,11.957463875,0,10.959196875,0.021701375,0,6.92274325,0,0,0,0,0,0,1.497396875,6.53211875,8.1163104375,0.04340275,0,0,0,8.1163225,0,0,3.55902875,0.1302084375,0,0,0,0,0,0,0,11.827261875,0,0,0,0,0,0,0
3529,1,18044,F08,0,C844503,0,0,21.96177875,0,0,0,0,0,20.4426975,0,24.4574334375,0,0,3.19009375,20.876763875,0,6.271709375,14.995654375,0,0,0,0,23.9800415625,0,0,20.2690923125,0,0,20.008677,0,0,0,0,21.52780375,0,0,0,0,0,0,0,0,0,0,0,0,0,0
3529,1,18044,G08,0,C844503,5.1866335625,0.0651040625,0,0,13.3029545,0,0,0,0,0,0,0,10.785596875,1.1284709375,0,0,0,0,0,0,9.722196875,3.3637125,0,0,0,0.021701375,0,0,0,0,0,9.67884375,2.5390610625,0,0,0,0,0,0,0,0,0,0,0,0,0,0,0
3529,0,18044,H08,0,C844503,1.757812125,0.2387153125,0,0,2.517359375,0,10.0043375,2.191842625,0,0,5.2734409375,0,0,10.3515785625,0,0,0,0,0,0,0,0,0,0,0.0434028125,2.191843125,0,0,0,0,10.1128375,3.906249375,0.998265625,14.2361059375,22.8949630625,0.0651041875,0,0,0,0,0,0,0,0,0,0,0,0
3529,1,18044,A09,0,C844503,0.1736110625,8.485250625,1.9531268125,4.361978125,0.6293410625,0,0,9.396715625,0.759549,0,0,0,0,0,10.633676,0.3255208125,0,0,0,0,0,0,0,0,0,0,6.7925359375,0,0,3.1467,3.168403125,0,0,14.9956646875,0,0,0,0,0,0,0,0,0,0,0,0,0,3.2335071875
3529,1,18044,B09,0,C844503,0,0,2.1267375,0,0,0,0,0,5.3168393125,0,0,0,0,1.4105916875,0,0,0,0,0,0,0,5.381943125,0.0434028125,0,2.452257625,0,0,0,0,1.4756945,0,7.44358125,4.8828125,8.50694375,0,0,0,0,0,0,0,0,0,0,0,0,0,0
3529,1,18044,C09,0,C844503,0.9548616875,0,10.481771875,0,0,0,2.647568125,0,11.52342875,0,0,0,11.3064278125,0.1736110625,1.736111875,0.4123260625,7.07465625,4.5789965625,0,3.94965,0.1953125,3.1901025,0.41232775,0,9.91752625,0,0,10.329871875,0.5859368125,0,0,0,10.2213516875,0,0,2.7343728125,0,0,0,0,0,0,0,0,0,0,0,0
3529,1,18044,D09,0,C844503,0,13.28125575,0,0,0,0,0,13.0642375,0.021701375,0,0,16.3411309375,0,0,0,0,0,7.72569375,0,0,8.6588559375,0,14.973946875,1.88802,0,0,0,0,0,0,7.4869779375,0,0,7.4652884375,0,0,9.2230884375,0,0,0,0,0,0,0,0,0,0,0
3529,1,18044,E09,0,C844503,0,2.6909721875,0,11.6319390625,0,0,0,0,3.450521875,0.39062525,0,0,0,13.88886625,0,0,0.021701375,0,13.9756979375,0.3038195,0,16.16751825,0,0,13.28123125,0.36892375,0,0,0,15.3862609375,0,0,0,0,0,0,0,0,0,0,13.0859440625,0,0,0,0,0,0,0
3529,1,18044,F09,0,C844503,0,0,0,13.75868575,0.021701375,0,0,0,0,0,0,1.5842,9.70052075,0,0,0,0,5.989584375,0,0,0,0,0,0,0,0,4.4705,12.4131815625,0,15.017354375,0.477432,0,0,0,0,0,0,0,0,0,0,0,0,0,0,0,0,0
3529,1,18044,G09,0,C844503,0,0,0,0,16.1892465625,0,0,0,0,0,0,0,0,0,14.908859375,0.998265625,0,0,0,17.230886875,0,0,0,0,0,0,0,0,15.1041615625,1.584202125,0,0,17.5781103125,0.1302083125,0,0,0,0,0,0,0,0,0,0,0,0,0,0
3529,0,18044,H09,0,C844503,16.5364590625,0,0,0,0,0,0,15.429683125,0,0,0,0,0,1.86631875,6.90104375,0,0,0,15.6466865625,0,0,0,0,0,0,0,0,0,17.382815625,0,0,0,0,0,0,14.1710121875,0,0,0,0,0,0,0,0,0,0,0,0
3529,1,18044,A10,0,C844503,0.846355125,0,0,0,6.5538196875,0,0,0,5.7942728125,0,0,0,0,0,0,0,0,0,0,0,0,2.90798825,0,0,0,0,0,2.517362125,0,0,5.664063875,0,0,0,0,0,0,0,3.949654125,0,0,0,0,0,0,0,0,0
3529,1,18044,B10,0,C844503,0,20.334221875,0,0,0,12.7821125,6.4236115625,19.4010215625,15.36459375,6.705730875,0,0,0,0,8.3116266875,0,8.0946116875,19.14065,0.282118125,10.7204853125,0,7.595496875,11.1111028125,0,0,6.31509375,16.145828125,10.980903125,0.04340275,19.0538271875,9.613717,1.041667625,0,17.7734525,0.3472219375,0,0,0,0,0,0,0,0,0,0,0,0,0
3529,1,18044,C10,0,C844503,3.016493125,18.5980910625,0,0,0,0,6.7057321875,0,0,0,1.497396875,39.1710159375,0.3689235625,0,0,0,0,0,6.141491875,0,0,5.642346875,8.8324525,0,0,0.282118125,17.27429825,0,0,0,0,5.23003375,0,0,0,0,11.2196090625,0,0,0,0,0,0,0,0,0,0,0
3529,1,18044,D10,0,C844503,5.07812625,0.32552075,0,0,0,0,0,10.243053125,0,0,0,0,0,0,13.3680675,0,0,0,11.1979215625,0.086805625,0,0,0.021701375,0,4.9262166875,0,0,11.7404410625,0,0,0,0,0,0,0,0,0,0,0,0,0,0,0,0,0,0,0,0
3529,1,18044,E10,0,C844503,1.497396875,11.5668371875,0,0,0,0,0,12.391503125,0,0,5.44704825,0,0,0,12.4132003125,0,1.323784375,7.595484375,0,0,0,14.409709375,0,0,0,7.2048603125,0.7378475,5.1866309375,3.29860875,0,0,0,0,0,0,0,0,0,0,0,0,0,0,0,0,0,0,0
3529,1,18044,F10,1,C844503,NA,NA,NA,NA,NA,NA,NA,NA,NA,NA,NA,NA,NA,NA,NA,NA,NA,NA,NA,NA,NA,NA,NA,NA,NA,NA,NA,NA,NA,NA,NA,NA,NA,NA,NA,NA,NA,NA,NA,NA,NA,NA,NA,NA,NA,NA,NA,NA
3529,1,18044,G10,0,C844503,0,0,0,0,1.3671885625,0,0,10.525179375,0,8.8758625,0.412325,10.8507040625,0,11.43660625,0,0,2.69097275,0,0,0,0,1.3454875,6.92274625,0,0,0,0,0.021701375,0,0,9.8307128125,0,5.1215304375,13.6284754375,0.7595490625,1.171874375,0,0,0,0,0,0,0,0,0,0,0,0
3529,0,18044,H10,0,C844503,0,0,16.81856075,0,0,0.021701375,0,0,0,18.424471875,0,0,10.41665575,0,0,0,17.7517521875,0,0,9.3967103125,0,0,0,10.438353125,0,0,0,0,0,18.706609375,0,9.939228125,8.1163290625,18.7934025,0,0,0,0,0,0,0,0,0,0,0,0,0,0
3529,1,18044,A11,0,C844503,0,0,0,4.492182625,0.1519096875,0,10.8940845,0,0,0,0,0,0,8.59374875,0,0,0,0,0,0,0,0,12.977418125,0,0,0,0,9.7656221875,0.0434028125,0,0,3.732640625,22.612852125,23.3073145,25.41231125,0,0,0,0,0,0,0,0,0,0,0,0,0
3529,1,18044,B11,0,C844503,0,0,0,3.2769090625,0.0651040625,0,0,12.500014375,0,0,0,0,0,13.0859634375,0,0,0,0,0,13.84547125,0,0,0,0,0,5.1866340625,0.2387153125,0,9.2230903125,7.400176375,0,6.16319375,2.3220496875,0,6.228297625,0,0,0,0,0,0,0,0,0,0,0,0,0
3529,1,18044,C11,0,C844503,10.611984375,3.059895125,0,0,0,0,8.832480625,0,0,0,16.579853125,0.6510425,0,0,0,0,0,0,9.5051875,5.42534625,0,0,0,13.541665625,0.8246525,0,0,7.552090625,0.108506875,0,7.2482510625,0,0,0,0,0,0,0,0,0,0,0,0,0,0,0,0,0
3529,1,18044,D11,0,C844503,0,0,0,0,2.1701375,0.477430625,0,0,0,0,11.8706485625,0,4.3185771875,0.34722325,3.298609375,0.564237625,0,0,0,0,0,0,9.6571071875,1.3020821875,0,0,0,0,0,0,0,0,0,0,0,0,0,0,0,0,0,0,0,0,0,0,0,0
3529,1,18044,E11,0,C844503,0,0,0,0,0,0,0,0.1519096875,9.374985,3.5590290625,0,0,0,0,0,0,0,0,0,0,0,0,8.4201253125,0,0,0,0,5.403647,0,0,0,0,0,8.8324559375,0.021701375,8.5286271875,0,0,0,0,0,0,0,0,0,0,0,0
3529,1,18044,F11,0,C844503,10.872407,0,0,0,0,0,5.6857645,0,17.8168465625,0,6.18489375,2.148438125,0,0,0,0,17.513015625,0,0,0.2387153125,5.51215,14.366315,0,0,0,0,4.60069375,1.5407986875,1.801213125,0,11.39323125,0,0,0,0,0,0,0,0,0,0,0,0,0,0,0,0,0
3529,1,18044,G11,0,C844503,0,0,15.08245625,0,0,0,5.1215284375,15.5599090625,0.0434028125,0,0,0,0.520834375,15.494779375,0,0,0,0,0,15.8637184375,0,0,0,0,15.039066875,0,0,0,3.342015625,1.302084375,0,16.883675,5.8159759375,14.1709979375,30.468749375,5.642365625,4.9262134375,0,0,0,0,0,0,0,0,0,0,0
3529,0,18044,H11,0,C844503,4.1449673125,0,0,0,1.25868125,13.97570625,0,0,0,0,0,13.9757075,15.147553125,1.475694375,0,0,0,0,0,0,0,17.57814,0,0,0,8.0946191875,0,0,0,0,20.98526875,9.179687625,7.1397590625,0,0,0,0,0,0,0,0,0,0,0,0,0,0,0
3529,1,18044,A12,0,C844503,3.754340625,9.9175335625,0.0651040625,0,2.5824653125,2.821182625,10.2213491875,0.021701375,0,3.84114625,0,0,0,0,0,0,0,0,0,4.2534746875,0,0,10.416668125,0,0,0,0,0,5.8810755625,0,0,0,3.3854141875,0,0,0,0,0,0,0,0,0,0,0,0,0,0,0
3529,1,18044,B12,0,C844503,0,0,0,0,0,0,0,0,3.7543423125,0,11.17620375,0,0,0,0,0,0,0,9.049479375,0,0,0,0,0,0,0,0,17.59982825,0,0,0,0,0,0,0,0,0,0,0,0,0,0,0,0,0,0,0,0
3529,1,18044,C12,0,C844503,9.223084375,4.188367,0,0,0,4.18836625,11.566830125,3.3637153125,0.325521875,0,0,0,0,0,0,0,0,2.53906125,3.4288179375,0,0,0,0,0,14.8220375,0,0.1519096875,7.0312446875,9.374989375,0,14.561612625,0,0,9.7656154375,5.64235625,2.0182310625,5.9895825,0,0,0,0,0,0,0,0,0,0,0
3529,1,18044,D12,0,C844503,0,0,0,0,0,0,0.0434028125,13.15104375,0,0,0,0,0,0,0.021701375,0,0,0,0,0,0,4.9913195,14.10589625,0,0,0,0,0,0,0,0,0,0,0,0,0,0,0,0,0,0,0,0,0,0,0,0,0
3529,1,18044,E12,0,C844503,7.356771875,1.0850678125,0,0,0,9.2447961875,0,13.2595585625,0,0,0,0,0,0,5.0130228125,0,0,0,0,11.3064125,1.38888825,0,0,0,0,17.599834375,0.108506875,0,0,5.5989575,0,0,0,0,0,0,0,0,0,0,0,0,0,0,0,0,0,0
3529,1,18044,F12,1,C844503,NA,NA,NA,NA,NA,NA,NA,NA,NA,NA,NA,NA,NA,NA,NA,NA,NA,NA,NA,NA,NA,NA,NA,NA,NA,NA,NA,NA,NA,NA,NA,NA,NA,NA,NA,NA,NA,NA,NA,NA,NA,NA,NA,NA,NA,NA,NA,NA
3529,1,18044,G12,0,C844503,0,0,7.3784709375,0,0,2.2352425,0,0,0,0,0,2.690969375,0,0,0,0,7.183157625,0,0,0,0,0,0,0,2.2135384375,0,0,0,0,2.0616321875,0.108506875,0,0,3.0164923125,0,0,0,0,0,0,0,0,0,0,0,0,0,0
3529,0,18044,H12,0,C844503,0,0,0,5.0130235625,8.940975125,0,0,0,0,0,0,0,0,0,0,0,0,2.8645840625,3.667533875,8.159725,1.3888875,0,0,0,0,0,0,0,7.335059375,0,0,0,0,0,0,0,0,0,0,0,0,0,0,0,0,0,0,0
3529,1,18045,A01,0,C844503,0,2.452256875,1.3671878125,0,0,15.7335015625,0,0.021701375,0,0,5.490451375,0.390625,0,0.086805625,4.578994375,0,16.0807396875,0,0,1.128471875,2.3003459375,0,0,0,0,0,0,14.8437259375,0,0,0,0,0,0,2.191840625,2.3654525,0,0,0,0,0,0,0,0,0,0,0,0
3529,1,18045,B01,0,C844503,0.021701375,0,4.188370125,1.367186875,4.318575,1.5407978125,0,0,0,0,0,0,0,16.21093125,0,0,0,0,0,0,0,0,0,4.470485625,0.390625,0,0,0,0,0,0,0,0,0,0,0,0,0,0,0,0,0,0,0,0,0,0,0
3529,1,18045,C01,0,C844503,0,7.4869828125,0,0,0,7.8559045,2.7994775,7.031249625,0,0,0,8.789065625,2.7994804375,0,0,0,0,0,0,7.595484375,0.0434028125,0,0,9.939249375,0.3472221875,0,0,0,0,0,0,0,0,0,0,0,0,6.4019036875,0,0,0,0,0,0,0,0,0,0
3529,1,18045,D01,0,C844503,0,0,0,3.3203125,0,0,0,3.7543406875,0,0,0,6.597226875,0,0,2.62587,0,0,0,0,0,2.842882625,0,0,1.47569375,7.096355125,0,0,0,0,0,0,0,0,0,0,0,0,0,0,0,0,0,0,0,0,0,0,0
3529,1,18045,E01,0,C844503,0,0,0,0,4.7526053125,0,0,0,0,6.16319825,0,17.6649284375,0,0,0,0,0,0,0,0,0,0,6.87933575,0,0,0,0,0,0,0,0,15.55990625,1.2586809375,9.5052053125,0,4.3185775,0.2604165625,0,0,0,0,0,0,0,0,0,0,0
3529,1,18045,F01,0,C844503,0,11.848941375,3.276909375,0.7161441875,0,0,0,10.67708575,2.994788875,0,0,7.2916673125,0,0,0,5.2734340625,1.95312575,0,13.3897575,0.8463554375,5.447057625,0.564237,0,0,0,16.7751503125,0,0,16.6883791875,0.021701375,0,0,0,6.7925359375,0,0,0,0,0,5.837678125,0,0,0,0,0,0,0,0
3529,1,18045,G01,0,C844503,0,0,0,0,0,16.796877,0,0,0,0,0,0,10.41669,0.2387153125,0,0,0,0,19.9218915625,0,0,0,0,0,0,0,11.697059375,0,0,0,11.0243121875,0,19.79165625,0,0,0,0,0,0,0,0,0,0,0,0,0,0,0
3529,0,18045,H01,0,C844503,0,0,0,0,0,0,0,0,0,0,0,19.9435715625,0.021701375,0,0,0,0,16.861975,0.672744375,0.021701375,0,0,0,0,0,0,0,0,0,21.4626671875,0,0,0,0,0,0,0,0,0,0,0,0,0,0,0,0,0,0
3529,1,18045,A02,0,C844503,0,0,0,0,0,0,0,0,0,0,0,0,0,0,0,0,0,0,0,0,0,0,0,0,0,0,0,0,0,0,0,0,0,0,0,0,0,0,0,0,0,0,0,0,0,0,0,0
3529,1,18045,B02,0,C844503,4.57899375,0,0,0,0,12.782126375,7.74738125,0,0.086805625,11.848971875,0,0,0,0,16.1458066875,0,0,7.5954803125,0,0,6.293401375,0,17.361121875,0,0,0,0,0,16.579859375,0,1.236978125,17.6432165625,0,9.2664875,3.059895875,10.026043125,14.45311525,0,13.4765796875,0,0,0,0,0,0,0,0,0
3529,1,18045,C02,0,C844503,0,0,0,0,0,26.1935566875,0,0,0,10.41666625,0,0,0,10.980891875,21.549459375,0,0,0,0,0,0,0,0,0.520834375,10.177941875,0,0,1.5842,21.9400971875,0,0,0,0,7.1397575,0,0,0,0,0,0,0,0,0,24.414051375,0,0,0,0
3529,1,18045,D02,0,C844503,0,0,0,5.4687491875,0,0,11.5017465625,0,0,0,0,0,9.874128125,0,0,0,0,0,0,15.668409375,0,0,0,0,0,0,0,0,0,0,20.00869375,0.1519096875,0,0,0,0,0,0,0,17.4479275,0,0,0,0,0,0,0,0
3529,1,18045,E02,0,C844503,2.495659375,6.2934015625,0,3.79775,6.380209,0,0,7.13975625,0.9982641875,5.8810753125,0,0,0,0,0,0,0,0,0,0,15.99390625,3.971351875,0,0,0,0,0,0,0,0,13.1076173125,14.843757625,2.66927,0,0,0,0,0,0,0,13.845485625,0.021701375,0,0,0,0,0,0
3529,1,18045,F02,0,C844503,0,10.568575,5.3602340625,0,0,0,0,0,0,0,0,0,4.318575625,0.80295,0,0,10.633678125,3.6241323125,0,0,0,0,0,0,0,16.05901875,0,0,0,0,0,11.848957625,73.04688125,38.6936053125,13.368043125,0,0,0,0,0,0,0,0,0,0,0,0,0
3529,1,18045,G02,0,C844503,43.16408125,0,0,0,0,0,0,0,0,0,0,0,6.0763896875,0,0,18.684896875,0,0,0,0,0,0,19.8133815625,0,0,0,0,0,12.49998575,8.832459375,0,0,0,0,0,0,0,0,0,0,0,0,0,0,0,0,0,0
3529,0,18045,H02,0,C844503,0,1.193576375,4.18836825,0,17.057309375,0,0,0,0,6.3802090625,0,0,3.9062603125,15.6683978125,0,0,0,0,0,15.863721875,0.347221875,0,21.5494715625,0,0,0,0,0,0,16.3194471875,0.086805625,0,0,17.881940625,0,0,0,0,0,0,0,0,0,0,0,0,0,0
3529,1,18045,A03,1,C844503,NA,NA,NA,NA,NA,NA,NA,NA,NA,NA,NA,NA,NA,NA,NA,NA,NA,NA,NA,NA,NA,NA,NA,NA,NA,NA,NA,NA,NA,NA,NA,NA,NA,NA,NA,NA,NA,NA,NA,NA,NA,NA,NA,NA,NA,NA,NA,NA
3529,1,18045,B03,0,C844503,0,0,0,0,0,7.0095378125,0,0,0,1.779515,0,0,0,0,0,0,4.882813875,0,0,0,0,0,1.5408,0,0.2387153125,5.6423625,0,0,0,0,4.014759375,0,0,0,0,0,0,0,0,0,0,0,0,0,0,0,0,0
3529,1,18045,C03,0,C844503,0.347221875,0,0,0.0434028125,6.5755235625,0,0,0,0,7.7256965625,0,0,0,0,0,0,0,0,0,0,0,0,6.8576428125,0,0,2.669271875,4.60069625,0,0,0,4.8611128125,4.210070625,28.32030825,31.6405875,23.242159375,3.6024296875,0,0,0,0,0,0,0,0,0,0,0,0
3529,1,18045,D03,0,C844503,0,0,0,0,0,0,0,0,0,0,0,16.167528125,0,0,11.8706440625,0.88975625,0,0,0,0,0,0,14.51823125,0,0,0,0,0,0,20.13886875,0,0,0,0,0,0,0,0,0,0,0,0,0,0,0,0,0,0
3529,1,18045,E03,0,C844503,0.4123265625,0,0,0,0,0,0,20.3558625,0.5642365625,0,0,0,20.1171941875,0,0,0,0,21.332471875,0.434028125,0,0,0,0,0,0,0,20.746509375,0.3255209375,0,0,2.5390625,17.122380625,0.021701375,0,0,0,0,0,0,0,0,0,0,0,0,0,0,0
3529,1,18045,F03,0,C844503,0,0,14.1492996875,0,0,0,0.021701375,13.042542,0,0,13.10762075,0,5.2083321875,0,0,0,8.767340625,3.3203121875,0,0,0,0,0,0,0,0,0,0.0651040625,6.7491303125,0,15.6033059375,1.432292625,0,0,0,0,0,0,0,0,0,0,0,0,0,0,0,0
3529,1,18045,G03,0,C844503,0,0,0,0,0,0,14.5182121875,0,0,0,0,0,0,3.16840625,12.782122875,0,0,0,0,0,0,0,0,0,0,0,0,0,0,0,0,0,0,0,0,0,0,0,0,0,0,0,0,0,0,0,0,0
3529,0,18045,H03,0,C844503,4.470475625,5.2951296875,0,0,0,0,0,0,0,0,0,13.84549825,0,0,0,0,0,0,0,12.17449375,0,0,0,0,6.09809825,0,0,0,0,0,0,8.1814375,6.727434375,0,0,0,0,0,0,0,0,0,0,0,0,0,0,0
3529,1,18045,A04,0,C844503,0,0,0,6.705728125,0.0651040625,1.150175,0.9982640625,0,0,0,0,7.009546875,0.086805625,0,0,2.73437575,0,0,2.5824634375,0,0,0,0.1736109375,0,2.039930125,0,1.47569625,0,1.367188875,0,0.9982634375,0.32552075,0.5859371875,1.0199640625,0,0,0,0,1.3888884375,0,0,0,0,0,0,0,0,0
3529,1,18045,B04,0,C844503,0,0,0,0,0.889757625,0,0,0,0,0,0,0,0,0.021701375,0,0,0,0,0,0,0,0,0,0,0,0,0,0,0,0.217013875,0,0,1.497397625,0,0.7812499375,0.7378473125,0.7161446875,0.4340278125,0,0.021701375,0,0,0,0,0,0,0,0
3529,1,18045,C04,0,C844503,0,0,0,3.25520875,12.08767625,0,0,0,0,0,0,3.2986121875,0,0,0,0,0,0,7.50867875,0,0,0,8.8975778125,0,0,0,10.460075,3.1250025,0,0,0,0,10.80728575,1.019966375,0,17.7517561875,0.021701375,0,0,0,0,0,0,0,0,0,0,0
3529,1,18045,D04,0,C844503,0.1519096875,0,0,0,9.7005184375,0,0,0,12.304666875,0,0,0,15.950519375,0,0,0,18.2508574375,0.021701375,0,2.495659375,0.82465375,0,11.371526875,0,0,0,0,17.621503125,0,0,0,0,0,10.5034753125,1.2586803125,0,0,0,0,0,0,0,0,0,0,0,0,0
3529,1,18045,E04,0,C844503,0,0,0,0,0,2.1918390625,0,0,1.822915625,0,0,0,0,0,0.0651040625,1.3020815625,0,0,0,0,0,0,0,0,1.8229128125,0.9982653125,0,0,0,0,0,0,0,0,0,0,0,0,0,0,0,0,0,0,0,0,0,0
3529,1,18045,F04,0,C844503,0.0434028125,0,5.03472125,0,0,0,0,0,0,0,7.443575,0,0,1.779515625,0,0,1.0199655625,0,0,3.9062486875,0.021701375,0,0,0,0,0.520831875,3.363716375,0,0,0,4.9262153125,20.7031028125,0.1302083125,0,0,0,0,0,0,0,0,0,0,0,0,0,0,0
3529,1,18045,G04,0,C844503,0,0,0,4.8828125,13.498250625,0,0,0,15.473121875,0.1519096875,0,0,0,0,0,0,18.815115625,2.3654540625,0,0,0,25.976559375,0,0,0,5.57725625,8.5937488125,0,0,0,0,1.1501728125,0,0,0,0,0,0,0,0,0,0,0,0,0,0,0,0
3529,0,18045,H04,0,C844503,0,0,2.08333625,5.3168396875,0,0,0,0,0,0,0,0,0,0,0,5.3385415625,0.2604165625,0,0,7.22655075,0,0,2.083334375,8.9192778125,0,0,0,0,0,0,0,0,0,6.4670125,0,0,0,0,0,0,0,0,0,0,0,0,0,0
3529,1,18045,A05,0,C844503,0,0,0,0,0,0,0,0,0,0,0,0,0,0,0,0,0,0,0,0,0,0,0,0,0,0,0,0,0,0,0,0,0,0,0,0,0,0,0,0,0,0,0,0,0,0,0,0
3529,1,18045,B05,0,C844503,0,0,0,0,0,0,0,0,0,0.021701375,0,0,0,0,0,0,0,0,0,0,0,0,0,0,0,0,0,0,0,0,0,0,0,0,0,0,0,0,0,0,0,0,0,0,0,0,0,0
3529,1,18045,C05,0,C844503,0.021701375,0,0,0,0,0,0,0,0,0,0,0,0,0,0,0.021701375,0,0,0,0,0,0,0,0,0,0,0,0,0,0,0,0,0,0,0,0,0,0,0,0,0,0,0,0,0,0,0,0
3529,1,18045,D05,0,C844503,0,0,0,0,0,0,0,0,0,0,0.021701375,0,0,0,0,0,0,0,0,0,0,0,0,0,0,0,0,0,0,0,0,0,0,0,0,0,0.021701375,0,0,0,0,0,0,0,0,0,0,0
3529,1,18045,E05,0,C844503,0,0,0,0,0,0.021701375,0,0,0.021701375,0,0,0,0,0,0,0,0,0,0,0,0,0,0,0,0,0,0,0,0,0,0,0,0,0,0,0,0,0,0,0,0,0,0,0,0,0,0,0
3529,1,18045,F05,0,C844503,0,0,0,0,0,0,0.3255209375,0,0,0,0,0,0,0,0,0,0,0,0,0,0,0,0,0,0,0,0,0,0,0,0,0.021701375,0,0,0,0,0,0,0,0,0,0,0,0,0,0,0,0
3529,1,18045,G05,0,C844503,0,0,0,0,0,0,0,0,0,0,0,0,0,0,0,0,0,0,0,0,0,0,0,0,0,0,0,0,0,0,0,0,0,0,0,0,0,0,0,0,0,0,0,0,0,0,0,0
3529,0,18045,H05,0,C844503,0,0,0,0,0,0,0,0,0,0,0,0,0,0,0,0,0,0,0,0,0,0,0,0,0,0,0,0,0,0,0,0,0,0,0,0,0,0,0,0,0,0,0,0,0,0,0,0
3529,1,18045,A06,0,C844503,0.021701375,0,0,0,0,0,0,0,0,0,0,0,0,0,0,0,0,0,0,0,0,0,0,0,0,0,0,0,0,0,0,0,0,0,0,0,0,0,0,0,0,0,0,0,0,0,0,0
3529,1,18045,B06,0,C844503,0,0,0,0,0,0,0,0,0,0,0,0,0,0,0,0,0,0,0,0,0,0,0,0,0,0,0,0,0,0,0,0,0,0,0,0,0,0,0,0,0,0,0,0,0,0,0,0
3529,1,18045,C06,0,C844503,0,0.021701375,0,0,0,0,0,0,0,0,0,0,0,0,0,0,0,0,0,0,0,0,0,0,0,0,0,0,0,0,0,0,0,0,0,0,0,0,0,0,0,0,0,0,0,0,0,0
3529,1,18045,D06,0,C844503,0,0,0,0,0,0,0,0,0,0,0,0,0,0,0,0,0,0,0,0,0,0,0,0,0,0,0,0,0,0,0,0,0,0,0,0,0,0,0,0,0,0,0,0,0,0,0,0
3529,1,18045,E06,0,C844503,0,0,0,0,0,0,0,0,0,0,0,0,0,0,0,0,0,0,0,0,0,0,0,0,0,0,0,0,0,0,0,0,0,0,0,0,0,0,0,0,0,0,0,0,0,0,0.021701375,0
3529,1,18045,F06,0,C844503,0,0,0,0,0,0,0,0,0,0,0,0,0,0,0,0,0,0,0,0,0,0,0,0,0,0,0,0,0,0.021701375,0,0,0,0,0,0,0,0,0,0,0,0,0,0,0,0,0,0
3529,1,18045,G06,0,C844503,0,0,0,0,0,0,0,0,0,0,0,0,0,0,0,0,0,0,0,0,0,0,0,0,0,0,0,0,0,0,0,0,0,0,0,0,0,0,0,0,0,0,0,0,0,0,0,0
3529,0,18045,H06,0,C844503,0,0,0,0,0,0,0,0,0,0,0,0,0,0,0,0,0,0,0,0,0,0,0,0,0,0,0,0.021701375,0,0,0,0,0,0,0,0,0,0,0,0,0,0,0,0,0,0,0,0
3529,1,18045,A07,0,C844503,0,0,0,0,0,0,0,0,0,0,0,0,0,0,0,0,0,0,0,0,0,0,0,0,0,0,0,0,0,0,0,0,0,0,0,0,0,0,0,0,0,0,0,0,0,0,0,0
3529,1,18045,B07,0,C844503,0,0,0,0,0,0,0,0,0,0,0,0,0,0,0,0,0,0,0,0,0,0,0,0,0,0,0,0,0,0,0,0,0,0,0,0,0,0,0,0,0,0,0,0,0,0,0,0
3529,1,18045,C07,0,C844503,0,0,0,0,0,0,0,0,0,0,0,0,0,0,0,0,0,0,0,0,0,0,0,0,0,0,0,0,0,0,0,0,0,0,0,0,0,0,0,0,0,0,0,0,0,0,0,0
3529,1,18045,D07,0,C844503,0,0,0,0,0,0,0,0,0,0,0,0,0,0,0,0,0,0,0,0,0,0,0,0,0,0,0,0,0,0,0,0,0,0,0,0,0,0,0,0,0,0,0,0,0,0,0,0
3529,1,18045,E07,0,C844503,0,0,0,0,0,0,0,0,0,0,0,0,0,0,0,0,0,0,0,0,0,0,0,0,0,0,0,0,0,0,0,0,0,0,0,0,0,0,0,0,0,0,0,0,0,0,0,0
3529,1,18045,F07,0,C844503,0,0,0,0,0,0,0,0,0,0,0,0,0,0,0,0,0,0,0,0,0,0,0,0,0,0,0,0,0,0,0,0,0,0,0,0,0,0,0,0,0,0,0,0,0,0,0,0
3529,1,18045,G07,0,C844503,0,0,0.021701375,0,0,0,0,0,0,0,0,0,0,0,0,0,0,0,0,0,0,0,0,0,0,0,0,0,0,0,0,0,0,0,0,0,0,0,0,0,0,0,0,0,0,0,0,0
3529,0,18045,H07,0,C844503,0,0,0,0,0,0,0,0,0,0,0,0,0,0,0,0,0,0,0,0,0,0,0,0,0,0,0,0,0,0,0,0,0,0,0,0,0,0,0,0,0,0,0,0,0,0,0,0
3529,1,18045,A08,0,C844503,0,0,0,0,0,0,0,0,0,0,0,0,0,0,0,0,0,0,0,0,0,0,0,0,0,0,0,0,0,0,0,0,0,0,0,0,0,0,0,0,0,0,0,0,0,0,0,0
3529,1,18045,B08,0,C844503,0,0,0,0,0,0,0,0,0,0,0,0,0,0,0,0,0,0,0,0,0,0,0,0,0,0,0,0,0,0,0,0,0,0,0,0,0,0,0,0,0,0,0,0,0,0,0,0
3529,1,18045,C08,0,C844503,0,0,0,0,0,0,0,0,0,0,0,0,0,0,0,0,0,0,0,0,0,0,0,0,0,0,0,0,0,0,0,0,0,0,0,0,0,0,0,0,0,0,0,0,0,0,0,0
3529,1,18045,D08,0,C844503,0,0,0,0,0,0,0,0,0,0,0,0,0,0,0,0,0,0,0,0,0.1953125,0,0,0,0,0,0,0,0,0,0,0,0,0,0,0,0,0,0,0,0,0,0,0,0,0,0,0
3529,1,18045,E08,0,C844503,0,0,0,0,0,0,0,0,0,0,0,0,0,0,0,0,0,0,0,0,0,0,0,0,0,0,0,0,0,0,0,0,0,0,0,0,0,0,0,0,0,0,0,0,0,0,0,0
3529,1,18045,F08,0,C844503,0,0,0,0,0,0,0,0,0,0,0,0,0,0,0,0,0,0,0,0,0,0,0,0,0,0,0,0,0,0,0,0,0,0,0,0,0,0,0,0,0,0,0,0,0,0,0,0
3529,1,18045,G08,0,C844503,0,0,0,0,0,0,0,0,0,0,0,0,0,0,0,0,0,0,0,0,0,0,0,0,0,0.021701375,0,0,0,0,0,0,0,0,0,0,0,0,0,0,0,0,0,0,0,0,0,0
3529,0,18045,H08,0,C844503,0,0,0,0,0,0,0,0,0,0,0,0,0,0,0,0,0,0,0,0,0,0,0,0,0,0,0,0,0,0,0,0,0,0,0,0,0,0,0,0,0,0,0,0,0,0,0,0
3529,1,18045,A09,0,C844503,0,0,0,0,0,0,0,0,0,0,0,0,0,0,0,0,0,0,0,0,0,0,0,0,0,0,0,0,0,0,0,0,0,0,0,0,0,0,0,0,0,0,0,0,0,0,0,0
3529,1,18045,B09,0,C844503,0,1.367186375,0,0,0,0,0,0,0,0,1.4539925,0,0,0,0,0,0,0.1519096875,0.651042625,0,0,0,0,0,0,0,0,0,0,0,0,0,0,3.7326384375,7.6605924375,0,0,0,0,0,0,0,0,0,0,0,0,0
3529,1,18045,C09,0,C844503,0,1.7795116875,0,0,0.3038195,0,0,0,0,0,0,0,0,1.32378375,0.021701375,0,0,0,0,0,0,0.21701375,0,0,0,0,0,1.519095125,0,0,0,0,0.3472223125,0,0.0651041875,0.0434028125,0,0,0,0,0,0,0,0,0,0,0,0
3529,1,18045,D09,0,C844503,0,0,3.190103875,0,0,0,0,0,2.5390618125,0,0,0,0,0,0,0,0,0,0,0.846353125,2.9730903125,0,0,0,0,1.1284723125,0.021701375,0,0,0,0,0,0,0,0,0,0,0,0,0,0,0,0,0,0,0,0,0
3529,1,18045,E09,0,C844503,0,0,0,0,0,0,2.7343746875,0,0,0,2.2352428125,0,0,0,2.49565825,0,0,0,0,0,0,0,0,0,0,0,0,0,0,0,0,0,0,0,0,0,0,0,0,0,0,0,0,0,0,0,0,0
3529,1,18045,F09,0,C844503,0,0.108506875,0,0,0,0,0,0.086805625,0,0,0,0,0,0,0,0.17361125,0,0,0,0,0,0,0.282118125,0,0,0,0,0,0,0,0,0,0,0,0,0,0,0,0,0,0,0,0,0,0,0,0,0
3529,1,18045,G09,0,C844503,0,0,0,0,0,0,0,0,0,0,1.5842025,2.669271875,2.690973125,0,0,0,0,0,0,0,0,0,0,0,0,9.939234375,0,0,0,0,0,0,0,0,0,0,0,0,0,0,0,0,0,0,0,0,0,0
3529,0,18045,H09,0,C844503,0,3.3203116875,0,0,0,3.059897,0,0,0,0,0,0,0,0,0,0,0,0,0,0,0,0,0.1302084375,0,0,0,0,0.17361125,0,0,0,0,0,0,0,0.021701375,0,0,0,0,0,0,0,0,0,0,0,0
3529,1,18045,A10,0,C844503,0,0,0,3.7977434375,0,0,14.539944625,0,0,15.993903125,0,0,0,0,0,16.0156246875,0.0434028125,0,4.3836875,18.055550125,0,0,12.760415625,0,0,0,0,0,13.845491875,0,0,8.962659375,4.5138875,12.0876895,0,2.3871540625,52.821184375,6.857653125,0,0,0,0,0,0,0,0,0,0
3529,1,18045,B10,0,C844503,0,0,0,0,8.7673509375,0,0,0,0,0,6.901040625,0.6510415625,0,0,0,0,4.513890625,3.559025,0,0,0,6.6840291875,0,0,0,0,4.4704815625,0,0,0,5.8376746875,1.041665625,0,0,0,0,0,0,0,0,0,0,0,0,0,0,0,0
3529,1,18045,C10,1,C844503,NA,NA,NA,NA,NA,NA,NA,NA,NA,NA,NA,NA,NA,NA,NA,NA,NA,NA,NA,NA,NA,NA,NA,NA,NA,NA,NA,NA,NA,NA,NA,NA,NA,NA,NA,NA,NA,NA,NA,NA,NA,NA,NA,NA,NA,NA,NA,NA
3529,1,18045,D10,0,C844503,0,0,0,11.21962625,0,0,3.19009375,12.9340434375,0,0,0,0,11.37153575,0,0,0,15.34286875,0,0,0,0.93316,0.41232625,0,10.807285,0,0,0,0,15.2778059375,0,0,0,0,9.136273125,0.95486,0,0,0,0,0,0,0,0,0,0,0,0,0
3529,1,18045,E10,0,C844503,0,10.373263875,0,0,0,0,0,0,0,0,0,0,0,0,0,0,0,0,0,0,0,0,0,0,0,0,0,14.1927054375,0,0,0,0,12.673596875,13.9756834375,0,0,0,0,0,0,0,0,0,0,0,0,0,0
3529,1,18045,F10,0,C844503,0,0,0,0,1.041665625,1.6276034375,0,0,0,0,0,0,0,0,7.2265653125,0,17.295969375,0,0,0,0,0,2.82118125,0.5425348125,0,0,0,0,0,0,0,2.2786465625,0,0,0,0,0,0,0,0,0,0,0,0,0,0,0,0
3529,1,18045,G10,0,C844503,0.021701375,0,0,0,12.521690625,1.714409375,0,0,14.3229028125,0,0,0,0,0,0,0,0,0,13.715268125,0,5.85936875,10.3949803125,0,0,0,0,0,0,0,0,0,0,15.99395,0,0,0,0,0,0,0,0,0,0,0,0,0,0,0
3529,0,18045,H10,0,C844503,13.0642328125,0,0,0,0,0,0,0,0,5.57725625,2.5173609375,0,0,13.650151375,0.108506875,0,0,0,3.168403125,1.51909575,0,0,12.1962,1.1718734375,0,0,0,0,0,0,0,0,0,0,0,0,0,0,7.4218691875,0,0,0,0,0,0,0,0,0
3529,1,18045,A11,0,C844503,0,0,0,0,0,0,0,0,0,0,0,0,0,0,0,0,0,11.870663875,0.2604165625,0,0,0,0,0,0,12.348106875,0,0,0,0,0,0,0,0,0,0,0,0,0,0,0,0,0,0,0,0,0,0
3529,1,18045,B11,0,C844503,0,4.340279375,0,0,0,0,0,0,3.146702,0,0,0,0,0,0,4.947917,0,0,1.736111375,0.0434028125,0,0,0,0,4.0798621875,0,0,0,0,0,0,0,0,0,0,0,0,0,0,0,0,0,0,0,0,0,0,0
3529,1,18045,C11,0,C844503,0,0,0,0,0,0,13.0642490625,0,0,0,12.239575,0,0,0,0,0.716146875,11.111122625,0,0,0,11.5451373125,0,0,0,0,0,9.9609396875,0.390625,0,0,0,0,9.6137266875,0,0,0,0,0,0,0,0,0,0,0,0,0,0,0
3529,1,18045,D11,0,C844503,0,0,0,8.832450625,0,0,0,0,0,7.6605875,5.81597325,0,0,0,3.7977423125,3.363717,0,0.1953125,16.124159375,0,0,0,0,0,0,6.770821875,0.0434028125,0,0,0,7.812511875,0,0,9.244803125,21.2890503125,0,0,0,0,0,0,0,0,0,0,0,0,0
3529,1,18045,E11,0,C844503,0,6.879337,0,0,0,0,0,0,0,0,0,0,0,0.5425348125,9.37500275,0,0,0,0,0,0,0,0,0,0,6.9878495,0,0,0,0,0,0,9.1796809375,1.019965125,0,0,0,0,0,0,0,0,0,0,0,0,0,0
3529,1,18045,F11,0,C844503,0,0,0.672743125,0.021701375,0,0,0,0,5.01302075,0,0,0,1.1501746875,0.04340275,0,1.25868,0,0,0,3.103297625,0,0.824653125,0.3255209375,0,0,0.0651041875,0,0.39062525,0,2.929690625,0.2604165,0,0.8246528125,0,0,0,0,0,0,0,0,0,0,0,0,0,0,0
3529,1,18045,G11,0,C844503,0,0,0,14.8437559375,0,6.7057434375,0.4340278125,0,0,6.25000625,8.072928125,0,0,0,0,0,0,5.53384375,10.221345625,7.378476375,0.2604166875,0,0,15.494778125,0.2387153125,0,0,0,0,0,0,0,0,0,9.50521075,0,0,0,0,0,0,0,0,0,0,0,0,0
3529,0,18045,H11,0,C844503,0,0,0,0,0,11.9140528125,0,0,0,0,0,0,11.00260625,0.4557290625,0,0,11.1545048125,0,0,0,0,0,12.152775,0.6076385625,0,0,0,0,0,0,4.31857525,0,0,0,0,11.39323325,0,0,0,0,0,0,0,0,0,0,0,0
3529,1,18045,A12,1,C844503,NA,NA,NA,NA,NA,NA,NA,NA,NA,NA,NA,NA,NA,NA,NA,NA,NA,NA,NA,NA,NA,NA,NA,NA,NA,NA,NA,NA,NA,NA,NA,NA,NA,NA,NA,NA,NA,NA,NA,NA,NA,NA,NA,NA,NA,NA,NA,NA
3529,1,18045,B12,0,C844503,0,0,0,0,0,0,0,0,0,0,15.603295625,0,0,0,0,0,14.149311875,0,0,0,0,0,0,0,4.839408125,11.17623125,5.598959375,0,0,0,0,0,0,0,0,0,0,0,0,0,0,0,0,0,0,0,0,0
3529,1,18045,C12,0,C844503,0,0,0,0,10.2213434375,0,0,0,0,0,5.837688875,0,0,0,0,0,0,0,0,0,0,0,0,0,0,0,8.07291875,0.021701375,0,0,0,5.75087,0,0,0,0,0,0,0,0,0,0,0,0,0,0,0,0
3529,1,18045,D12,0,C844503,0,11.566853125,0,6.4670053125,5.4036460625,0,0,0,0,0,8.26824375,0.976561375,0,0,0,0,0,9.874146875,0,0,0,4.0581615625,0,9.1145946875,0,0,0,0,0,0,0,0,0,11.9140740625,0,0,0,8.98436,0,0,0,0,0,0,0,0,0,0
3529,1,18045,E12,0,C844503,0,11.2630085625,0,0,0,0,0,10.9591923125,0,0,0,0,10.785580125,0,0,0,11.4583440625,0,0,0,0,0,0,14.496525,0,0,0,13.54164825,0,0,0,0,3.1033,1.323787,0,0,0,0,0,0,0,0,0,0,0,0,0,0
3529,1,18045,F12,0,C844503,0,0,0,0,0,0,4.9913180625,0,7.096354375,0,0,0,0,0,0,3.94965125,0,3.884559375,2.9947915625,0,0,0,0,3.3203121875,0,0,0,4.68750125,0,5.75086875,1.0416666875,0,0,0,0,0,0,0,0,0,0,0,0,0,0,0,0,0
3529,1,18045,G12,0,C844503,0,3.2335096875,12.456613875,0,0,0,0,0,0,0,0,0,0,3.6458315625,0,0,0,3.971356875,0.9548603125,0,0,0,0,0,0,0,0,0,0,10.1996546875,0,0,0.1302084375,7.855914375,6.1414934375,0,0,0,0,0,0,0,0,0,0,0,0,0
3529,0,18045,H12,0,C844503,0.8897585625,0,0,4.03646,0.086805625,0,11.176196875,1.779514375,0,0,0,0,0,0,0,0,0,0,3.320311375,0,0,5.66405625,10.5902884375,0,0,0,0,0,0,6.2282996875,0,15.928834375,67.4913196875,9.114582625,0,0,0,0,0,0,0,0,0,0,0,0,0,0
