chemical.id,conc,plate.id,well,remove,bottle.id,t1,t2,t3,t4,t5,t6,t7,t8,t9,t10,t11,t12,t13,t14,t15,t16,t17,t18,t19,t20,t21,t22,t23,t24,t25,t26,t27,t28,t29,t30,t31,t32,t33,t34,t35,t36,t37,t38,t39,t40,t41,t42,t43,t44,t45,t46,t47,t48,t49
3530,1,18042,A01,0,C125605,0,0,0,0,0,0,2.951392,0,0,0,0,0,7.3784746875,0.651042,0,0,0,0,3.64583125,0.5425348125,3.92795125,0.108506875,0,0,0,0,0,0,5.0130209375,0.0434028125,0,0,0,0,0,0,0,0,0,0,0,0,0.56423625,5.468748125,0,0,0,0,0
3530,1,18042,B01,0,C125605,0,0,0,0,0,6.0546866875,0.60764,0,0,0,0,0,0,0,0,35.9375509375,0,0,0,0,0,0,0,0,0,0,8.2682290625,0,0,0,0,0.716146875,16.9921875,14.388024375,0,0,0,0,0,0,0,0,0,0,0,0,0,0,0
3530,1,18042,C01,0,C125605,0,0,0,0,0,0,0,1.4105903125,3.472222,0,0,7.747395125,0,0,0,0,0,0,0,0,0,0,0,0,6.42360875,0.086805625,0,0,3.385415625,2.7777784375,0,0,6.5538179375,12.348089375,5.7074634375,0,0,0,0,0,0,0,0,0,0,0,0,0,0
3530,1,18042,D01,0,C125605,0,0,0,0,0,0,0,0,0,0,0,9.852444375,0,0,0,5.4687399375,0,0,0,0,8.96267125,4.709204625,0,0,0,0,0,7.5737865625,0.62934125,0,0,0,0,0,0,0,0,0,0,0,0,0,0,0,0,0,0,0,0
3530,1,18042,E01,0,C125605,0,9.505222625,0,0,0,0,0,10.82898375,0,0,0,0,0,0,0,0,0,7.63889375,2.4305545,3.6024325,1.8880191875,0,0,0,0,0,0,13.2161703125,0.0868054375,0,0,15.538180625,0,0,0,0,0,0,0,0,0,0.021701375,0,0,0,0,0,0,0
3530,1,18042,F01,0,C125605,0.1519096875,0,0,0,14.778659375,2.0182303125,0,0,0,0,0,0,0,0,6.25000075,0,5.1866215625,9.7656090625,0,0,0,7.877578125,0.021701375,0,0,0,0,0,0,0,17.556442,0,0,0,0,0,0,0,0,0,0,0,0,0,4.622396875,1.8229178125,0,0,0
3530,1,18042,G01,0,C125605,0,0,0,0,4.709203125,1.8663203125,0,0,0,0,0,0,14.474838125,0,0,0,0,0,9.461805625,0,0,0,0,0,16.4279625,0.629338875,0,0,11.545125625,0,0,0,44.35761,53.97136,0,0,0,0,0,0,0,0,0,0,0,0,0,0,0
3530,0,18042,H01,0,C125605,0,12.23956875,7.1397536875,0,0,0,18.61981075,0.021701375,0,0,0,0,0,0,11.284721875,0,0,23.89321,0,0,0,23.04686075,0,0,0,0,0,0,0,0,0,12.67359125,4.1666678125,6.7491315625,0,0,0,0,0,0,0,0,0,0,0,0,0,0,0
3530,1,18042,A02,0,C125605,0,12.02257875,0.0651040625,0,0,0,0,0,0,16.319425,3.6675348125,0,0,6.8793405,0,0,0,0,0,8.224817,1.51909575,0,0,0,0,0,0,9.743930125,0,0,0,0,10.047740625,0.086805625,0,0,0,0,0,0,0,0,0,0,0,0,0,0,0
3530,1,18042,B02,0,C125605,0,0,0,0,0,0,17.4696415625,0,0,0,0,12.239590625,3.645835,0,0,0,0,0,1.45399375,3.2769103125,0,0,17.07900075,0,0,0,0,0,0,0,0,0,4.5355890625,47.0269084375,18.53299125,0,0,0,0,0,0,0,0,0,0,0,0,0,0.021701375
3530,1,18042,C02,0,C125605,17.209221875,0.086805625,0,0,0,0,0,18.576365625,0.651042,0,0.80295,13.8237886875,0.021701375,0,0,2.25694375,7.40018325,0,0,17.53474825,0,0,0,0,15.559886875,0.9982625,0,0,0,8.46355625,10.872385625,0,0,0,0,0,0,0,0,0,0,0,0,0,0,0,0,0,0
3530,1,18042,D02,0,C125605,0,0,0,0,12.2829829375,0,0,0,0,0,0,0,0,0,0,0,0,0,13.8671703125,0,0,0,0,0,0,0,0,0,0,0,0,0,0,0,4.36198375,0,0,0,0,0,0,0,0,0,0,0,0,0,0
3530,1,18042,E02,0,C125605,0,0,6.07639,0,3.624133125,0,0,0.021701375,0,6.901042,0.3038195,0,0,0,0,0,0,0,6.85764,0,4.4704871875,0.2821179375,0,0,0,7.92100875,0,0,0,0,0,0,0,0,0,3.0381959375,0,0,0,0,0,0,0,0,0,0,0,0,0
3530,1,18042,F02,0,C125605,24.5225695,0,0,0,12.5433898125,0,0,24.9999925,0,0,0,0,0,0.021701375,0.021701375,30.5772625,24.305545125,0,0,0,23.242218125,0,0,0,13.04253125,11.48002875,0,0,0,0,0,0,22.3307375,0,8.5720490625,0,0,0,0,0,0,0,0,0,0,0,0.021701375,0,0
3530,1,18042,G02,0,C125605,0,2.43055625,17.1223721875,0,0,0,0,0,0,4.1666771875,18.6415121875,0,0,0,0,0,0,0,20.6814440625,0,0,0,0,0,0,3.2118125,19.9653153125,0,0,0,0,5.425334375,32.53037,27.690980625,11.6319499375,0,0,0,0,0,0,0,0,0,0,0,0,0,0
3530,0,18042,H02,1,C125605,NA,NA,NA,NA,NA,NA,NA,NA,NA,NA,NA,NA,NA,NA,NA,NA,NA,NA,NA,NA,NA,NA,NA,NA,NA,NA,NA,NA,NA,NA,NA,NA,NA,NA,NA,NA,NA,NA,NA,NA,NA,NA,NA,NA,NA,NA,NA,NA,NA
3530,1,18042,A03,0,C125605,0,0,0,0,0,0,0,0,0,0,0,0,0,0,2.9296866875,0,0,12.413185125,0,0,0,0,0,0,0,0,0,11.1110925,0.0868054375,0,11.9791695,0,0,0,0,0,0,0,0,0,0,0,0,0,0,0,0,0,0
3530,1,18042,B03,0,C125605,1.9748246875,0,0,0,0,0,0,0,0,0,0,0,0,0.021701375,0,14.56163875,0,5.555555,0,0,0,0,0,0,0,0,0,0,0,3.9062465625,2.6909746875,0,0,0,0,0,0,0,0,0,0,0,0,0,0,0,0,0,0
3530,1,18042,C03,0,C125605,0,0,0,0,0,0,0,0,14.605019375,0,0,0,0,0,0,0,12.586788125,0,0,0,6.22829375,12.586776375,0,0,0,0,0,0,0,0,0,0.021701375,0,0,0,0,0,0,0,0,0,0,0,0,0.021701375,0,0,0,0
3530,1,18042,D03,0,C125605,0.021701375,0,0,9.00607875,0.2387154375,0,0,0,0,0,0,0,0,0,0,0,0,0,13.519949375,0,0.021701375,0,0,0,0,3.125,10.0694655625,0,0,0.021701375,0,0,0,0,0,0,0,0,0,0,0,0,0,0,0,0,0,0,0
3530,1,18042,E03,0,C125605,12.825534375,0,0,0,0,0,0,17.057300125,0.629340625,0,0,0,0,0,0,0,19.2708225,0,0,0,0,0,0,15.5598934375,2.03993125,0,0,0,0,0,0,0,0,19.0538166875,0,0,0,0,0,0,0,0,0,0,0,0,0,0,0
3530,1,18042,F03,0,C125605,1.1284746875,0,0,0,0,0,0,0,13.99740625,3.9279509375,10.3949653125,2.929686375,0,0,0,0,0,10.9591741875,0,0,0,0.021701375,17.70831875,0,0,0,13.2595425,0,0,0,0,0,0,0,0,0,10.568590625,2.1050365625,0,0,0,0,0,0,0,0,0,0,0
3530,1,18042,G03,0,C125605,0.021701375,0,0,0,27.2135225,0.021701375,0,0,0,0,0,0,0,0,0,0,0,0,26.56250075,0,0,0,0,33.1597053125,0,0,0,0,0,0,0,0,18.185759375,49.21875,10.850695125,0,0,0,0,0,0,0,0,0,0,0,0,0,0
3530,0,18042,H03,0,C125605,0,0,0.021701375,0,0,0,0,0,0,1.779514375,0.6727441875,0,0,0,0,0,17.2092,2.734375,0,0,0,0,0,0,0,0,0,0,19.2057309375,7.7690849375,0,0,0,21.028621875,0,0,0,0,0,0,0,0,0,0,0,0,0,0,0
3530,1,18042,A04,0,C125605,0,0,12.1961771875,10.1345354375,10.00433,3.255209375,0,0,17.40451875,6.727431875,0,0,0,0,0,0,22.6562596875,0,0,0,18.858501625,26.757828125,24.045132,0.78125,0,0,0,0,0,0,0,0,16.7100915625,2.669270125,0,0,0,0,0,0,0,0,0,0,0,0,0,0,0
3530,1,18042,B04,0,C125605,0,0,0,0.0868055,0,13.151031375,0,0,8.007803125,1.9965274375,0.021701375,0,0,0,0,0,0,2.105034375,8.615464375,0,0,0,2.994790625,7.9861079375,0,0,0,0,0,0,0,0,0,0,0,0,0,0,0,0,0,0,0,0,0,0,0,0,0
3530,1,18042,C04,0,C125605,5.4687516875,0,14.800357,0.0651041875,0.021701375,0,0,0,0,0,0,0,5.18663125,3.385415,0,0,8.159718375,0.8897580625,0,0,0,7.59548125,0,0,0,0,10.5685903125,0,8.355036875,3.88455,0,0,0,0,0,0,0,0,0,0,0,0,0,0,0,0,0,0,0
3530,1,18042,D04,0,C125605,0,0,0.086805625,8.33332575,0,0,0,0,0,0,2.25694325,0,7.7039991875,0,0,0,0,0,3.64583325,0.173611,0.021701375,7.052940625,0.9331590625,0.021701375,0,0,5.7291678125,0.021701375,0,0,8.0946228125,0,3.42882125,0,0,0,0.021701375,0,0,0,0,0,0,0,0,0,0,0,0
3530,1,18042,E04,0,C125605,0,0,0,0,0,3.42881875,0,0.021701375,0,0,0,5.2083418125,0,0,0,0,2.64756875,1.2369778125,0,0,0,0,0,0,3.9496553125,0.0651040625,0,0,4.6657984375,0,2.62586875,1.1501729375,0.021701375,0,0,0,0,0,0.021701375,0,0,0,0,0,0,0,0,0,0
3530,1,18042,F04,0,C125605,0,0,0,0,0,0,15.299475,0.60764,0,0,0,0,0,0,0,15.8854125,0.542534375,0,0,0,0,8.2031203125,0,0,0,0,0,15.820317,0,0,0,0,8.398443125,0,0,0,0,0,0,0,0,0,0,0,0,0,0,0,0
3530,1,18042,G04,0,C125605,0,0,0,0,0,0,0,9.809045125,0,0,0,0,0,0,0,14.8437603125,6.22829825,1.9531271875,0,0,0,0,0,0,0,0,0,0,14.9088553125,1.1935778125,11.935768375,0,0.021701375,0,0,0,0,0,0,0,0,0,0,0,0,0,0,0,0
3530,0,18042,H04,0,C125605,0,0,0,15.2560625,3.819446875,0,0,0,0,0,0,0,18.9453045,1.2586795,0,0,0,0,0,7.834213125,2.061633125,0,0,0,2.690971875,16.9922010625,0,0,0,22.743059375,17.2526284375,4.3402795,20.182265625,11.63192,8.2031241875,0,0,0,0,0,0,0,0,0,0,0,0,0,0
3530,1,18042,A05,0,C125605,15.082459375,1.6710073125,0,0,7.269965625,2.2786454375,0,0,0,13.0859375,0,0,0,9.2230890625,0,0,10.503474375,0.021701375,0.021701375,13.6718760625,0.108507,0,0,0,9.54860875,0.2387150625,0,0,15.49479125,9.7873135625,7.5086760625,0,0,0,0,7.031249,0.6727430625,0,0,0.021701375,0,9.0494740625,0,0,0,0,0,0,0.021701375
3530,1,18042,B05,0,C125605,0.6727443125,0.21701375,17.8819555625,0,0,0,0,0,0,7.48699375,7.139753125,0,0,0,0,0,0,8.723973375,0.021701375,17.838537,0,0,0,13.3246403125,0,0.021701375,0,0,0.0651040625,18.2291559375,0,0,0,0,0,0,0,0,0,0,0,0,0,0,0,0,0.021701375,0,0
3530,1,18042,C05,0,C125605,0,0,0,0,0,0,0,0,0,0,0,0,0,11.414920625,0.21701375,0,13.4114541875,0,1.605903125,2.3220490625,11.41493375,0.021701375,0,0,0,0,0,0,0,0,0,0,0,16.883694,13.932272,2.0833321875,0,0,0,0,0,0,0,0,0,0,0,0,0
3530,1,18042,D05,0,C125605,0,0,12.1961790625,0.954861875,0,0,0,9.244803125,7.33506875,0,4.0798615625,1.6927090625,0,14.344625125,0,0,0,0,7.66059375,3.5590304375,13.368055625,2.7126715625,0,0,0.021701375,8.2899460625,0,0,12.586823125,0,9.48353125,6.401908,12.456587,6.4453035,4.49218325,0,0,0,0,0,0,0,0,0,0,0,0.021701375,0,0
3530,1,18042,E05,0,C125605,6.9444434375,0,0,0,12.56509,6.7925215625,3.993053125,0,10.1562528125,0,0,0,10.850687625,0,0,2.083334375,13.9106061875,0,0,0,0,0,0,14.4965425,0,0,11.61024325,0.021701375,0,12.86890875,0,0,0,0,0,0,0,0,0,0,0,0,0,0,0,0,0,0,0
3530,1,18042,F05,0,C125605,0,0,8.8975625,12.912334375,0,0,0,0,0,0,0,0,21.5929,0,0,0,0,0,0,0,25.28211875,0.1519096875,0,0.021701375,0,0,15.0173621875,0,25.6076565625,0.0434028125,0,9.59203125,58.5286434375,86.1544875,64.2795059375,12.91232125,0,0,0,0,0,0,0,0,0,0,0,0,0.021701375
3530,1,18042,G05,0,C125605,0,0,0,0,0,0,14.474828125,0,0,0,0,0,0,0,0,0,17.122415625,0,0,0,0,0,0,15.10414625,0,0,0,0,0,0,0,0,0,0,0,0,0,0,0,0,0,0,0,0,0,0,0,0,0
3530,0,18042,H05,0,C125605,0,0,0,0,0,0,0,0,0,0,0,0,0,0,0,0,0,0,0,0,15.885412,0,0,18.53298075,0,0,0,0,0,0,0,2.23524375,69.98698125,46.07204825,36.783840625,19.98696875,0,0,0,0,0,0,0,0,0,0,0,0,0
3530,1,18042,A06,0,C125605,0,0,0,0,0,0,0,0,0,0,0,0,0,0,10.026038125,0.2387153125,0,0,0,2.4522555,0,0,0,0,0,9.1146003125,0.0434028125,0,0,0,0,0,0,0,0,0,0,0,0,0.021701375,0,0,0,0,0,0,0,0,0
3530,1,18042,B06,0,C125605,0.021701375,0,0.021701375,0,0,6.987846875,0,0,0,0,0,0,0,0,4.4487840625,0,0,0,0,0,0,0,9.2882009375,0,0,0,0,0,0,0,0,0,0,0,0,0,0,0,0,0,0,0,0,0,0,0.021701375,0,0,0
3530,1,18042,C06,0,C125605,0,0,0,13.2812630625,10.9374865,0.108506875,0,10.8289960625,0,0,0,4.188375,11.979174,0,0,0,0,0,0,0,0,0,0,4.578993125,3.1901049375,0,8.2682290625,0.021701375,0,0,0,0,0,0,0,20.2474046875,0,0,0,0,0,0,10.0694503125,0.9331584375,0,0,0,0,0
3530,1,18042,D06,0,C125605,15.6683946875,0,0,0,0,0,0,0,0,8.46355625,8.810752,0,0,0,0,0,0,0,16.536435,0,0,0,0,0,0,0,0,0,0,0,18.01216375,1.45399425,0,16.992178125,0,0,0,0,0,0,0,0,0,0,0,0,0,0,0
3530,1,18042,E06,0,C125605,0,0,0,0,0,14.322921375,0,0,0,0,0,0,0,1.953126375,23.2204909375,0,0,0,0,0,0,0,0,0,0,0,31.85763575,0,0,0,0,0,0,12.109365,0,0,0,0,0,0,0,0,0,0,0.021701375,0,0,0,0
3530,1,18042,F06,0,C125605,0,0,0,0,0,0.021701375,0,0,14.49653125,6.119790625,0,0,0,0,0,0,17.0355625,2.7343746875,0,0,0,0,0,0.021701375,0,0,0,0,0,0,8.1380234375,0,7.8776010625,42.7300375,1.323784375,0,0,0,0.021701375,0,0,0,0,0,0,0,0.021701375,0,0
3530,1,18042,G06,1,C125605,NA,NA,NA,NA,NA,NA,NA,NA,NA,NA,NA,NA,NA,NA,NA,NA,NA,NA,NA,NA,NA,NA,NA,NA,NA,NA,NA,NA,NA,NA,NA,NA,NA,NA,NA,NA,NA,NA,NA,NA,NA,NA,NA,NA,NA,NA,NA,NA,NA
3530,0,18042,H06,0,C125605,13.5416740625,0.0434028125,0,0,0,0,0,0,0,0,0,0,0,0,11.9791625,1.5190984375,0,0,0,0,0.021701375,0,0,0,0,0,0,14.453125,0,0,0,0,0,0,0,0,0,0,0,0,0,0,0,0,0,0,0,0,0
3530,1,18042,A07,0,C125605,0,0,0,16.57986,0,0,0,0,17.664918125,0,0,0,0,15.5816028125,6.11978125,29.9045066875,24.023451875,14.2794853125,19.943576875,19.6614440625,16.362853125,7.1831603125,0,0,0,0,0,0,0,0,0,0,16.1241303125,5.924478125,2.1701390625,0,0,0,0,0,0,0,0,0,0,0,0,0,0
3530,1,18042,B07,0,C125605,0.1519096875,0,0,14.583328125,1.388888875,0,5.8376769375,0,0,0,16.6883615625,0,0,0,0,0,0,0,15.516506875,0.021701375,0,0,0,0,0,0,5.295138125,0,9.223090625,8.007810125,0,0,0,0,0,0,17.513042,0,0,0,0,0.021701375,0,0,0,0,0,0,0
3530,1,18042,C07,0,C125605,0,0,5.05642125,0.238715125,0,0,0,0,0,4.6657968125,0,3.01649375,2.8645836875,5.7508671875,0.6727418125,0.021701375,0,0,3.146703375,0.73784775,0,3.7543430625,0.0434028125,0,5.1649195,0,5.49045125,0.086805625,4.6223985625,0.3689234375,0,0,0,0,0,0,0,0,0.021701375,0,0,0,0,0,0,0,0,0,0
3530,1,18042,D07,0,C125605,0,14.800346875,1.063368125,0,0,0,0,0,0,13.0208055625,0,0,0,14.1275871875,0,0,0,0,0,0,0,11.979176375,11.6102478125,0.108506875,0,0,0,0,0,0,4.7309028125,0,0.021701375,0,0,0,0,13.1510278125,0,0.021701375,0,0,0.04340275,0,0,0,0,0,0
3530,1,18042,E07,0,C125605,0,0,0,0,0,0,0,0.021701375,14.3880125,0,0,0,0,0,0,0,0,0,0,6.5321321875,2.5390610625,0,0,0,0,0,0,12.8906196875,13.953995125,24.435768125,0,0,0,0,0,0,0,0,0,0,0,0,0,0,0,0,0,0,0
3530,1,18042,F07,0,C125605,0,0,0,0,0,0,0,0,0,0,0,0,5.46875125,0,0,0.021701375,0,0,0,0,14.366321875,0,0,0,0,2.8862875,1.2803840625,0,0,0,0,0,0,5.685759375,1.974826375,0,0,0,0,0,0,0,0,0,0,0,1.410590625,0.390625,0
3530,1,18042,G07,0,C125605,0,0,0,0,0,0,0,0,0.021701375,0,15.47309375,8.39842875,0,0,0,0.021701375,0,0,8.07291875,12.3914823125,0,0,0,0,0,0,0,0,20.225696875,2.3654528125,0,0,0,0,0,0,0,0,0,0,0,0,0,0.021701375,0,0,0,0,0.021701375
3530,0,18042,H07,0,C125605,0,17.556428125,0,0,0,0,0,18.16405,0,0,0,15.429684375,2.2569440625,0,0,0,0.021701375,5.577243125,13.0642459375,0,0,0,0,16.905365625,1.2152803125,0,0,0,0,0,11.111113875,1.93142375,59.8741346875,88.7587215625,46.50607325,12.0876771875,0,0,0,0,0,0,0,0,0,0,0,0,0
3530,1,18042,A08,0,C125605,4.709200875,0.021701375,0,0,0,4.058159375,0,0,3.49392125,0,0,0,0,0,4.1015616875,0,0.499131625,6.011275625,0.49913325,0,0,0,0,1.605900625,0,3.190103125,2.105035,2.322046875,0.021701375,0,6.206598125,0,0,0,0,0,0,0,0,0,0,0,0,0,0,0,0,0,0
3530,1,18042,B08,0,C125605,0,0,0,0,0,0,0,0,0,16.8402834375,0,0,0,0,0,0,0,0,0,0,13.47655625,0,0,0,0,0,0,0,0,0,0,0,6.87934375,0,0,0,0,0,0,0,0,0,0,0,0,0,0,0,0
3530,1,18042,C08,0,C125605,0,0,6.25,10.807283125,1.627603125,7.2048728125,9.743933875,0,0,0,0,0.021701375,0,0,0,0,0,0,0,0,14.626725625,0.021701375,0,0,0,0,0,0,0,0,16.9922,0,0,0,0,0,0,0,0,0,0,0,0,0.04340275,0,0,0,0,0
3530,1,18042,D08,0,C125605,2.690974375,0.021701375,8.224834375,2.039932625,13.1293303125,0,0,0,0.021701375,0,0,0,8.875875125,0.021701375,0,0,8.0729241875,0,0,12.6735875,2.71267375,0,0,0,0,16.14583125,0.8463554375,0,0,12.4566003125,0.62934025,0,0,0,1.953126375,5.5772575,0,0,0,0,0,0,0,0,0,0,0,0,0
3530,1,18042,E08,0,C125605,0,21.961801375,0,0,0,0.021701375,0,0,0,23.0685625,0,0,0,0,18.142334375,3.6675340625,0,0,0,0,0,0,0,0.021701375,0,0,0,0,25.5642259375,0,0,0,0,23.6979025,0,0,0,0,0,0,0,0,0,0,0,0,0,0,0
3530,1,18042,F08,0,C125605,0,0,15.7986153125,1.3454868125,0,0.021701375,0,0,0,0,0,14.257815625,2.40885625,0.021701375,0,0,0,17.5130260625,0,0,0,0,0,0,0,0,0,0,3.45053125,12.152763125,0,2.604165625,50.130168125,51.77954875,36.8706771875,2.32205,0,0,0,0,0.021701375,0,0,0,0,0,0,0,0
3530,1,18042,G08,0,C125605,0,0.021701375,0,0,0,0,0,20.5512304375,0.04340275,0,0,0,0,0,0,21.9400960625,0,0,0,0,0,0,0,0,0,0,0,0,0,0,0,0,22.374140625,0,24.1753559375,0,0,0,0,0,0,0,0,0,0,0,0,0,0
3530,0,18042,H08,0,C125605,0,0,18.4461643125,0,0,0,0,0,0,0,0,0,0,4.253461875,6.51041375,0,0,0,0,0,0,0,0,0,0,0,0,11.024296875,0,0,0,0,0,0,0,0,0,0,0,0,0,0,0,0,0,0,0,0,0
3530,1,18042,A09,0,C125605,0,0,0,0,0,0,0,0.021701375,1.01996625,0,0,0,0,0,0,0,0,0,0,0,0,0,0,5.056434375,18.7716890625,0,0,0,0,0,0,0,0,0,0,0,0,0,0,0,0,0,0,0,0,0,0,0,0
3530,1,18042,B09,0,C125605,0.04340275,0,0,0,0,0,0,14.60503125,0.1953124375,0,0,0,0,0,0,0,0,14.49651875,0.108507,0,0,0,0,0,0,0,0,0,16.6666646875,0,0,0,15.082459375,1.1501734375,0,0,0,0,0,0,0,0,0,0,0,0,0,0,0
3530,1,18042,C09,0,C125605,0,0,0,0,0,0,0,20.551225,0.54253575,0,0,19.72655625,0,21.766476375,0,0,0,0,0,0,0,26.953114375,0.086805625,0,0,0,12.717023875,0,0,0,0,0,0,0,0,23.5460071875,0.021701375,0,0,0,0.021701375,0,0,0,0,0,0,0,0
3530,1,18042,D09,0,C125605,0,0,0,16.341140625,0.9982653125,0,0,0,0,0,15.5164890625,1.345486875,0,16.384546875,1.453991875,0,0,0,18.6632180625,0,0,0,0,15.039090625,1.4973971875,0,0.021701375,0.021701375,0,0,18.9887034375,0.1302084375,2.5173625,7.1614536875,0,0,0,0,0,0,0,0,0,0,0,0,0,0,0
3530,1,18042,E09,0,C125605,0,0,13.6718699375,12.803801875,0,0,0,0,0,0,0,0.021701375,0,0,7.118065125,1.519097625,0,0,0,19.2057334375,0,0,0,0,0,0,0,0.021701375,0,8.8107509375,0.217014,0,0,55.59893325,22.2656284375,0,0,0,0,0,0,0,0,0,0,0.021701375,0,0,0
3530,1,18042,F09,0,C125605,0,0,0,0,0,0,20.1823096875,0.021701375,0,0,0,17.18749375,4.9045146875,0,0,0,0,0,0,0,0,8.48524325,0,19.921892,0,0,0,0,0,0,0,14.843732625,10.807291375,11.8272595,2.1484375,0,0,0,0,0,0,0,0,0,0,0,0,0.021701375,0
3530,1,18042,G09,0,C125605,0,0,5.0781285625,0,1.714409375,12.999112125,0,0,0,13.5633675,0,0,0,14.171009375,0.976562,0,0,0,13.758685125,0,0,0,15.082463875,0.1302084375,0,15.5599045,0.49913125,0,0,15.733524375,0.976563875,0,9.2447921875,70.42096875,7.70399275,2.75607625,3.407120125,0,0,0,0,0,12.0225809375,2.126734375,0,0,0,0,0
3530,0,18042,H09,0,C125605,0,17.8819296875,0,0,0,0,0,0,0,0,0,19.35764375,17.252608125,0,0,0,0,0,0,0,0,0,0,0,0,0,15.5164975,0.021701375,0,0,0,0,0,0,0,0,0,0,0,0,0,0.021701375,0,0,0,0,0,0,0
3530,1,18042,A10,0,C125605,0,0,0,0,0,0,0,0.021701375,9.8524235625,0,0,0,0,0,0,0,5.685763875,0,0,0,0,0,0.021701375,0,0,6.5755309375,0.4557305625,0,0,0,0,0,0,0,0,0,0.021701375,0,0,0,0,0,0,0,0,0,0,0,0
3530,1,18042,B10,0,C125605,0,0,6.25000125,0,0,0,0,0,13.75869375,0.0434028125,0,3.363715625,1.4756928125,0,0,0,0,0,19.639746875,0,11.697038125,0,0,0,0,0,0,0,0,9.98264375,0.0651040625,0,9.2014025,1.62760375,0,0,0,0,0,0,0,0,0,0,0,0,0,0,0.021701375
3530,1,18042,C10,0,C125605,0,0,0,0,0,10.894103125,0.7595495,0,0,0,0,0,0,0,0,15.1041875,0,10.9374903125,0,0,0,0,16.0373353125,0.672744375,0,0,0,0,12.456625,4.8611129375,0,0,0,0,0,0,0,0,0,0,0,0,0,0,0,0,0,0,0
3530,1,18042,D10,0,C125605,0,0,0,17.078978125,0,0,0,0,0,0,0,0,0,0,0,0,0,0,0,0,17.925354375,0,0,0,0,0,0,0,0,0,0,0,0,0,0,0,0,0,0,0,0,0,0,0,0,0,0,0,0
3530,1,18042,E10,0,C125605,0,0,0,0,0,0,0,0,0,0,0,0,0,0,0,6.48870275,0.021701375,0,0,7.5520940625,0,0,0,0,0,0,13.0642403125,0,0,0,0,0,0,0,0,0,0,0,0,0,0,0,0,0,0,0,0,0,0
3530,1,18042,F10,0,C125605,0,0,13.8237890625,1.6493041875,0,14.21441075,1.7361086875,0,0,0,0,0,6.0763903125,0,0,0,0,18.5329691875,0,0,0,0,0,0,0,0,0,7.53038575,1.73611075,19.075513125,0,0,18.272585,3.906250125,13.715295125,0,0,0,0,0,0,0,0,0,0,0,0,0,0
3530,1,18042,G10,0,C125605,0,0,0,5.9027875,6.835942125,0,0,0,0,0,0,0,0,0,0,0,0,0,0,0,0,0,0,0,0,8.15973825,0,0,0,0,0,0,0,10.0260395,0.17361125,0,0,0,0,0,0,0,0,0,0,0,0,0,0
3530,0,18042,H10,0,C125605,0,17.165803125,1.953124375,0,0,0,4.210067,1.8880215625,0,0,0,0,21.0937528125,0,0,0.021701375,0,0,0,0,19.618054375,0,0,0,0,0,0,24.110262,0,0,0,0,21.527790625,0.13020825,0,0,0,0,0,0,0,0,0,0,0,0,0,0,0
3530,1,18042,A11,0,C125605,0,0,0,0,0,0,0,0,0,0,0,0,0,0,0,0,0,0,0,0,0,0,0,0,0,0,0,0,0,0,0,0,0,0,0,0,0,0,0,0,0,0,0,0,0,0,0,0,0
3530,1,18042,B11,0,C125605,0,0,0,7.6605809375,0.6076403125,0,0.0434028125,9.7656265,0,0,0,0,0,0,0,0,0,0,0,0,5.772570875,0,0,0,0,3.8628375,5.013021625,0,0,0,0,0,0,0,0,0,0,0,0,0,0,0,0,0,0,0,0,0,0
3530,1,18042,C11,0,C125605,0,5.230038875,8.0295,6.749125,0,0,0,0,0,0,0,0,0,0,0,0,0,0,13.4331693125,0,0,0,0,0,0,13.7152546875,0,0,0,0,0,0,0,0,0,0,0,0,0,0,0,0,0,0.021701375,0,0,0,0,0
3530,1,18042,D11,1,C125605,NA,NA,NA,NA,NA,NA,NA,NA,NA,NA,NA,NA,NA,NA,NA,NA,NA,NA,NA,NA,NA,NA,NA,NA,NA,NA,NA,NA,NA,NA,NA,NA,NA,NA,NA,NA,NA,NA,NA,NA,NA,NA,NA,NA,NA,NA,NA,NA,NA
3530,1,18042,E11,0,C125605,0,0,0,15.2777603125,0,0,0,0,0,0,0,12.196169375,0,0,0,0,0,0,0,0,0,0,0,12.9774396875,0.021701375,0,0,0,0,0,0,0,0,10.069446875,1.8663215625,0,0,0,0,0,0,0,0,3.927953125,0,0,0,0,0
3530,1,18042,F11,0,C125605,6.987845625,0,0,0,0,0,0,0,10.69879375,0,0,0,0.021701375,0,0,0,0,0,0,0,0,0,0,0,0,0,0,0,0,0,0,0,0,0,0,0,0,0,0,0,0,0,0,0,0,0,0,0,0
3530,1,18042,G11,0,C125605,0,0,0,0,2.84288125,13.281275,0,0,0,8.48524625,0,14.756940625,0.303819375,5.57725625,1.21527575,0,0,0.021701375,0,0,14.865442,2.734375,8.528635,0,0,0,0,16.84028075,0,0,0,0,7.7691054375,12.456613875,12.2829771875,2.5607635625,0,0,0,0,0,0,0,0,0,0,0,0,0
3530,0,18042,H11,0,C125605,2.256946875,0,0,0,0,0,0,12.9557190625,0,0,0,0,0,0,0,0,0,0,14.8437329375,0,0,0,0,0,0,0,0,13.302954375,0,0,0,0,0,0,0,0,0,0,0,0,0,0,0,0,0,0,0,0,0
3530,1,18042,A12,0,C125605,0,0,0,0,0,0,0,0,0,0,0,2.1918415625,0,0,0,0,11.78385,0.2387153125,0,10.78558,0,0,0,0,0,0,0,0,0,0,0,0,0,0,0,0,0,0,0,0,0,0,0,0,0,0,0,0,0
3530,1,18042,B12,0,C125605,14.3880335625,0,0,17.317718375,0,0,0,0,0,0,0,0,9.3750071875,0.1302084375,0,0,0,16.319453125,0,0,0,14.9305475,0,0,0,0,0,0,14.431409375,0.95486,0,0,0,26.323783875,0.021701375,0,0,0,0,0,0,0,0,0,0,0,0,0,0
3530,1,18042,C12,0,C125605,17.07898125,0.0651040625,0,0,0,0,6.4887165625,0,0,0,0,15.2777871875,0,0,0,0,0,0,0,0,16.0807175,0,0,0,0,15.7118071875,0,0,0,0,15.2994875,1.32378375,0,0,0,0,0,0,0,0,0,0,0,0,0,0,0,0,0
3530,1,18042,D12,0,C125605,0,4.9045153125,0,0,0,0,0,0,0,8.6805434375,0,0,0,0,4.9696175,0.2604165625,0,0,0,0,0,0,0,0,0,0,0,0,9.9826399375,0,0,0,0,7.595502125,0,0,0,0,9.4835225,0,0,0,0,0,0,0,0,0,0
3530,1,18042,E12,0,C125605,1.996528125,0,0,0,20.3992865625,0,0,0,0,0,0,0,0,0,0,0,0,0,0,7.118051875,0,0,0,0,0,17.643224375,0,0,0,0,0,0,0,0,0,0,0,0,0,0,0,0,0,0,0,0,0,0,0
3530,1,18042,F12,0,C125605,0,9.613725,0.889757625,0,0,0,0,10.63367325,0,0,5.96788375,0.1953125,0,0,11.4366448125,0,0,0,0,0,0,0,0,4.2751741875,1.280381875,0,0,11.328128125,0,0,0,14.8654295,21.67968125,11.718735625,33.9843484375,0,0,0,0,0,0,0,0,0,0,0,0,0,0
3530,1,18042,G12,0,C125605,0,3.3854154375,0,0,4.88281075,0,0,0,0,0,0,0,2.907985875,0,4.036469,0,0,0,0,2.9947896875,0.151909625,0,0,0,4.5355875,0,0,0,0,0,0,0,0,0,0,0,0,0,0,0,0,0,0,0,0,0,0,0,0
3530,0,18042,H12,0,C125605,0,0,0,0,0,0,7.9210065,0,0,0,0,5.62066075,2.7343753125,0,8.3767353125,0,0,0,15.429671875,3.79774375,0,0,0,0,0,0,0,0,0,18.29429125,0,0,0,0,5.837670125,12.0442728125,0,0,0,0,0,0,0,0,0,0,0,0,0
3530,1,18043,A01,0,C125605,0,0,0,0,0,0,0,0,0,0,0,0,0,0,10.4600825,0,0,0,0,0,0,0,0,0,0,0,0,10.19964375,2.45225625,0,0,0,0,0,0,0,0,0,0,0,0,0,0,0,0,0,0,0,0
3530,1,18043,B01,0,C125605,0,0,0,0,0,0,0,0,0,0,0,0,5.099827,0,0,14.2360948125,0,0,0,5.0564225,0.21701375,0,0,0,0,0,0,0,14.27950375,0,0,0,0,0,0,0,0,0,0,0,0,0,0,0,0,0,0,0,0
3530,1,18043,C01,0,C125605,0,0,0,8.68055,7.48698575,0,0,0,0,0,0,0,0,0,0,0,4.79599375,2.148438125,0,0,0,8.9626625,8.8758696875,0,0,0,0,0,19.85675875,0,0,0,0,0,0,0,0,0,0,0,0,0,0,0,0,0,0,0,0
3530,1,18043,D01,0,C125605,0,0,0,5.44704625,1.3020834375,0,0,0,0,0,0,0,0,0,0,6.315103875,0,0,11.8706375,0.021701375,0,0,0,0,0,0,0,0,0,12.9991309375,0.73784825,0,0,0,0,0,0,0,0,0,0,0,0,0,0,0,0,0,0
3530,1,18043,E01,0,C125605,5.3819371875,1.605901375,0,0,0,0,15.9071260625,0,0,0,0,0,0,0,0,0,0,0.73784825,15.4513909375,0,0,0,0,14.453103125,0,0,0,0,0,0,0,0,0,0,0,0,0,0,0,0,0,0,0,0,0,0,0,0,0
3530,1,18043,F01,0,C125605,0,0,4.079875,16.0156246875,0,0,0,0,0,16.4279485625,0,0,0,0,0,20.486125,0.021701375,0,0,0,0,0,18.077259375,3.103299125,0,0,0,21.7664903125,0,10.3949785625,0,0.0434028125,19.2274365625,33.7239573125,47.63455625,1.0416659375,0,0,0,0,0,0,0,0,0,0,0,0,0
3530,1,18043,G01,0,C125605,0,0,0.021701375,17.8819696875,0,0,0,1.25868125,16.47137125,0,0,0,0,16.8836884375,0.9548615625,0,0,0,0,18.1206315625,0,0,0,0,0,18.12068125,0,0,0,0,17.881932625,0,36.046003125,20.39931075,0,0,0,0,0,0,0,0,0,0,0,0,0,0,0
3530,0,18043,H01,0,C125605,0,0,18.598076375,0,0,0,0,0,0,0,0,0,0,17.4262303125,0,0,0,0,0,0,0,0,0,0,0,0,0,0,0,0,0,0,0,0,0,0,0,0,0,0,0,0,0,0,0,0,0,0,0
3530,1,18043,A02,0,C125605,0,0,0,19.552957625,0,0,0,0,0,15.4947809375,5.3819545,0,0,0,0,19.0321125,0,0,0,0,0,3.5373159375,17.100703125,0,0,0,0,0,18.6848916875,0,0,0,0,0,0,0,0,0,0,0,0,0,0,0,0,0,0,0,0
3530,1,18043,B02,0,C125605,0,0,18.1423509375,0,0,0,0,13.0642325,1.236979375,0,0,0,0,0,0,8.5069359375,1.605901875,0,0,0,15.342865625,0,0,0,5.164928125,0.91145825,0,0,0,5.121513875,9.548611875,0,0,33.6805365625,2.5390625,0,0,0,0,0,0,0,0,0,0,0,0,0,0
3530,1,18043,C02,0,C125605,18.207451875,0,0,4.7960095,0,0,0,16.8619796875,0,0,0,17.426215625,17.66493575,0,0,0,0,0,0,0,15.841981875,0,0,17.404540625,0,0,0,0,0,16.7317553125,0,23.0251746875,45.07376625,18.8150925,3.9496521875,0,0,0,0,0,0,0,0,0,0,0,0,0,0
3530,1,18043,D02,0,C125605,0,0,6.293403125,0,16.8836965625,0,0,0,0,0,0,0,15.863716875,0,0,0,0,0,0,0,0,0,0,17.513016375,0,0,0,0,0,0,0,0,0,0,0,0,0,0,0,0,0,0,0,0.021701375,0,0,0,0,0
3530,1,18043,E02,0,C125605,0,0,0,17.4044975,0,0,0,0,0,0,0,0,19.4878371875,0,0,0,20.09549375,0,0,0,0,8.420153125,13.1944353125,0,0,0,0,0,0,0,0,36.08941875,1.497397125,0,0,0,0,0,0,0,0,0,0,0,0,0,0,0,0
3530,1,18043,F02,0,C125605,0,0,0,20.638046875,4.427084375,0,0,0,0,0,1.7578125,25.065084375,0,0,0,0,0,0,10.80728125,15.2126565625,0,0.021701375,0,0,0,25.88973,0,0,0,0,0,3.559021875,31.3368195,54.66583125,38.8237775,16.840281875,24.522575,0,0,0,0,0,0,0,0,0,0,0,0
3530,1,18043,G02,0,C125605,0,0,0,2.213540625,7.2699671875,0,0,0,0,0,0,11.176211875,0.0651041875,0,0,0,0,0,10.1345528125,0.1953125,0,0,0,0,0,0,0,11.6753429375,0,0,0,0,8.2031303125,4.7743065625,0,0,0,0,0,0,0,0,0,0,0,0,0.021701375,0,0
3530,0,18043,H02,0,C125605,0,0,0,0,0,15.559896875,0,0,0,0,0,0,2.5607625,3.645833125,0,0,0,20.68141625,0.1302084375,0,0,0,0,16.01561875,3.8194465625,0,0,0,0,0,0,0,0,0,0,0,0,0,0,0,0,0,0,0,0,0,0,0,0
3530,1,18043,A03,0,C125605,0,0,5.8593741875,12.999115,0,0,0,3.667534375,0.8680560625,0,0,0,0,0,0,6.74913,0,0,12.456625,5.729163875,0,0,0,0,0,7.5954846875,0.17361125,0,0,0,0,0,0,0,0,0,0,0,0,0,0,0,0,0,0,0,0,0,0
3530,1,18043,B03,0,C125605,15.8203,0,0,0,15.40798125,1.128472875,0,0,0,0,0,0.021701375,15.798596875,3.7326403125,0,0,0,0,4.578991875,0,22.135432625,0.4774304375,0,0,0,0,0,0,0,15.8637,6.141495125,0,0,0,0,0,0,0,0,0,0,0,0,0,0,0,0,0,0.021701375
3530,1,18043,C03,0,C125605,17.6649375,0.04340275,0,0,0,12.47828125,8.5503378125,0,0.021701375,0,24.30554625,3.906240625,0,0,19.531246875,0,0,0,0,11.610251875,0,19.07551875,0.412325,0,0,0,21.809907,0.021701375,0,0,10.5251721875,47.50433125,76.128471875,47.74304825,4.036446875,9.4183891875,0,0,0,0,0,0,0,0,0,0,0.021701375,0,0
3530,1,18043,D03,0,C125605,0,0,0,0.021701375,16.81855875,0,0,0,0,0,16.080714375,0,0,0,0,0,0,0,0,0,17.20920075,0,0,0,0,0,0,0,0,0,23.632815625,1.21527875,0,0,0,0,0,0,0,0,0,0,0,0,0,0,0,0,0
3530,1,18043,E03,0,C125605,0,0,19.42274375,0,0,0,0,17.1657885625,0,0,0,0.021701375,0,0,0,0,0,0,15.798625,2.7777778125,0,0,0,0,15.928825,0,0,0,0.021701375,0,0,0,0,0,0,0,0,0,0,0,0,0,0,0,0,0,0,0,0
3530,1,18043,F03,0,C125605,0,0,0,0,23.3073,0,0,0,0,0,0,0,0,0,0,0,0,0,0,0,24.1319491875,0.021701375,0,0,0,0,0,0,24.761282625,0.021701375,0,0,0,0,0.021701375,0,0,0.021701375,0,0,0,0,0,0,0,0,0,0,0
3530,1,18043,G03,0,C125605,8.9192635625,0,0,0,0,0,0,0,0,16.037334375,0,0,0,0,0,16.080714375,0,0,0,0,0,0,0,0,14.800364375,0,0,0,0.021701375,13.5199621875,0.021701375,0,0,0,0,0,0,0,0,0,0,0,0,0,0,0,0,0,0
3530,0,18043,H03,0,C125605,0,0,0,0,0,0,0,10.1345479375,0.17361125,9.2230916875,0,0,0,10.7855909375,0.716146875,0,0,6.922751875,0.4774315625,0,0,0,8.44184375,4.0581595,0,0,0,8.311630625,0,0,0,0,0,0,0,0,11.30641125,0.84635375,0,0,0,0,0,0,0,0,0,0,0
3530,1,18043,A04,0,C125605,15.9288249375,0,0,0,0,0,5.9461796875,0,0,0,13.3463403125,0,0,0,0.021701375,0,0,0.021701375,3.5156241875,1.019963875,0,13.628480625,0.021701375,0,0,0,0,0,3.493925,0,0,0,0,0,0,0,0,0,0,0,0,0,0,0,0,0,0,0.021701375,0
3530,1,18043,B04,0,C125605,0,21.4192645,0,0,0,0,12.95575,9.4618128125,0,0,0,0,4.3619875,4.2100675,0,0,22.786480625,0.0651041875,0,0,0,0,0,21.0937310625,0.065104125,0,0,0,14.279499375,0,0,0,17.122386875,3.645834375,4.752605625,0,0,0.021701375,0,0,0,0,0,0.021701375,0,0,0,0,0
3530,1,18043,C04,0,C125605,18.858511375,0,18.164071875,2.582465625,0,0,0,8.5720465625,0,0,0,0,0,13.1076125,10.0477675,0,0,0,0,21.202265,0,5.2083340625,1.888021375,0,0,0,0,0,9.548614375,0,7.6606045,17.8385475,32.986101875,39.6701128125,5.7942710625,3.45051875,0,0,0,0,0,0,0,0.021701375,0,0,0,0,0.021701375
3530,1,18043,D04,0,C125605,0,0,0,0,0,0,0,3.125,14.7569298125,0,0,0.021701375,0,0,21.22395,0,0,0,0,0,0,0,0.021701375,0,0.021701375,0,0,0,7.8341946875,0,0.021701375,0,0,0,0,0,0,0,0,0,0,0,0,0,0,0,0,0,0
3530,1,18043,E04,0,C125605,0,0,0,0.021701375,0,0,5.36024125,12.63020375,0,0,0,0,0,0,0,5.989585125,0,0,0,0,0,13.867165625,1.08506825,0,0,0,0,0.021701375,0,9.657132,0.086805625,0.021701375,0,0,0,0,0,16.775175625,0,0,0,0,0,0,0,0,0,0,0
3530,1,18043,F04,0,C125605,0,0,0,0.021701375,21.397551375,0.021701375,0,0,0,0,0.1519096875,18.14237375,0,0,0,0,0,0,0,18.6414848125,0,0,0,0,0,16.644946875,1.128471875,0,0,0,0,0,0,29.6223840625,3.754326375,0,0,0,0,0,0,0,0,0,0,0,0,0,0
3530,1,18043,G04,0,C125605,0,10.2213625,0,0,5.79428125,2.8428821875,0,0,9.440090625,0,0,6.5321196875,0,0,0,0,10.50346875,4.231755625,0,0,11.6536490625,0,0,0,7.37848125,0,0.021701375,0,0,14.1926871875,0,0.021701375,0,0,0,0,0,0,0,0,0,0,0,0,0,0,0,0,0
3530,0,18043,H04,0,C125605,0,0,0,17.1440678125,0.086805625,0,0,0,0,0,0,0,0,14.366321875,4.6440975,0,0,0,0,0,0,0,0,0,0,0,0,0,0,15.6684025,0,0,0,0,0,0,0,0.04340275,0,0,0,0,0,0,0,0,0,0,0
3530,1,18043,A05,0,C125605,0,0,0,0,0,0,0,0,0,0,0,0,0,0,0,0,0,0,0,0.195312625,0,0,0,0,0,0,0,0,0,0,0,0,0,0,0,0,0,0,0,0,0,0,0.021701375,0,0,0,0,0,0
3530,1,18043,B05,0,C125605,0,0,0,0,5.23003125,13.064226375,17.5347171875,0,0,0,0,0,0,0,0,0,0,0,8.2682266875,0,0,0,0,1.410590625,18.1423830625,0,0,0,0,0,0,0,0,18.9669996875,0,0,0,0,0,0,0,0,0,0,0,0,0,0,0
3530,1,18043,C05,0,C125605,0,8.1597229375,19.769976875,0.021701375,0,0,0,12.044265,0,0,0,0,0,0,0,0,0,0,0,7.0312545,0,0,19.90018125,11.4800246875,0,0,0,0,0,0,0,0,0,0,11.089411875,0.347221875,0,0,0,0,0,0,0,0,0,0,0,0,0
3530,1,18043,D05,0,C125605,4.9696190625,0.021701375,0.021701375,16.471351375,0.1519096875,0,0,0.021701375,0,0,0,0,12.39147375,0,0,0,7.29165625,3.3420136875,0,0,0,0,0,19.7916423125,0,0,0,17.77344375,0.021701375,0,0,0,7.89929125,2.3003471875,0,0,0.021701375,0,0,0,0,0.021701375,0,0,0,0,0,0,0
3530,1,18043,E05,0,C125605,0,0,0.021701375,9.20138375,0,0.021701375,0,30.078146875,0.21701375,0,0,0,0,0,0,0,0.021701375,0,0,0,0,28.81945075,0.021701375,0,0,0,0,0,26.6927334375,0,0,0,0,0,0,0,0,0,0,0,0,0,0,0,0,0,0,0,0
3530,1,18043,F05,0,C125605,0.021701375,0.021701375,0,0.021701375,0,9.6137104375,5.251740625,15.0607771875,0,0,0,0,0,0,0,0,23.025191375,0,0,0,19.531253125,0.7161465625,0,0,0.021701375,0,0,0,0,0,0,0,22.65623125,10.9374959375,10.286469375,0,0,0,0,0,0,0,0,0,0,0,0,0,0
3530,1,18043,G05,0,C125605,16.276025625,0,0,0,19.05383125,0,0,15.62499375,3.841148125,0,0,0,0,0,0,17.3177,0,0,0,0,12.044259375,6.0546846875,0,19.9869625,0,0,3.47222325,2.4088545,0,6.510403125,6.9444304375,0.021701375,0,0,0,0,0,0,0,0,0,0,0,0,0,0,0,0,0
3530,0,18043,H05,0,C125605,0,0,0,0,0,0,7.2916590625,15.95053075,0,0,0,0,0,0,0,17.621528125,0,14.713531375,0,0,0,0,0,0,0,0,0,0,10.2864615625,0.4774295,0,0,0,14.4748123125,0,0,0,0,0,0,0,0,0,0,0,0,0,0,0
3530,1,18043,A06,1,C125605,NA,NA,NA,NA,NA,NA,NA,NA,NA,NA,NA,NA,NA,NA,NA,NA,NA,NA,NA,NA,NA,NA,NA,NA,NA,NA,NA,NA,NA,NA,NA,NA,NA,NA,NA,NA,NA,NA,NA,NA,NA,NA,NA,NA,NA,NA,NA,NA,NA
3530,1,18043,B06,0,C125605,5.3819453125,0.9765624375,0,0,0,24.305541375,0,0,0,0,0,0,0,0,0.021701375,8.6805575,9.8090375,0.585937625,0,0,4.7960125,14.1710125,0,0,0,0,0,0,0,0,19.900184375,6.40191075,2.95139,20.377592,0,0,0,0,0,0,0,0,0,0,0,0,0,0,0
3530,1,18043,C06,0,C125605,0,0,0,4.16665625,13.736963875,0,0,0,16.059038875,0,0,0,0,0.021701375,0,12.84721875,46.506075625,0,0,0,0,0,0,0,0,0,17.86022875,1.6927098125,0,0,0,18.79340625,16.037332,22.7430571875,3.190105625,0,0,0,0,0,0,0,0,0,0,0,0,0,0
3530,1,18043,D06,0,C125605,20.7899503125,0,0,0,0,0,5.0130229375,1.475693375,0,0,18.14233575,3.4939221875,0,0,0,0.021701375,0,0,0,0,0,0,11.197934375,3.01649075,0,0,0,0,16.927082625,4.27516875,0,0,0,0,0,0,0,0,0,0,0,0,0,0,0,0,0,0,0
3530,1,18043,E06,0,C125605,22.894961875,0,0,0,0,0,8.9409740625,0.368925,0,0,0,24.5876771875,0,0,0,0,0.021701375,8.07291875,3.4071184375,8.203125,3.4288185625,0,0,0,0,0,0,0,0,0,24.56598125,0,46.636265625,52.495655,27.30031575,4.8828134375,0,0,0,0,0,0,0,0,0,0,0,0,0
3530,1,18043,F06,0,C125605,0,0,0,0,0,0,0,0,0,0,14.21440625,10.329867,0,0,0,0,7.183148125,3.42881825,0,0,0,0,0,0,0,0,0,0,0,0,0,0,0,0,0,0,0,0,0,0,0,0,0,0,0,0,0,0,0
3530,1,18043,G06,0,C125605,0,0,0,0,0.021701375,0,0,0,0,21.57116875,0,0.021701375,12.84723125,0,18.055534375,0.93316,0,0,7.508670125,0.976563125,0,0,20.4861028125,0,0,0,0,18.381075,0.1953124375,0,0,14.431425,35.3949903125,21.50610375,28.25522875,0,0,0,0,0,0,0,0,0,0,0,0,0,0
3530,0,18043,H06,0,C125605,0,0,6.770830625,0,0,0,0,0,0,0,0,13.51998125,25.5642415625,0,0,0,0,0,0,0,0,17.4479425,0,0,0,0,0,0,0,0,0,49.305534375,51.7144,25.06511325,18.5546725,0,0,0,0,0,0,0,0,0,0,0,0,0,0
3530,1,18043,A07,0,C125605,0.021701375,14.409724375,0.1736110625,6.597225,1.4539925,0,0,0,0,0,0,0,0,13.8020596875,0,0.021701375,5.42535375,0.4340273125,0,15.039090625,0.0434028125,0,5.9895829375,0,7.530386875,0.28211825,6.3802059375,0.303819375,0,0,0,0,0,0,0,0,0,0,0,0,0,0,0,0,0,0,0,0,0
3530,1,18043,B07,0,C125605,0,0,0,0,0,0,0,0,56.944471875,3.5373259375,0,0,0,0,0,0,0,0,0,24.674490625,0,0,0,0,0,25.499126375,0,0,0,0,0,0,14.4748253125,0,0,48.546045125,6.0763871875,0,0,0,0,0,0,0,0,0,0,0,0
3530,1,18043,C07,0,C125605,0,0,0,0,0,10.525177,2.647568125,0,0,0,0,0,0,0,0,0,14.8003528125,0,0.021701375,0,0,0,4.0798603125,14.648444375,0,0,0,0,0,0,13.65018125,1.019965625,0,0,0,0,0,0,0,0,0,0,0,0,0,0,0,0,0.021701375
3530,1,18043,D07,0,C125605,0,0,0,0,4.55728125,21.3324611875,0.021701375,0,0,0,0,0,14.171003125,9.6788165625,0,0,0,0,25.802965625,1.4973965625,0,0,0,0,0.021701375,0,0,20.616320125,0,0,0.021701375,0,17.2308965625,11.4583445,0.021701375,0,0,0,0,0,0,0,0,0,0,0,0.021701375,0,0
3530,1,18043,E07,0,C125605,0,0,36.5668321875,2.756077,0,0,0,17.8819535625,0.41232775,0,0,0,0,0.021701375,0,0,4.3402778125,3.124997625,9.72221075,20.6814141875,0,0,0,0,0,0,0,0,0,0,0,34.418376375,84.7873375,44.4010515625,43.554678125,26.2803809375,18.4244595,0,0,0,0.021701375,0,0,0,0,0,0,0,0.021701375
3530,1,18043,F07,0,C125605,1.041667625,0,0,8.984365625,6.0980795,0,0,0,0,0,0,16.1458228125,0,15.321190625,0,0,0,0,0,0,0,0,0,16.53646125,0,3.68925,11.76214075,0,0,0,0,0,17.36111,0,0,0,0,0,0,0,0,0,0,0,0,0.021701375,0,0,0
3530,1,18043,G07,0,C125605,0,0,0,0,0,0,0,15.6900978125,6.2282940625,0,0,0,0,0.021701375,13.064225,7.53038375,0,0,0,0,0,0,0,21.137171875,4.904506375,0,0,0,0,26.06337075,0,0,14.084196875,0.282118125,0,0,26.562496875,0,0,0,0,0,0,0,0,0,0,0,0
3530,0,18043,H07,0,C125605,0,0,0,0,0,0,0,5.7291684375,0,0,0,2.82118125,9.418415,0,0,0,0,0,0,0,0,0,0,0,0,10.611975625,2.2786465,0,0,0,0,0,0,0,0,0,0,0,0,0,0,0,0,0,0,0,0,0,0
3530,1,18043,A08,0,C125605,0,0,0,0,0,0,0,0,0,0,4.9262128125,0,0,0,9.700514375,0.759549375,0,0,0,0,0,0,0,0,0,10.9592048125,0.021701375,0,0,0,10.156246875,0.73784825,0,5.7942729375,0,0,0,0,0,0,0,0,0,0,0,0,0,0,0
3530,1,18043,B08,0,C125605,0.2387153125,0,0,0,0,0,12.999115625,0.021701375,15.885417625,0.021701375,0,0,12.065984375,1.844616875,0,0,0,0,0.021701375,0,2.4088534375,2.3437498125,0,0,0,0,0,14.2361375,1.1284734375,0,0,0,7.139771875,8.55036325,0,0,0.021701375,0,0,0,0,0,0,0,0,0,0,0,0
3530,1,18043,C08,0,C125605,0.2387153125,0.021701375,0,0,0,23.980040625,0.8680545,0,0,0,14.5833245,0.021701375,0,23.719618375,0,0,0,0,0,0,17.447926375,0,0,0,0,23.524288125,0,0.021701375,0,0,14.67014825,0.781251375,34.2664896875,52.1267515625,0.4123265,0,0,0.021701375,0,0,0,0,0,0,0,0,0,0,0
3530,1,18043,D08,0,C125605,0,0,0,0,0,0,8.5069375,0,0,0,6.2934028125,7.7039809375,0,0,0,0,0,0,0,12.9123125,2.213543875,8.485232,1.2586804375,0,0,0,0,0,11.067701375,3.5373265625,0,0,0.021701375,0,0,0,0.021701375,0,0,0,0,0,0,0,0,0,0,0,0
3530,1,18043,E08,0,C125605,0,0,0,0,0,0,0,0,0,0,0,0,6.532120125,0,0,0,0.086805625,6.5104229375,0,0,0,0,0,0,0,0,0,17.296,20.963557625,0,0,0,20.464406875,8.00782375,0,0,0,0,0,0,0,0,0,0,0,0,0,0,0
3530,1,18043,F08,0,C125605,0,0,0,16.86198125,0,0,0.04340275,14.4531034375,0.04340275,0,0,0,0,0,0,15.82031875,0.303819375,0,0,0,0,0,18.923611875,0,0,0,0,9.91753125,6.032982,0,0,0,0,0,0,0,0,0,0,0,0,0,0,0,0,0,0,0,0
3530,1,18043,G08,0,C125605,0,19.466125,0.1302084375,0,0,0,23.7630153125,0,0,0,0,0,0,0,0,0,0,0,0,0,0,0,0,17.9470440625,0.108506875,0,10.069446875,13.1510375,0,0,0,0,0,0,0,0,0,0.021701375,0,0,0,0,0,0,0,0,0,0,0
3530,0,18043,H08,0,C125605,0,0,29.5573028125,0,0,0,0,0,0,0,32.8342215,0,0,0,23.6111125,1.714409375,0,0,0,0,0.78125,11.284728125,0,0,29.361975,3.3203149375,0.021701375,0,0,0,39.0407829375,0.021701375,0.49913125,26.193559375,0,0,0,0,0,0,0,0,0,0,0,0,0,0,0
3530,1,18043,A09,0,C125605,0,0,0,14.7135409375,0,0,0,0,16.189234375,16.9053625,5.555555625,0,0,0,0,0,16.62325625,0.6293415625,0,0,0,0,0,0,0,0,0,0,7.8559075625,0,0,0,0,0,0,0,0,0,0,0,14.800346875,0,0,0,0,0,0,0,0
3530,1,18043,B09,0,C125605,18.641525,0,0,0,0,0,0,0,21.2239491875,0,0,0,0,11.24132325,0,18.8367898125,0.0651041875,0,0,0,0,0,0,0,0,11.5234375,10.4600753125,0,0,0,0,17.1658209375,57.0312690625,36.7404625,31.3151,12.326392625,0,0,0,0,0,0,0,0,0,0,0,0,0
3530,1,18043,C09,0,C125605,11.4366445,1.106770125,0,8.680557625,4.622401875,0,0,0,22.0486090625,0,7.421883125,3.4071179375,0,0,0,0,0,0,0,0,0,11.4366221875,0,0,0,0,0,0,0,0.021701375,0,25.06511875,10.004332625,17.29598575,0,0.021701375,0,0,0,0,0,0,0,0.021701375,0,0.021701375,0,0,0
3530,1,18043,D09,0,C125605,0,12.174490625,4.9262153125,0,0,0,0,0,0,9.2447798125,0,17.1006953125,0,0,4.2534875,4.926215,0,0,0,0,0,16.623269375,16.1675290625,0,0,0,0,10.503465625,0,0,0,0,0,11.1979053125,0,0,0,0,0,0,0,0,0,0,0,0,0,0,0
3530,1,18043,E09,0,C125605,0,0,0,0,0,25.781221875,0,0,0,19.7482653125,0,0,0,39.27955625,20.464399375,0,0.021701375,0,0,0,0,0.021701375,0,1.063367,24.7395671875,0,0,0,15.7552010625,0,0,33.44185,69.9001875,39.8220596875,18.9887246875,0.2387153125,0,0,0.021701375,0,0,0,0,0.021701375,0,0,0,0,0
3530,1,18043,F09,0,C125605,17.2959946875,0,0,0,0,0,23.502575,0.93316075,2.43055625,17.4479284375,0,0,0,0,0,0,0,0,0,0,22.1354159375,0,0,0,0,0,22.26561875,0,0,0,8.485257,0,0,0,0,0,0,0,0,0,0,0,0,0,0,0,0.021701375,0,0
3530,1,18043,G09,0,C125605,0.021701375,0,0,4.774301375,3.255209375,1.06336875,4.6223959375,0,0,0,0,4.7309060625,0,0,0,0,0,0,7.6822904375,0,0,0,0,0,2.582465625,10.8723965625,0.976563875,0,0,0,0,7.3350715625,12.69528625,7.89930875,0,0,0,0,0,0,0,0,0,0,0,0,0,0,0
3530,0,18043,H09,0,C125605,0,0,0,0,2.408853125,11.631954125,0,0,0,0,0,0,0,0,12.9991375,3.407116875,0.021701375,0,0,0,0,0,0,13.6718871875,0.1085068125,0,16.276034375,0.0651040625,0,0,0,0,0,0,0,0,0,0,0,0,0,0,0,0,0,0,0,0,0
3530,1,18043,A10,0,C125605,0,0,2.669272,0.282118125,0,0,0,0,0,1.86632075,6.20659625,0.195312625,0,0,0,0,0,0,0,0,0,0,0.021701375,0,0,0,0,3.927950125,1.3454875,6.076391375,0,0,0,0,0,0,0,0,0,0,0,0,0,0,0,0,0,0,0
3530,1,18043,B10,0,C125605,0,0,23.0468625,0.7161448125,0,0,0,0,28.6458384375,0.0434028125,0,0,0,0,0,0,0,0,0,0,0,0,0.021701375,0,0,0,0,0,0,0,0,0,0,0,0,0,0,0,0,0,0,0,0,0,0,0,0,0,0
3530,1,18043,C10,0,C125605,0,0,0,0,0,0,6.7708309375,0.21701375,0,14.4531253125,0,0,0,0,0,0,0,0,0,0,0,0.434028125,18.207479375,0,0,0,0,0,0,0,18.0555740625,0,7.5303825,0,0,0,0,0,0,0,0,0,0,0,0,0,0,0,0
3530,1,18043,D10,0,C125605,14.149313875,0,0,0.021701375,0,0,0,0,0,0,0,15.277776375,0,13.9756875,0.71614625,0,16.0807371875,0,0,0,0,0,0,0,0,12.239588125,0,0,16.558146875,0.0651041875,0,0,13.7803646875,0.4557290625,0,0,0,0,0,0,0,0,0,0,0,0,0,0,0
3530,1,18043,E10,0,C125605,0,0,0,0,0,0,0,12.847225,5.468748125,0,0,0,0,0,0,3.1033,13.8671640625,0,0,0,0,0,4.42709375,13.563368125,0,12.1093659375,0,0,0,0,0,0,32.465255,11.1979175,0,0,0,0,0,0,0,0,0,0,0,0,0,0,0
3530,1,18043,F10,0,C125605,18.229167,0,0,0,11.566853125,0,0,18.16407,0,0,0,0,20.5946259375,0,0,0,11.6970565625,0,0,0,0,0,0,0,19.379335,0.1519096875,0,0,0,21.9617718125,0,12.6953096875,7.204865625,4.9479196875,0,0,0,0,0,0,0.021701375,0,0,0,0,0,0,0,0
3530,1,18043,G10,0,C125605,16.3194425,0,0,0,0,0,0,0,20.26910275,0,0,0.021701375,0,0,0,0,0,0,0,0,1.171875,6.9227578125,0,0,0,0,0,0,0,0,0,0,0,0,0,0,0,0,0,0,0,0,0,0,0,0,0,0,0
3530,0,18043,H10,0,C125605,0,0,0,0,0,6.7708223125,0,0,0,0,12.283,6.25,0,0,0,0,0,18.901890625,0,0,0,0,0,0,0,0.303819375,7.400180125,0,0,33.0078090625,0,0,0,0,6.7491321875,0,0,0,0,0,0,0,0,0,0,0,0,0,0
3530,1,18043,A11,0,C125605,0,0,0,0,0,0,0,0,0,0,0,0,0,0,0,0,0,10.0694323125,0,0,0,0,0,0,0,0,0,0,0,0,3.255209375,1.736113125,0,0,0,0,0,0,0,0,0,0,0,0,0,0,0,0,0
3530,1,18043,B11,0,C125605,0,0,0,0.021701375,0,0,0,4.03645625,1.1501734375,0,10.65538125,0,0,0,0,0,0,9.72225,5.056421875,0,0,0,0,0,1.06336875,10.069446875,0,0,0,0,0,0,0,0,14.6918196875,0,0,0,0,0,0,0,0,0,0,0,0,0,0
3530,1,18043,C11,0,C125605,0.0434028125,0,0,0,0,0,0,0,0,0,0,0,0,0,0,0,18.51125625,0,0,0,0,0,0,0,0,0,16.12410625,0,0,0,0,0,18.74999,0,0,0,0,0,0,0,0,0,0,0,0,0,0,0,0
3530,1,18043,D11,0,C125605,0,0,0,0,0,0,0,0,0,3.81944375,0,0,4.6657985,2.690970125,0.672742,0,0,0,3.60242825,3.602430625,0.1085068125,0,0,0,0,0,0,0,4.44878375,2.973090625,0.52083325,0,0,0.021701375,0,0,0,0,0,0,0,0,0,0,0,0,0,0,0
3530,1,18043,E11,0,C125605,15.907114625,0,0,0,0,9.04946875,6.119788125,0,0,0,0,12.3697959375,0,12.7821271875,0.3038195,0,0,0,0,0,0,6.011284375,2.473959375,0,14.5616475,0,0,0,0,0,0,0,0,0,14.4531403125,0,0,0,0,0,0,0,0,0,0,0,0,0,0
3530,1,18043,F11,0,C125605,0,7.9210135625,0,0,0,0,26.5191,0,0,0,0,10.8506965625,22.135411875,0,0,0,0,0,0,0,0,0,20.768234375,0,18.359375,2.300346875,0,0,0,0,0,3.732625,50.88975625,0.086805625,0,0,0,0,0,0,0,0,0,0,0,0,0,0,0
3530,1,18043,G11,0,C125605,0,0,0,15.97221875,0.1736109375,0,0,21.4843978125,0.021701375,0,0,0,0,17.947048125,0,0,24.1753465625,0,0,0,0,0,0,18.6848928125,0,0,0,0,0,3.75434375,13.4331479375,0,49.24044375,17.361108125,9.7439234375,0,0,0,0,0,0,0,0,0,0,0,0,0,0
3530,0,18043,H11,0,C125605,8.5720428125,0,0,0,0,0,0,18.489595625,0,0,6.640628125,5.078124375,0,0,0,0,0,0,0,0,0,0,0,0,16.861974375,0,16.731786875,1.08506875,0,0,0,0,0,0,0,0,0,0,0,0,0,0,0,0,0,0,0,0,0
3530,1,18043,A12,0,C125605,0,0,0,0,0,0,6.206603125,0.911459625,4.7309046875,0,0,0,0,0,0,0,0,0,0,0,10.0043246875,3.016494375,0,0,0,0,0,10.2430460625,0,0,0,0,0,0,0,0,12.71701875,0,0,0,0,0,0,0,0,0,0,0,0
3530,1,18043,B12,0,C125605,0,0,0,0,0,0,0,0,13.02086125,0.0434028125,0,0,0,0,14.7135229375,2.408853125,3.450520125,0,0,0,0,0,0,0,0,0,0.412325,13.4765834375,0,0.021701375,0,0,0,0,0,0,0,0,0,0,0,0,0,0,0,0,0,0,0
3530,1,18043,C12,0,C125605,0,0,0,13.1944496875,0,0,0,0,0,0,0,0,0,11.63193125,3.168403875,0,0,0,0,0,0,0,0,0,0,16.7968775,0,0,0,0,0,0,18.7717125,0,0,0,0,0,0,0,0,0,0,0,0,0,0,0,0
3530,1,18043,D12,0,C125605,0,0,0,0,0,0,0,19.422746875,0,0,0,0,0,0,0,0,0,0,0,8.7890565625,0,0,0,0,0,0,21.527775,0,0,0,0,0,21.354145,0,0,0,0,0,0,0.021701375,0,0,0,0,0,0,0,0,0
3530,1,18043,E12,0,C125605,0,0,0.021701375,18.5330125,3.8845509375,0,0,0,0,0,0,0,0,0,0,0,18.467865625,5.924478125,0,0,0,0,0,6.68403125,16.471340625,0,0,0,0,0,0,0,0,0,21.8533084375,0.021701375,0,0,0,0,0,0,0,0,0,0,0,4.23178125,20.26907525
3530,1,18043,F12,0,C125605,0,0,0,0,0,0,15.0173335625,0,0,0,0,0,0,0,0,0,0,0,0,0,0,12.5000125,2.517360125,0,0,0,0,0,0,0,0,0,0,0,0,0,0,0,0,0,0,0,0,0,0,0,0,0,0
3530,1,18043,G12,0,C125605,0,4.5572895,0.17361125,0,0,0,0,0,8.15971875,7.921008375,0,0,0,0,10.9157971875,0.998263125,0,0,0,0,0,0,0,0,2.9296875,4.752601375,0,0,0,0,0,0,0,0,0,0,0,0,0,0,0,0,0,0,0,0,0,0,0
3530,0,18043,H12,1,C125605,NA,NA,NA,NA,NA,NA,NA,NA,NA,NA,NA,NA,NA,NA,NA,NA,NA,NA,NA,NA,NA,NA,NA,NA,NA,NA,NA,NA,NA,NA,NA,NA,NA,NA,NA,NA,NA,NA,NA,NA,NA,NA,NA,NA,NA,NA,NA,NA,NA
3530,1,18046,A01,0,C125605,0,14.9522323125,0,0,0,15.6033295,0,0,0,16.710095125,0,0,0,0,0,0,14.9956625,0.8246523125,0,5.2734375,12.4782978125,0,0,0,0,0,15.690118125,0.7161465625,0,0,0,15.755215,0,9.526915625,0.1736110625,0,0,0,0,0,0,0,0,0,0,0,0,0,0
3530,1,18046,B01,0,C125605,0,0,0,0,0,0,0,0,0,0,0,0,0,0,0,0,0,0,0,0,0,0,0,0,0,0,0,0,0,0,15.38628125,0.1519096875,0,0,0,0,0,0,0,0,0,0,0,0,0,0,0,0,0
3530,1,18046,C01,0,C125605,0,0,0,0,0,0,0,0,0,15.8853929375,0,0,0,0,0,0,0,0,0,6.4887,11.9791703125,0,0,0,0,0,0,0,0,0,9.41840625,6.315088875,7.37847375,0,0,0,0,0,0,0,0,0,0,0,0,0,0,0,0
3530,1,18046,D01,0,C125605,0,0,0,0,22.135384375,0.6076375,0,4.18835625,2.3003466875,0,0,0,22.9166778125,0,0,0,0,0,20.70313125,0,0,0,0,0,22.1137146875,0,0,0,0,0.021701375,0,19.1840446875,0,0,6.315092625,0,0,0,0,0,0,0,0,0,0,0,0,0,0
3530,1,18046,E01,0,C125605,0,0,0,0,0,0,0,9.3967025,23.6328059375,0,0,0,0,0,0,0,0,0,9.5269035625,0.0651041875,22.352432625,0,0,0,0,0,0,0,0,0,0,12.3698040625,19.2925346875,0,17.05728125,8.48521875,0,0,0,0,0,0,0,0,0,0,0,0,0
3530,1,18046,F01,0,C125605,0,0,0,0,0,0,20.5512215625,0,0,0,7.291663125,2.3437521875,5.707465625,13.975720625,0,0,0,7.508682,0,0,0,0,0,0,0,19.205727125,0,0,0,7.508681875,0,0,17.01389375,0.84635375,0,0,0,0,0,0,0,0,0,0,0,0,0,0,0
3530,1,18046,G01,0,C125605,0,0,0,22.873303125,0,0,0,0,0.021701375,28.49394375,0.108506875,0,0,0,0,0,0,0,0,0,0,22.222221875,8.289925,0,0,0,26.17189,0,0,0,0,0,0,14.7786621875,0,14.6484445,0,0,0,0,0,0,0,0,0,0,0,0,0
3530,0,18046,H01,0,C125605,0,0,23.849840625,0,0,0,0,0,0,0,0,0,0,0.67274375,8.8324640625,0,0,0,0,0,0,19.270818125,1.5408,0,0,0,0,0,0,0,0,0,21.614556875,36.241334375,1.410591375,0,0,0,0,0,0,0,13.888884375,20.703107625,0,0,0,0,0
3530,1,18046,A02,0,C125605,0,0,0,0,0,0,0,0,0.021701375,0,3.8194449375,0,0,0,0,0,0,0,0,0,0,0,0,0,0,3.3420125,0.7161446875,0,7.3784743125,0,0.2387153125,3.949654125,0,0,0,0,0,0,0,0,0,0,0,0,0,0,0,0,0
3530,1,18046,B02,0,C125605,0,0,0,0,14.3229009375,0.737846875,0,0,0,0,0,0,0,0,0,0,0,0,0,0,0,0,0,0,0,0,0,0,0,0,0,0,0,0,0,0,0,0,0,0,0,0,0,0,0,0,0,0,0
3530,1,18046,C02,1,C125605,NA,NA,NA,NA,NA,NA,NA,NA,NA,NA,NA,NA,NA,NA,NA,NA,NA,NA,NA,NA,NA,NA,NA,NA,NA,NA,NA,NA,NA,NA,NA,NA,NA,NA,NA,NA,NA,NA,NA,NA,NA,NA,NA,NA,NA,NA,NA,NA,NA
3530,1,18046,D02,1,C125605,NA,NA,NA,NA,NA,NA,NA,NA,NA,NA,NA,NA,NA,NA,NA,NA,NA,NA,NA,NA,NA,NA,NA,NA,NA,NA,NA,NA,NA,NA,NA,NA,NA,NA,NA,NA,NA,NA,NA,NA,NA,NA,NA,NA,NA,NA,NA,NA,NA
3530,1,18046,E02,0,C125605,0,0,0,13.281253125,1.302082625,0,0,0,2.06163125,3.42881825,0,0.021701375,4.92622,0,0,0,9.8307375,5.273438875,0,0,0,0,0,0,18.2074584375,0,0,0,0,0,0,0,0,0,15.494776375,0,0,0,0,0,0,0,19.6614584375,0,0,0,0,0,0
3530,1,18046,F02,0,C125605,0,0,0,0,0,0,0,0,21.506078125,0,0,0,0,0,0,19.35765,0.0434028125,0,0,0,0,0,0,0,0.021701375,0,21.94013125,0,0,0,0,0,0,0,0,0,0,0,0,26.931435,0.629340125,0,0,0,0,0,0,0,0
3530,1,18046,G02,0,C125605,9.027790625,8.376734375,0,0,0,0,0,0,0,0,0,0,0,0,0,0,21.72310625,0,0,0,0,0,0,0,0,0,0,0,0,0,0,0,0,0,0.021701375,0,0,0,0,0,0,0,0,0,0,0,0,0,0
3530,0,18046,H02,0,C125605,0,0,0,0,0,0,0,0,0,0,0,15.3429,0.32552075,0,0,5.23003125,12.6736115625,0,0,0,0,0,0,0,15.6683884375,0.108506875,0,15.6684028125,0.0434028125,0,0,0,0,0,0,0,0,0,0,0,0,0,0,0,0,0,0,0,0
3530,1,18046,A03,0,C125605,0,0,0,0,0,0,9.85241875,5.7074621875,0,0,0,0,14.8003645,0.0651041875,0,6.4453115625,0,15.3862884375,0.2170140625,0,0,0,0,7.096353875,0.651041375,0,0,0,0,0,0,0,0,0,0,0,0,0,0,0,0,0,0,0,0,0.021701375,0,0,0
3530,1,18046,B03,0,C125605,0,0,0,0,0,0,0,0,0,5.4904375,18.793405625,0,0,0,23.30726875,0,0,0,0,0,0,0,0,0,0,0,5.555553125,6.054681375,0,0,0,0,7.3350659375,15.2126654375,0,0,0,0,0,0,0,0,0,0,0,0,0,0,0
3530,1,18046,C03,0,C125605,0,0,0,0,0,0,0,0,0,0,0,0,0,0,0,0,0,0,0,2.40885375,0.889756375,0,0,0,11.0677096875,0.108506875,0,0,0,0,0,0,0,0,0,0,0,0,0,0,0,0,0,0,0,0,0,0,0
3530,1,18046,D03,0,C125605,0.04340275,0,0,20.334225,0.0651041875,0,0,0,0,0,0,0,20.76822125,0,0.021701375,0,19.5963440625,0,0,0,0,0,23.090288125,0,0,0,0,22.56946875,0.108506875,0,0,37.19614375,66.7317896875,53.4939125,7.0746443125,0,0,0,0,0,0,0,0,0,0,0,0,0,0
3530,1,18046,E03,0,C125605,11.2413121875,4.5572925,0,0,0,0,18.61976875,0,0,0,0,0,0,0,18.619784375,0,0,0,11.1979059375,0,0,17.0790125,4.5572909375,0,0,0,0,0,0,0,9.6788159375,0.13020825,1.7361125,15.451383875,0,0,0,0.021701375,0,0,0,0,0.021701375,0,0,0,0,0,0
3530,1,18046,F03,0,C125605,0,0,0,0,0,0,0,2.8428821875,0.021701375,0,22.3090295,0,0,0,0,10.4600696875,0,0,0,0,0,15.6033059375,0,0,0,23.003481875,0,0,0,10.5034665625,0,15.125880625,1.67100625,2.1050329375,1.497398125,1.2803815625,0,0,0,0,0,0.021701375,0,0,5.251734375,0,0,0,0
3530,1,18046,G03,0,C125605,0,0,0,0,0,0,0,0,0,0,0,0,0,0,0,0,0,0,0,0,16.992203125,0.7161460625,0,0,0,17.447935,0,0,0,0,0,0,0,0,0,0,0,0,0,0,0,0,0,0,0,0,0,0,0
3530,0,18046,H03,0,C125605,0,0,0,0.238715125,21.41925625,0,0,0,0,0,0,22.200534375,0.8680559375,0,0,0,0,0,20.92015,0.0434028125,0,0,0,11.545125,11.219616875,0,0,0,0,0,0,0,39.8003446875,12.565125125,0,10.3515554375,0,0,0,0,0,0,0,0,0,0,0,0,0
3530,1,18046,A04,0,C125605,0,0,0,0,0,0,17.7083509375,0,18.2942690625,0,0,0,0,0,0,0,0,0,0,0,0,17.252604375,0,0,0,0.108506875,18.40275075,0,0,0,0,0,0,0,18.46787575,0,0,0,18.5980960625,0,0,0,0,0,0,0,0,0,0
3530,1,18046,B04,0,C125605,0,0,0,0,0,0,17.68661625,0,0,0,0,0,15.6032884375,0,0,0,0,0,0,19.379324,0,0,0,6.3585,13.25954875,15.5598934375,0,0,0,0,0,18.3376621875,26.410555625,30.967884375,17.03558625,0.1302084375,0,0,0,0,0,0,0,0,0,0,0,0,0
3530,1,18046,C04,0,C125605,0,0,0,0,11.24132625,0.021701375,0,0,15.3428653125,0.086805625,0,6.3368075,0,0,0,0,0,0,0,0,0,4.1449634375,0.3689235625,0,0,11.78385,7.0312375,0,0,0,0,0,0,0,0,18.77171875,2.539061,0,0,0,0,0,0,0,0,0,0,0,0
3530,1,18046,D04,0,C125605,0,0,0,16.2760259375,0,0,0,0,0,0,16.775180875,1.41059,0.021701375,0,0,0,0,0,0,0,0,17.209196875,0,0,0.021701375,0,0,0,0,0,0,0,4.62239375,3.21180625,0,0.021701375,0,0,0,0,0,0,0,0,0,0,0,0,0
3530,1,18046,E04,0,C125605,6.0980875,6.423605625,0,0,0,0,0,10.872399625,0,10.8289965,0,0,0,0,4.3185625,6.5321118125,0,0,0,9.8958309375,0,0,0,0,10.004340625,0,0,10.0694440625,0,0,0.021701375,0,0,0,0,12.2612695,0,0,0,0,0,0,0,0,0,0,0,0,0
3530,1,18046,F04,0,C125605,0,0,18.7066221875,0,0,0,0,0,0,0,0,0,0,0,16.40626625,3.2552075,0,0,0,0,0,2.973090625,15.1041478125,0,0,0,0,6.6623121875,3.08159825,0,0,0,0,0,0,0,0,0,0,0,0,0,0,0,0,0,0,0,0
3530,1,18046,G04,0,C125605,0,0,0,0,0,0,0,0,0,6.141506875,7.96441825,0,0,0,0,13.476575125,0,0,0,0,0,0,0,0,0,0,0,0,12.6736196875,0.021701375,0,9.7873375,3.4722204375,0,0,0,0,0,0,0,0,0,0,0,0,0,0,0,0
3530,0,18046,H04,0,C125605,0.434028125,0,0,5.013020625,0,0,0,0,17.534693125,0.9548625,9.375004375,0,0,0,0,18.337696875,0,0,0,0,0,0,0,0,0,0,18.53299375,0.520834375,0,0,0,17.90365875,0,0,0,0,0,0,0,0,0,0,0,0,0,0,0,0,0
3530,1,18046,A05,0,C125605,0.412325,0,0,0,0,0,0,0,2.669271875,14.64841375,0,0,0,0,12.9774184375,0,0,0,0,0,13.736971875,3.862845625,0,0,0,6.011295,9.2447848125,0,0,0,0,0,13.9756825,24.3923590625,1.4322923125,0,0,0,0,0,0,0,0,0,0,0,0,0,0
3530,1,18046,B05,0,C125605,0,0,0,0,21.4843615625,0,0,0,0,0,13.671865625,0.0868054375,0,0,0,0,0,0,0,0,0,2.582465625,6.8576295,0,0,5.338553125,1.1284728125,0,0,13.1076411875,0,0,3.754340625,3.059896875,0,0,0,0,0.021701375,0,0,0,0,0,0,0,0,0,0
3530,1,18046,C05,0,C125605,0,0,0,20.98524125,0,0,0,0,0,0,6.0763879375,0,0.021701375,5.989571875,14.58333325,0,0,23.7630135625,0,0,0,0,0,25.71615,0.0651041875,0,0,0,0,25.238717,0,0,17.4045059375,36.7621704375,0,0,0.021701375,0,0,0,0,0,0,0,0,0,0,0,0
3530,1,18046,D05,0,C125605,21.571167,0,0,0,0,0,20.2908059375,0,0,0,23.5459696875,0,0.021701375,0,0,0,19.618049375,0,0,0.021701375,0,0,0,22.3524465625,0.0651041875,0,0,21.788178125,0.021701375,0,0,0,0,0,0,20.1388890625,0,0,0,0,0,0,0.021701375,0,0,0,0,0,0
3530,1,18046,E05,0,C125605,0,0,0,22.2221979375,0,0,0,0,0.021701375,19.140617,0,4.96961875,2.8645846875,0,21.3324909375,0,0,0,0,0,0,10.091146875,0.93316075,0,0,21.02865,0,13.0859403125,0,0,0,6.1198,20.26911,49.1102175,51.128465625,48.632805875,5.42535625,0,0,0,0,0,0,0,0,0,0,0,0
3530,1,18046,F05,0,C125605,0,0.021701375,0,0,13.7152775,0,0,0,0,0,0,0,0,0,0,5.83767,0,0,0,0,0,0,0,0,0,0,0,17.5347278125,0,0,0,0,0,0,0,0,6.25,0.455728125,0,0.021701375,0,0,0,0,0,0,0,0,0
3530,1,18046,G05,0,C125605,8.1814353125,0,0,0,0.021701375,0,0,0,0,17.8385486875,0,0,0,18.2725603125,19.314225625,0,0,0,0,37.868940625,0,0,0,0.021701375,0,0,0,32.7257375,3.363715,0,0,0,0,0,0,0,0,0,0,0,0,0,0,0.021701375,0,0,0,0,0
3530,0,18046,H05,0,C125605,0,0,0,0.021701375,0,0,28.5807254375,0,0,0,0,0,0,0.9548625,23.6762559375,0,0,0,0.021701375,0,0,9.157990625,2.34374825,32.2482746875,0,0,0,0,0,0,0,0,17.83853125,18.446168875,0,0,0,0,0,0,11.06773125,6.3802048125,0,0,0,0,0,0,0
3530,1,18046,A06,0,C125605,0,5.295134375,12.413213875,0,0,0,0,0,18.836811875,4.7960088125,1.3020853125,0,0,0,16.297743875,0,4.969625,10.8072859375,0,0,0,0,0,0,0,0,0,0,0,16.514765625,0,0,7.9644195,23.0468650625,0,0,0,0,0,0,0,0,0,0,0,0,0,0,0
3530,1,18046,B06,0,C125605,0,0,0,2.690974375,0.021701375,0,0,0,0,10.4600775,0,0,0.021701375,0,0,0.021701375,5.598971875,1.627602625,0,0,1.5408,8.76736625,0,0,0,0,0,0,0,0,0,0,0,0,7.530394375,0,0,0,0,0,0,0,0,0,0,0,0,0,0
3530,1,18046,C06,0,C125605,0,0,0,0,0,21.028646875,0.065104125,0,0,0,0,0,0,0,0,9.22309375,8.0729145,0,0,0,0,0,0,0,0,0,0,15.06074375,2.73437325,0.021701375,0,11.892359375,2.6909725,0,0,0,0,0,0,0,0,0.021701375,0,0,0,0,0,0,0
3530,1,18046,D06,0,C125605,25.49913125,25.23870875,0,0,0,0,0,0,0,0,0,0,0,22.5477475,0,0,0,0,23.285585,0,0,0,0,0,0,0.04340275,0,23.871534375,1.085070625,0,0,0,9.743934375,30.5772634375,24.0451390625,0,0,0,0,0,0,0,0.021701375,0,0,0.021701375,0,0.021701375,0
3530,1,18046,E06,0,C125605,0,13.346345625,0,0,0,0,0,0,0,0,0,0,0,0,0,0,12.6953349375,0,0,0,11.805563125,0.5208340625,0,0,0,0,0,0,0,0,0,0,11.1110940625,0,0,0,0,0,0,0,0,0,0,0.021701375,0,0.021701375,0,0,0
3530,1,18046,F06,0,C125605,0,0,0,0,25.9765746875,0,0,0,0,0,0,0,0,18.94533125,3.2986125,0,0,0,0,0,0,27.1701,0.3038195,0,0,0,0,0.021701375,0,0,25.99826075,0,0,36.718746875,7.378475,0,0,0,0,0,0.021701375,0,0,0,0,0,0,0,0
3530,1,18046,G06,0,C125605,41.536463125,6.5538215625,0,0,0,0.021701375,0,0,0,0,0,0,0,0,42.2743028125,32.704005,0.1519096875,38.389765625,6.8576415625,0,0,0,9.483518125,0.4991321875,11.3715225625,10.872386875,0,0,0,0,0,0,0,0,0,0,0,0,0,0,0.021701375,0,0,0,0,0,0,0,0.021701375
3530,0,18046,H06,0,C125605,0,0,0,0,0,0,0,0,0,0,35.199628125,50.455726375,0,0,0,0,0,0,0,0,0,0,1.128471875,19.422753125,0,0.021701375,0,21.310775,0,0,0,0,0,0,0,0,0,0,0,0,0,0,0,0,0,0,0,0,0
3530,1,18046,A07,0,C125605,15.972209375,0.1953125,0,0,0,17.59981875,0,0,0,0,17.078984375,0,0,0,12.56509825,1.8663184375,0,0,0,0,0,19.05381875,0,0,0,12.6085059375,0,0,0,0,0,0,16.44963575,1.28038125,0,0,0,0,0,0,0,0,0,0,0,0,0,0,0
3530,1,18046,B07,0,C125605,0,0,0,18.5980759375,0.8246535625,0,0,0,17.31771,0,0,0,0,0,0,9.04946875,0.7378465,0,21.5928771875,0,0,0,0,0,0,0,8.116315125,0,10.80728125,5.664062625,0,0,9.6788125,11.1328035,0,0,0.021701375,0,0,0,0,0,0,0,0,0,0,0,0
3530,1,18046,C07,0,C125605,14.1710086875,0,0,0,0,0,4.8611104375,0.2604166875,0,0,0,12.2829790625,12.73871875,0.4991334375,0,0,0,0,0,0,11.0894215625,0,0,0,0,0,0,0,0,0,0,3.6024323125,0.17361125,0.021701375,0,13.99737,0,0,0,0,0.021701375,0,13.585068125,0,0,0,0,0,0
3530,1,18046,D07,0,C125605,0,0,22.005192,0,0,0,0.021701375,0,0,0,0.021701375,27.886270875,0,0,0,0.021701375,19.5746625,10.0694605625,0,0,0.04340275,0,5.68575,24.3272771875,0,0,0,27.36542875,0,0,0.021701375,0,32.530392,10.785591375,0.824651375,0,0,0,0,0,0,0,0,0,0,0,0,0,0
3530,1,18046,E07,0,C125605,0,0,0,31.2282948125,0,0,0,0,0,0,41.64499375,0,0,0,0,0,0,0,0,5.96788375,2.7343753125,0,0,6.445313125,22.569428125,8.854165625,0.3689246875,0,0.04340275,0,0,7.465276875,19.76995625,10.9374971875,0,0,22.30901875,24.67447375,0,0,0,0,0,0,0,0,0,0,0
3530,1,18046,F07,0,C125605,0,21.766490625,0,0,0,0,0.021701375,0,10.763901875,0,0,27.539067,2.300349125,0,0,11.2413240625,0,0.021701375,12.3914795,0.04340275,0,0.021701375,60.52519125,0,0,0,0,0,0,0,12.8472378125,8.0295,62.9557471875,48.6328415625,19.74828125,26.584196375,1.9314245,0.8680556875,0,0,0,0,0,0,0,0,0,0,0
3530,1,18046,G07,0,C125605,0,0,0,0,0,22.764752125,0.021701375,0,0,0,0,0,0,0,0,0,0,0,0,0,5.967875,19.5963554375,0,0,0,0,0,0,0,0,0,9.960920125,9.2447925625,12.0225673125,0.1085069375,0,0,0,0,0,0,0,0,0,0,0,0,0,0
3530,0,18046,H07,0,C125605,0,0,0,0,0,0,0,0,0,26.909742625,0,0,0,0,0,0,0,0,0,0,0,0,0,0,0,0.021701375,25.1953079375,0,0,0,0,0,0,0,0,0,0,0,0,0,0,0,0,0,0,0,0,0,0
3530,1,18046,A08,0,C125605,0,0,5.881078125,0,0,0,0,0,25.02171075,0,0,0,0,0,6.032996875,3.710938875,0,0,25.04339375,0.0434028125,0,0,0,0,0,0,0,0,23.5677196875,0,0,27.01822875,64.4531165625,49.0017134375,17.51303575,0.1519096875,0.108506875,0,0,0,0,0,0,0,0,0,0,0,0
3530,1,18046,B08,1,C125605,NA,NA,NA,NA,NA,NA,NA,NA,NA,NA,NA,NA,NA,NA,NA,NA,NA,NA,NA,NA,NA,NA,NA,NA,NA,NA,NA,NA,NA,NA,NA,NA,NA,NA,NA,NA,NA,NA,NA,NA,NA,NA,NA,NA,NA,NA,NA,NA,NA
3530,1,18046,C08,0,C125605,0,15.082442625,0,7.83419825,0,0,0,0,13.8888875,1.367187625,0,0,0,0,0.021701375,0,0,0,0,0.021701375,15.9071211875,0,0,0,0,16.3411328125,0.6293404375,0,0,0,0,0,1.215278125,6.423612875,0,0,0,0,0,0,0,0,0,0,0,0,0,0,0
3530,1,18046,D08,0,C125605,0,20.37761875,0.716145625,0,0,0,0,0,5.2083375,14.4531229375,0,0,0,0,0,19.0755321875,0,0,0,0,0,0,14.778671875,1.497396875,0,7.2699634375,0,0,0,20.377609375,0.021701375,0,0,0,0,0,0,0,0,0,0,0,0,0,0,0,0,0,0
3530,1,18046,E08,0,C125605,0,23.285606875,0,0,0,0,0,6.6840246875,14.0408125,15.1475715625,0,0,0,16.471365625,6.98783575,0,0,0,25.84636875,0.021701375,0,0,0,0,18.9887278125,30.230040625,0.282118125,0,0.021701375,0,0,0,26.193585125,0,21.158834375,6.575506875,0,0.021701375,0,0,0,0,0,0,0,0,0,0,0
3530,1,18046,F08,0,C125605,0,0,21.4843528125,0,0,0,0,0,0,0,0,13.194429375,0,0,0,0,0,0,0,0,0,22.808153125,0,0,0,0,0,0,0,0,0,0,0,0,0,0,0,0,0,0,0,0,0,0,0,0,0,0,0
3530,1,18046,G08,0,C125605,0,0,0,0,0,0,0,0,0,0,0,0,3.993053125,4.3619760625,0,0,7.09634375,13.585050625,0,0,0,0,0,0,0,0,0,0,0,0,0,0,0,0,0,0,0,0,0,0,0,0,0,0,0,0,0,0,0
3530,0,18046,H08,0,C125605,0,0,0,0,0,0,0,0,0,0,0,0,0,0,10.93748625,0,0,12.348065,3.363715,0,0,0,0,1.497396875,10.633688125,0,0.021701375,20.3341903125,0,0,0,0,0,0,0,0,0,0,0,0,0,0,0,0,0,0,0,0,0
3530,1,18046,A09,0,C125605,0,0,0,4.36197875,1.67100625,0,0,20.2040045,0,0,0,0,0,0,0,0,0,0,0,0,0,0,0,0,0,0,0,17.1006978125,4.210070125,0,0,4.7092,31.0980965625,62.934039375,5.490462625,0,0,0,0,0,0,0,0,0,0,0,0,0,0
3530,1,18046,B09,0,C125605,0,0,0,12.782109375,0.75954825,0,0,0,0,0,0,0,15.212690625,0,0,0,0,0,6.749136875,0,0,0,0,5.79428125,7.7474,0,0,0,0,0,0,0,14.2361065625,0,0,0.021701375,0,0,0,0,0,0,0,0,0,0,0.021701375,0,0
3530,1,18046,C09,0,C125605,37.630221875,0.1302084375,0,0,0,0,0,0,0,0,0,10.351576375,9.223084375,0,0,0,0,0,0,18.359385,0.6293391875,0,0,0,0,0,8.4418415625,5.4253479375,0,0,10.8506985625,0,18.207467,5.208334375,4.4704846875,0,0,0,0,0,0,0.021701375,0,0,0,0,0,0,0
3530,1,18046,D09,0,C125605,0,0,0,0,0,0,16.406240625,0,0,0,0,0,0,0,0,0,0,16.731765,0,0,0,0,0,8.311637,0,0,0,0,0,16.3194434375,0,0,1.86631875,29.7525878125,12.00087375,0,0,0,0,0,0,0,0,0,0,0,0,0,0
3530,1,18046,E09,0,C125605,0,0,0,15.0173715625,0,0,0,0,5.360242125,0,0,0,0,12.10938125,1.0633679375,0,0,3.298609375,0.3472221875,10.264771875,3.819443125,0,0,0,0,0,0,0,12.8255284375,0.911459375,13.28126875,0,16.102439125,4.4704853125,5.013020875,0.021701375,0,0,0,0,0,0,0,0,0,0,0,0,0
3530,1,18046,F09,0,C125605,0,7.4435795,0,0,0,0,0,0,0,0,0,0,7.8125,0,0,20.8333165625,0,0,6.48871,0,0,0,17.317713125,0,0,0,0,0,0,0,0,0,0,0,0,0,0,0,0,0,0,0,0,0,0,0,0,0,0
3530,1,18046,G09,0,C125605,0,0,0,24.565932625,0,0,0,25.58595625,0.412325,0,0,3.949663125,7.20486875,0,0,0,0,22.0486321875,0,0,0,0,0,0,26.2369759375,0,0,0,15.14757125,0,0,38.650140625,37.5000109375,47.5260041875,0,0,0,0,0,0,0,0,0,0,0,0,0,0,0
3530,0,18046,H09,0,C125605,0,0,0,0,0,20.8333371875,0,0,0,17.534738875,0,0,0,0.021701375,0,17.165796875,0,0,0,0,21.0720413125,0.021701375,0,0,0,0,0,19.7699871875,0,0,21.63628125,2.32205,41.16754375,57.3133525,32.11803625,0,0,0,0,0,0,0,0,0,0,0,0,0,0
3530,1,18046,A10,0,C125605,0,20.7248253125,0.282118125,0,0,0,0,0,0,0,0,0,2.105034375,5.598959375,0,0,20.876726375,0.0868054375,0,0,0,0,0,0,21.896684375,0.47743125,0,0,20.247415625,0.3906250625,9.7656340625,0.108507,0,0,0,0,0,0,0,0,0,0,0,0,0,0,0,0,0
3530,1,18046,B10,0,C125605,0,0,7.161460625,0,0,0,0,11.111125,7.3350784375,0,0,0,0,0,0,6.3151045,0,0,0,0,0,0,7.269965,0.8680540625,0,0,0,0,7.855890625,0,0,0,7.72569375,14.0407815625,4.405384375,0,0,0,0,0,0,0,0,0,0,0,0,0,0
3530,1,18046,C10,0,C125605,0,0,4.492186875,0,0,0,0,0,10.3949884375,0,0,0,0,0,5.273436875,0,0,0,0,9.4617995,0.0651040625,0,0,0,0,0,0,0,0,9.5052253125,0.021701375,0,0,0,0,0,0,0,5.989582,0,0,0,0,0,0,0,0,0,3.38541575
3530,1,18046,D10,0,C125605,0,0,0,0.021701375,0,6.2282989375,0,0,0,0,0,12.41319375,0,0,0,0,0,0,3.86284875,0.2604165,0,0,0,0,0,0,12.4348954375,0.0434028125,0,0.021701375,7.877603125,0,0,0,0,0,0.021701375,0,0,0,0,0,0,0,0,0,0,0,0
3530,1,18046,E10,0,C125605,0,18.68489375,0.0434028125,0,0,0,0,0,0,18.337695125,0,0,0,0,0.021701375,0,0,0,0,0,18.294278125,0,0,0,0,0,0,0,0,0,0,19.1406365625,13.563385625,12.9340375,23.632838875,0,0,0,0.021701375,0,0,0,0,0,0,0,0,0,0
3530,1,18046,F10,0,C125605,0,0,15.7985990625,0,0,0,0,1.28038125,13.910616875,0,0,0,0,0,0,16.7534634375,0,0,0,16.1892375,1.25868125,0,0,0,0,0,0,0,0,0,7.8993090625,21.39757,38.99737325,29.752585,19.5312396875,0,0,0,0,0,0,0,0,0,0,0,0,0,0
3530,1,18046,G10,0,C125605,0,0,6.2499984375,0,0,0,0,5.33854375,0.520834375,0,0,11.1545130625,0,0,0,0,0,6.9661460625,0,0,0,0,8.984379375,0.477430625,0,0,0,12.0442703125,0.6293415625,0,0,0,4.25346875,6.1848875,0,0,0,0,0,0,0,0,0,0,0,0,0,0,0
3530,0,18046,H10,0,C125605,0,0,0,0,0,24.1753210625,0,0,0,9.87413125,30.4904675,0,0,0,0,0,0,0,0,0,10.850696875,1.6710075,0,0,0,0,0,0,0,0,12.4783,0.0434028125,59.39667125,0,0,0,0,0,0,0,0,0,0,0,0,0,0,0,0
3530,1,18046,A11,1,C125605,NA,NA,NA,NA,NA,NA,NA,NA,NA,NA,NA,NA,NA,NA,NA,NA,NA,NA,NA,NA,NA,NA,NA,NA,NA,NA,NA,NA,NA,NA,NA,NA,NA,NA,NA,NA,NA,NA,NA,NA,NA,NA,NA,NA,NA,NA,NA,NA,NA
3530,1,18046,B11,0,C125605,0,0,0,0,0,0,0,0,0,0,0,0,0,0,0,0,0,0,3.23350625,0,0,0,0,0,0,0,0,0,0,0,0,0,0,0,0,0,0,0,0,0,0,0,0,4.3619803125,0,0,0,0,0
3530,1,18046,C11,0,C125605,0,0,4.7960074375,0,0.390625,8.875871875,0,0,0,0,0,0,0,13.1510295,0,0,5.5338685625,0,0,0,0,5.98959375,7.0312535625,0,0,0,13.7369959375,0,0,0,0,0,0,0,0,0,0,0,0,0,0,0,0,0,0,0,0,0,0
3530,1,18046,D11,0,C125605,0,14.4965125,0.49913125,0,0,0,0,0,0,14.4531309375,0,0,0,0,8.268227,0,0,0,0,8.9409721875,0.0651040625,0,0,14.21438125,0,0,6.901032,2.84288125,0,0,0,0,0,0,0,0,0,0,0,0,0,0,0,0,0,0,0.021701375,0,0
3530,1,18046,E11,0,C125605,0,0,0,0,0,0,1.974825,15.9071109375,0,0,0,0,0,16.2543475,0,0,0,0,0,0,0,0,0.021701375,0,0,15.4513865625,1.3671871875,0,7.812505,0.607638875,0,0,0,0,0,0,0,0,0,0,0,0,0,0,0,0,0,0,0
3530,1,18046,F11,0,C125605,9.548609375,0,0,0,0,22.721354375,9.7656165625,0,0,0,0,0,0,0,22.677928125,0.8680540625,0,0,0,0,0,0,0,0,0,20.0303975,0,0,0,0,0,18.055555625,3.9713521875,22.1354265,10.28647075,0,0,0,0,0,0,0,0,0,0,0,0,0,0
3530,1,18046,G11,0,C125605,7.356765,0,0,0,0,0,18.684880625,0,0,0,0,14.8003403125,0,0,0,0,7.46526875,7.834203125,0,0,0,13.45487375,0,0,5.0998228125,8.5069453125,0,0,0,8.6588628125,5.490451875,0,24.240451875,32.6823071875,2.19184025,0,0,0,0,0,0,0,0,0,0,0,0,0,0
3530,0,18046,H11,1,C125605,NA,NA,NA,NA,NA,NA,NA,NA,NA,NA,NA,NA,NA,NA,NA,NA,NA,NA,NA,NA,NA,NA,NA,NA,NA,NA,NA,NA,NA,NA,NA,NA,NA,NA,NA,NA,NA,NA,NA,NA,NA,NA,NA,NA,NA,NA,NA,NA,NA
3530,1,18046,A12,0,C125605,0,0,10.06945,0,0,0,0,0,9.8307384375,0.021701375,0,0,0,0,0,0,0,3.45052125,0,0,0,0,0,0,0,0,0,0,0,12.022575,0,0,0,0,0,12.738715625,0.846354375,0,0,0,0,0,0,0,0,0,0,0,0
3530,1,18046,B12,0,C125605,0,24.5442778125,2.79947775,0,0,0,0,0,0,0,0,0,0,0,18.9018965625,1.757811875,0,4.861103125,14.236103125,0,0,0,4.774305,4.557294375,0,0,0,0,0,26.32376875,1.128471875,0,0,13.9105871875,0,0,0,0,0,0,0,0,0,0,0,0,0,0,0
3530,1,18046,C12,0,C125605,0,0,15.47309375,0,0,0,0,0,0,0,11.71873375,0,0,0,0,0,14.1709978125,0,0,4.5572915625,0,0,0,0,0,10.39498125,0.8680545,0,0,0,0,0,0,16.5147685625,0,0,0,0,0,0,0,0,0,0,0,0,0,0,0
3530,1,18046,D12,0,C125605,0,0,6.74913125,0,0,7.291666875,0,0,0,17.209192,0,0,7.7474009375,0,0,0,0,8.376743125,0,17.7951603125,0.021701375,0,0,0,0,0,0,0,0,6.6840275,0,0,0,0,7.8776034375,0,0,0,0,0,0,0,0,0,0,0,0,0,0
3530,1,18046,E12,0,C125605,2.03993125,0,0,0,0,17.4479246875,0,0,0,22.070328125,0,0,0,19.292570125,0,0,17.3177103125,1.51909625,0,7.48696875,16.81855875,0,0,0,0,19.3359540625,0,0,0,3.2118125,18.27257075,0,0,0,0,0,0,0,0,0,0,0,0,0,0,0,0,0,0
3530,1,18046,F12,0,C125605,0,0,23.82809875,0,0,0,0,0,21.072078125,0,0,0,0,0,0,0,22.46094375,0,0,0,17.8602290625,2.430553125,0,0,0,0,0,0,0,10.2213659375,0,0,16.8185875,0,0,0,0,0,0,0,0,0,0,0,0,0,0,0,0
3530,1,18046,G12,0,C125605,0,0,0,13.9539893125,0,0,0,0,0,0,0,0,0,0,0,0,0,0,14.1710159375,0.086805625,0,0,0,0,0,0,0,0,15.19099825,0,0,0,0,0,2.083334375,19.7048521875,0,0,0,0,0,0,0,0,0,0,0,0,0
3530,0,18046,H12,0,C125605,0,0,11.13280625,3.472221875,0,0,0,0,0,14.6918215625,0,0,0,0,14.409717625,0,0,0,0,0,10.8724054375,0,0,0,13.3680540625,0,0,0,0,0,0,31.358525,45.507790625,36.67534875,31.16320575,0,0,0,0,0,0,0,0,0,0,0,0,0,0
3530,1,18047,A01,0,C125605,0,0,0,8.268225,8.4852471875,0,0,0,0,0,0,0,0,12.348078125,0,0,0,0,0,0,0,0,12.0659778125,3.9496525,0,0,0,0,14.019109375,0,0,0,0,0,0,0,0,0,0,0,0,0,0,0,0,0,0,0,0
3530,1,18047,B01,0,C125605,0,0,0,0,0,0,0,0,0,0.5859375,0,0,0,0,0,0,0,0,5.6640653125,0,0,0,0,0,0,0,0,0,0,0,0,0,0,7.8342025,0,0,0,0,0,0,0,0,0,0,0,0,0,0,0
3530,1,18047,C01,0,C125605,0,17.773459375,0,0,0,7.4869878125,0,0,0,0,0,16.16752125,0.282118125,0,0,0,6.5321146875,2.3437496875,0,0,0,0,0,17.83853125,0,0,0,17.708353125,9.3099075,2.9513885625,0,4.991321875,20.659717625,21.028640125,20.312463875,0,0,0,0,0,0,0,0,0,0,0,0,0,0
3530,1,18047,D01,0,C125605,0,20.855009375,0,0,8.875865,0,0,0,24.3055291875,0,0,0,0,0,0,0,0,29.513921875,0,0,0,0.021701375,0,0,0,0,0,8.289940625,4.2534740625,0,0,30.598928125,26.367195375,24.4791840625,0,0,0,0,0,0,0,0,0,0,0,0,0,0,0
3530,1,18047,E01,0,C125605,0,0,0,0,23.4809228125,0.04340275,0,0,0,0,0,0,0,0,0,0,0,5.12153125,21.5928584375,0.04340275,0,0,0.021701375,0,0,0,0,0,0,0,0,0,9.50521875,5.7725709375,0,0,0,0,0,0,0,0,0,0,0.021701375,0,0,0,0
3530,1,18047,F01,0,C125605,0,0,14.77863125,2.235243125,0,0,9.5486149375,0,0,19.748275,0,0,0,0,21.961815625,0,8.3333346875,14.2361160625,0,0,0,0,0,0,7.552084375,0.086805625,9.375009625,0,0,0,0,15.7551928125,29.144946375,30.9678384375,18.836800625,0.28211825,0,0,0,0,0,0,0,0,0,0,0,0,0
3530,1,18047,G01,0,C125605,0,14.214430625,0,0,0,0,0,0,7.4869679375,0,0,0,0,0,0,0,0,13.4114574375,0,0,0,0,0,14.2144103125,0,0.021701375,0,0,0,0,0,0,6.1197903125,0,0,0,0,0,0,0,0,0,0,0,0,0,0,0,0
3530,0,18047,H01,0,C125605,0,0,0,0,0,7.09634375,2.973092,0,0,0,0,7.421871875,11.631942,0,0,0,0,0,0,0,7.74739375,15.99391875,0,0,0,0,0,16.319445125,28.9496525,0,0,0,0,0,0,0,0,0,0,0,0,0,0,0,0,0,0,0,0
3530,1,18047,A02,0,C125605,0,0,0,10.677084375,1.69270875,0,0,7.16146875,1.9748273125,0,0,0,0,0,0,0,0,0,0,0,11.1545165625,0,0,0,8.984367,0,0,4.21007125,0,0,10.1562215,1.519096375,7.7473940625,0.282118125,0,0,0,0,0,0,0,0,0,0,0,0,0,0,0
3530,1,18047,B02,0,C125605,2.2135403125,0,0,0,20.7465545,0.04340275,0,0,0,0,20.203963875,0.368925,0,0,0,0,0,15.733518125,15.907140625,0,8.9192715625,0,0,0,7.3567778125,0,0,0,17.664928125,4.882811875,0.0868055625,0.021701375,37.23956875,20.464411875,23.7847298125,3.2986125625,0,0,0,0,0,0,0,0,0,0,0,0,0
3530,1,18047,C02,0,C125605,0,0,0,0,0,0,0,0,0,0,0,0,0,0,0,0,0,0,7.2482553125,0.78125,0,0,19.379349375,0.086805625,0,0,0,0,0,0,0,0,0,0,0,0,0,0,0,0,0,0,0,0,0,0,0,0,0
3530,1,18047,D02,0,C125605,0,30.490441375,0,0,0,0,0,0,0,0,0,0,0.021701375,0,10.438367625,0,25.0434253125,0,0,0,0,0,0,0,0,0,0,0,20.420996875,1.0416653125,0,0,11.26301875,9.9826353125,0,0,0,0,0,0,0,0,0.021701375,0,0,0,0,0,0
3530,1,18047,E02,0,C125605,0,26.5842034375,0.846353125,0,0,0,0,0,10.8507040625,0,22.11373125,1.4105875,0,0,0,0,0,0,25.260409375,1.258680625,0,0,0,25.5859375,0,0,0,0,15.5165,11.328126375,0,0,0,25.607646875,0,0,0,0,0,0,0,0,0,0,0,0,0.021701375,0,0
3530,1,18047,F02,0,C125605,0,0,9.8958403125,0,0,0,0,0,20.789921875,0,0,0,22.7430375,0.9548621875,0,0,0,0,12.8038128125,0.1953125,0,0,0,0,29.9478721875,4.4704871875,1.3237850625,0.1953124375,0,0,0,0,20.44273125,3.2769096875,0,0,0,0,0,0,0,0,0,13.43316875,0,0,0,0,0
3530,1,18047,G02,0,C125605,0,0,0.021701375,0,17.55640625,3.23350625,0,0,0,0,0,0,8.3333221875,0,0,0,21.0069653125,0,0,0,0,0,0,0.021701375,0,0,0,0,22.72131875,0,0,0,52.3654545,0,0,0,0,0,0,0,0,0,0,0,0,0,0,0,0
3530,0,18047,H02,0,C125605,0,0.021701375,0,0,23.5025690625,0,0,0,0,0,0,0,0,16.210921875,4.296875,0,0,0,0,0,15.64669375,4.578982625,0,0,0,0,0,0,18.250875,4.014756875,0,0,0,20.1171934375,0,0,0,0,0,0,0,0,0,0,0,0,0,0,0
3530,1,18047,A03,0,C125605,0,0,4.796,11.6970421875,0,0,0,0,0,17.18747875,0,0,0,0,18.185751375,0,0,0,0,1.64930625,15.407995125,0,0,0,11.545125,7.7039804375,0,0,0,0,0,20.1605959375,11.02431875,0.4340275,0,0,0,0,0,0,0,0,0,0,0,0,0,0,0
3530,1,18047,B03,0,C125605,0,9.67881,0,0,6.01128825,17.14410625,0,0,0,0,0,0,0,0,30.4253525,0,0,0,0,0,22.20051875,3.9279504375,0,0,0,0,0,0.021701375,0,10.72048575,0,0,5.316841875,27.1484215,0,0,0,0,0,0,0,0,0,0,0,0,0,0,0
3530,1,18047,C03,0,C125605,0.455729375,0,0,0,12.4131934375,0,0,5.316841875,0,0,5.8593723125,0,0,0,0,0,13.0642290625,0,0,0,0,0,19.9652803125,0,0,0,0,0,16.9053746875,0,0,0,18.77171875,7.8341995,15.104168875,0,0,0,0,0,0,0,0,0,0,0,0,0,0
3530,1,18047,D03,0,C125605,0,0,0,0,5.6640653125,0,17.4478965625,2.82118,0.021701375,0,0,0,0,0,0,0,0,0,0,0,0,0,0,0,0,0,0,16.8837,0.0434028125,0,0,0,0,0,19.140615625,0,0,0,0,0,0,0,0,0,0.021701375,0,0,0,0
3530,1,18047,E03,0,C125605,0,0,0,0,0,0,0,0,0,0,0,0,0,0,0,16.05902375,0,0,0,0,0.021701375,0,0,0,0,0,0,0,0,0,16.2109371875,0,0,0,0,0,0,0,0,0,0,0,0,0,0,0,0,0.021701375,0
3530,1,18047,F03,0,C125605,1.063367,0,0,0.021701375,0,0,20.92015,0,0,0,0,0,0,0.021701375,18.18576875,2.82118125,0,0,0,0,23.8715590625,0,0,0,0,0,0,0,13.8237740625,0,23.9800260625,44.01039375,89.95225,35.394943125,41.0156128125,0,0,0,0,0,0,0,0,0,0,0,0,0,0
3530,1,18047,G03,0,C125605,0,0,0.021701375,0,0,11.740462625,0,0,0,0,0,0,0,12.6953155625,0,0,0,0,0,0,10.850685625,0.2387153125,0,0,0,0,6.42361075,0,0,2.690971875,10.95921875,0,0,3.88454875,3.2986103125,0,0,0,0,0,0,0,0,0,0,0,0,0,0
3530,0,18047,H03,0,C125605,0,0,0,0,20.39932975,0.021701375,0,0,0,0,0,0,0,0,0,0,0,0,0,6.0329840625,0,0,0,14.2143875,4.5138865625,0,10.98091075,0,0,0,0,0,20.3125184375,14.9088678125,8.3550590625,6.6840290625,0,0,0,0,0,0,0,0,0,0,0,0,0
3530,1,18047,A04,0,C125605,0,0,0,0,0,0,0,0,16.861988125,0,0,0,0,0,0,0,0,0,0,17.4479121875,0,0,0,0,0,0,18.142359375,1.019965625,0,0,0,4.427084375,3.515628125,9.1362734375,0,0,0,0,0,0,0,0,0,0,0,0,0,0,0
3530,1,18047,B04,0,C125605,0,0,0,12.695325,2.1484398125,0,0,0,0,0,0,1.25868125,10.2647390625,0,0,20.2473984375,0,0,0,0.021701375,0,0,0.0651040625,9.9392129375,7.89931875,11.024312875,0,0,0,0,0,0,26.605921875,4.9045134375,0,0,0,0,0,0,0,0,0,0,0,0,0,0,0
3530,1,18047,C04,0,C125605,0,25.4340209375,0,0,0,0,0.021701375,0,0,28.732665125,0,0.021701375,0,0,0,0,0,12.7604,0,0,0.021701375,34.02776075,0,0,0,0,0,0,0,0,9.3967090625,14.3012295,51.020018125,20.1388859375,0,0,0,0,0,0,0,0,0,0.021701375,0,0,0,0,0
3530,1,18047,D04,0,C125605,0,0,0,0,0,0,0,0,0,0,0,0,11.892359375,0,0,0.021701375,0,0,0,0,0,0,13.43315625,17.881950125,0,0,0,0,0,0,0,16.14584375,23.1987675,0,0,0,0.021701375,0,0,0,0,0,0,0,0,0,0,0,0
3530,1,18047,E04,0,C125605,0,0,0,0,0,0,0,0,0,0,0,0,16.03734375,4.5138790625,0,12.174496875,0,0,0,0,0,0,0,0,0,21.7230795,0,0,0,0,0,0,0,0,0,0,0,0,0,0,0,0,0.021701375,0,0,32.2048875,0.47743125,0,0
3530,1,18047,F04,0,C125605,18.61979125,0,0,0,1.25868125,14.04078875,0,0,0,0,7.834203125,5.642363875,0,0.520834375,19.72657875,0.93315875,0,0,0,0,0,0,0,11.4149375,3.624129375,0,0,0,16.753483875,0,0,0,0,0,0,0,0,0,0,0,0,0,0,0,15.603325,0,0,0,0
3530,1,18047,G04,0,C125605,0,0,13.802075,0,0,0,0,0.021701375,0,0,0,0,9.3315978125,0,0,0,16.0373040625,1.953125625,0,0,0,0,0,0,0,0,0,0,0,0,0,0,0,0,0,0,0,0,0,0,0,0,0,0,0,0,0,0,0
3530,0,18047,H04,0,C125605,0,0,0,0,0,0,0,0,0,0,7.44357575,0,0,0,0,0,0,0,0,0,0,0,0,8.181421875,16.34115625,4.4704871875,0,0,0,0,0,0,0,0,0,0,0,0,0,0,0,0,0,0,0,0,0,0,0
3530,1,18047,A05,0,C125605,0,0,0,0,0,0,13.194452625,0,0,0,0,1.996528125,23.524293125,0,0,0,0,0,10.4383753125,0,0,0,6.74915625,3.71093875,0,0,0,0,0,0,0,0,74.7179175,4.2534746875,0.3038194375,0,0,0,0,0,0,0,0,0,0,0,0,0,0
3530,1,18047,B05,0,C125605,0,0,0,3.03819375,12.955721875,0,0,0,0,0,0,3.515625,4.0147573125,0,0,17.2309103125,0,0,0,15.8420340625,0,0,0,0,0,0,0.021701375,0,16.2109509375,0.6944446875,0,0,0,0,0,0,0,0,11.393215625,4.144965625,0,0,0.021701375,0,0,0,0,0,0
3530,1,18047,C05,0,C125605,0,0,0,0,0,0,0,0,0,0,0,0,0,0.021701375,15.711800625,0,0,6.74914625,0.021701375,0,0,0,13.7804,1.540798125,0,0,0,0,0,0,0,6.727415625,24.2404596875,15.473096875,0,0,0,0,0,0,0,0,0,0.021701375,0,0,0,0,0
3530,1,18047,D05,0,C125605,0.4557303125,0,0,0,0,0,0,0.021701375,0,0,0,18.5112885625,0,0,0,0,0,15.51650625,0.021701375,0,0,4.6006875,15.125869375,0,0,0,0,0,0,0,0,10.9158,3.6675340625,0,0,0,0,0,0.021701375,0,0,0,0,0,0,0,0,0,0
3530,1,18047,E05,0,C125605,0,0,0,13.671890625,2.1701403125,0,0,0,0,0,0,0.021701375,10.286459375,8.441851375,0,0,0,0,16.579846875,0,0,0,0,0,0,0,14.2578125,5.07812325,0,0,0.021701375,1.3671875,17.25260075,5.9678835625,0,0.021701375,0,0,0,0,0,0,0,0,0,0,0,0,0
3530,1,18047,F05,0,C125605,0,0,0,0,0,0,21.658009375,0,0,0,0,0,0,0,0,0,0,0,0,0,0,0,0,0,0,0,10.026053125,12.6301835625,0,0,0,0,0,0,0,0,0,0,0,0,0,0,0,0,0,0,0,0,0
3530,1,18047,G05,0,C125605,0,6.94445,8.2248154375,0,0,0,0,0,0,0,0,20.83333075,0,0,0,0,0,0,18.05554,0,0,0,0,0,0,0,0,0,0,19.2491071875,0,0,0,0,0,0,0,0,0,0,0,0,0,0,0,0,0,0,0
3530,0,18047,H05,0,C125605,0,0,0,22.3524023125,0,0,0,0,0,21.6796778125,0.477430625,0,0,0,0,22.3524203125,0.1953125625,0,0,0,9.852425,13.06423275,0,0,0,0,0,17.122402625,0,0,0,15.668421875,30.5338696875,27.9947884375,36.7404254375,2.6041668125,0,0,0,0,0,0,0,0,0,0,0,0,0
3530,1,18047,A06,0,C125605,0,0,0,14.800340625,0,0,0,23.5460184375,0,0,0,0,0,24.066865625,4.8177228125,0,0,0,0,0,2.9513875,20.65971875,0,0,0,0,29.0581525,0,0,0,0,0,25.5425825,0,0,0,0,0,0,0,0,0,0,0,0,0,0,0,0
3530,1,18047,B06,0,C125605,14.0407784375,29.01473625,0,0,0,0,0,0,16.6232385625,0,0,0,0,0,0,0,32.747392,27.5173603125,0,0,0,0,0,0,0,0,2.9513875,13.2161409375,0,22.61284375,10.720490125,0,0,0,0,0,0,0,0,0,0,0,0,0,0,0,0,0,0
3530,1,18047,C06,0,C125605,0.1519096875,0,0,0,0,0,0,0,0,11.002625,7.052949375,0,0,21.46265625,1.6059025,0,0,0,0,0,0,0,21.180553125,2.604168125,0,0,0,23.567684375,0,0,0,0,0,0,25.17361875,0,0,0,0,0,0,0,0,0.021701375,0,0,0,0,0
3530,1,18047,D06,0,C125605,0.021701375,0,0,0,0,0,0.021701375,0,0,0,0,0,0,0,0,0,0,0,24.6527795,0,0,0,0,0,0,0,0,0,10.308171875,0,0,0,0,0,0,0,0,0,0,0,0,0,0,0,0,0,0,0,0.021701375
3530,1,18047,E06,0,C125605,0,0,0,0,0,7.33506875,0.69444325,7.5303840625,10.4817685625,0,0,0,6.228296875,0,0,3.624133125,0,0,0,0,0,4.14496375,8.7456504375,0,0.021701375,0,0,0,0,3.493922,0,0.021701375,0,0,12.3046848125,0.17361125,0,0,0,0,0,0,0,0,0,0,0,0,0
3530,1,18047,F06,0,C125605,0,0,0,0,0,0,0,0,13.5633534375,0,0,0,0,0,15.88541875,0.1953125,0,0,0,0,0,0,0,0,0,0.021701375,0,0,0,13.7152773125,0,0,0,0,0,0,0,0,0,0,0,0,0,0,0,0,0,0,0
3530,1,18047,G06,0,C125605,23.806407625,0,0,0,0,6.48871875,17.404509375,0,0,0,0,0.021701375,11.436646875,10.43836,0,0,0,22.547753125,0,0,0,0,18.532963875,4.926213875,0,0,0,0,24.8914916875,0,0,0,27.6692625,31.749130625,0,0,0,0,0,0,0,0,0,0,0,0,0,0,0
3530,0,18047,H06,0,C125605,0,0,0,0.021701375,0,0,0,15.8420125,4.101551375,0,0,0,0,0,0,0,0,0.412325,21.875021,0,0,0,0,0,20.5295115625,0.976563875,0,0,0,0,0,0,1.106771875,25.4123166875,0,0,0,0,0,0,0,0,0,0,0,0,0,0,0
3530,1,18047,A07,0,C125605,0,0,0,0,0,0.021701375,0,15.277803125,1.605903125,0,0,0,0,0,0,0,0,0,0,0,4.752605625,4.5355834375,11.349825,0,0.0434028125,9.3098925,0,0,0,0,0,0,0,0,0,0,0,0,0,0,0,0,0,0,0,0,0,0,0
3530,1,18047,B07,0,C125605,0,13.3029584375,0,13.281255125,0,30.664059375,0,0,0,0,23.9800309375,40.06078125,25.390630625,0,0,0,0,0,0,0,0,14.0841928125,0,0,0,0,32.7907521875,0,0,0,27.387146875,0,35.438346875,44.097209375,17.209175625,0.021701375,0,0,0,0,0,0,0,0,0,0,0,0,0
3530,1,18047,C07,0,C125605,11.219625,10.93749825,0,0,0,0,0,0,1.08506875,4.7092034375,0,0,0,0,0,0.021701375,20.1388809375,0,0,0,0,0,22.026909375,0.520832625,0,0,9.39670625,0,0,0,0,0,22.677957625,0,0,0,0,0,0,0,0,0,0,0.021701375,0,0,0,0.021701375,0
3530,1,18047,D07,0,C125605,0.021701375,0,0,0,0,0,0,0,0.021701375,0,19.72654375,1.0633684375,0,0,0,0,0,0,0,0,0,0,0,18.0772496875,2.6692679375,0,0,0,0,0,0,0.021701375,0,0,0,0,0,0,0,0,0,0,0,0,0,0,0,0,0
3530,1,18047,E07,0,C125605,0,0,0,0,0,12.087661375,0,0,0,0,0,0,0,0,0,0,0,11.65366875,3.385417,0,0,15.4730975,0,0,0,0,0,0,0,0,0,0,0,0,0,0,0,0,0,0,0,0,0,0,0,0,0,0,0
3530,1,18047,F07,0,C125605,14.7352395,4.75261875,0,0,0,4.7742915625,12.369771875,0,0,0,0,0,18.83680625,0,0,0,19.35766075,0,0,0,0,0.021701375,0,22.41751875,1.2803815625,0,0,0,0,0,0,0,0,0,0,0,0,0,0,0,0,0,0,0,0,0,0,0,0
3530,1,18047,G07,0,C125605,0,0,0,0,0,15.234365625,0,0,0,0,0,16.64497875,0,0,0,5.62066,2.6475695,0.021701375,0,7.07465625,8.9192616875,0,0,0,0,0,0,6.96614375,9.3967134375,0,0,9.8741295,20.11720325,0.0868055,0,0,0,0,0,0,0,0,0,0,0,0,0,0,0
3530,0,18047,H07,0,C125605,0,12.326381875,14.2143965625,0.499132625,0,0,0,0,0,0,0,14.0624965625,8.70225625,0,0,0,10.416670125,0,0,11.3281403125,0,0,0,0,0,0,17.75170625,3.862853125,0,12.521721875,0,0,31.749114375,0,0,6.054684375,3.3420115625,0,0,0.021701375,0,0,0,0,0,0,0,0,0
3530,1,18047,A08,1,C125605,NA,NA,NA,NA,NA,NA,NA,NA,NA,NA,NA,NA,NA,NA,NA,NA,NA,NA,NA,NA,NA,NA,NA,NA,NA,NA,NA,NA,NA,NA,NA,NA,NA,NA,NA,NA,NA,NA,NA,NA,NA,NA,NA,NA,NA,NA,NA,NA,NA
3530,1,18047,B08,0,C125605,0,0,0,0,0,0,21.05031625,0,0,0,0,25.868030625,0,0,0,0.021701375,0,0,0,0,27.170121875,0.04340275,0,0,0,0,22.0051910625,0,0,0,0,0,24.8046725,0,21.15887,0,0,0,0,0,0,0,0,0,0.021701375,0,0,0,0
3530,1,18047,C08,0,C125605,0.824653125,0,0,0,0,0,0,0,0,0,0,23.871521875,0,0,0,0,0,24.848068125,0,0,0,0,0,0,0,0.021701375,0,0,0,0,15.6033115,0,0,15.538206875,0,0,0,0,0,0,0,0,0,0,0,0,0,0,0.021701375
3530,1,18047,D08,0,C125605,0,0,0,0,0,19.1189409375,0,0,0,0,17.5781275,0.69444375,0,0,0,0,0,20.551195625,0,0,0,0,0,0,18.0772791875,0,0,7.769096875,1.584201375,0,0,39.1927503125,67.816803125,33.5286275,14.3663216875,3.86284625,0,0,0,0,0,0,0,0,0,0,0,0,0.021701375
3530,1,18047,E08,0,C125605,0,0,0,0,0,2.9513875,57.052940625,0.021701375,0,0,0,0,0,0,0,35.56858125,6.618925,0,0,0,0,0,21.8315625,8.767366375,0,0,0,0,0,0,0,20.4861040625,44.05382875,36.48005625,0,0,0,0,0,0,0,0,0,0,0,0,0,0,0
3530,1,18047,F08,0,C125605,0,0,1.3454875,17.3611009375,0,0,0,0,0,4.058159375,20.63802075,0.3038193125,0,0,0,0,0,0,16.0807475,0.91146075,0,0,0,0,17.2092323125,0,0,0,0,0,0,5.7942728125,18.250850125,0,0,0,0,0,0,0,0,0,0,0,0,0,0,0,0
3530,1,18047,G08,0,C125605,0,0,0,25.41234,0,0,27.3002990625,0,0,0,0,0,0,0,0,0,0,13.7369791875,0,0,0,27.517338875,0,0,0,0,0,0,0,0,0,26.3237871875,13.389770125,14.36632325,22.786454375,0,0.021701375,0,0.021701375,0,0,0,0,0,0,0,0,71.592875,0.62934025
3530,0,18047,H08,0,C125605,0,0,8.007808125,0,0,0,18.12064375,0,0,0.021701375,0,0,19.53125875,0,0,0,0,9.89584375,1.453994375,21.37586875,0,0,0,0,8.5937475,0,0,29.0364625,5.9461821875,0.021701375,0,0,0,0,0,0,0,0,0,0,0,0,0,0,0,0,0,0,0
3530,1,18047,A09,0,C125605,0,0,0,17.881928125,0,0,0,0,21.1588303125,0,0,0,18.706599375,0,0,24.023413125,0,0,24.6527778125,0,0.021701375,0,0,0,0,25.10853,0,0,25.086806875,0.021701375,0,0,0,0,0,7.660603125,16.81856875,0,0,0.021701375,0,0,0.021701375,0,0,0,0,0,0
3530,1,18047,B09,1,C125605,NA,NA,NA,NA,NA,NA,NA,NA,NA,NA,NA,NA,NA,NA,NA,NA,NA,NA,NA,NA,NA,NA,NA,NA,NA,NA,NA,NA,NA,NA,NA,NA,NA,NA,NA,NA,NA,NA,NA,NA,NA,NA,NA,NA,NA,NA,NA,NA,NA
3530,1,18047,C09,0,C125605,0,0,0,0,0,0,0,0,15.9722391875,0,0,0,14.0625071875,0,0,0,0,0,0,0,0,7.1397599375,0,0,0,0,17.0138848125,0,0,0,0,0,0,0,0,0,0,0,0,0,0,0,0,0,0,0,0,0,0
3530,1,18047,D09,0,C125605,0,0,0,0.021701375,19.05381875,0.04340275,0,0,0,0,0,19.639758125,0,0,0,0,0,0,42.46960375,0,0,0,0,0,0,15.0390790625,0,17.144100625,0,0,0,0,0,0,0,0,0,0,0,0,0,0,0,0,0,0,0,0,0
3530,1,18047,E09,0,C125605,0.021701375,0,22.482638875,0.021701375,0,0,0,0,0,19.6831746875,0,0,0,0,20.160597875,0,0,0,0,0,0,23.350707625,0,0,0,25.477422,0.021701375,0,0,0,0,27.4522375,29.34029325,28.450518125,0.1953125625,0,0,0,0,0.021701375,0.021701375,0,0,0,0,0,0,0,0
3530,1,18047,F09,0,C125605,0,15.104146875,0,0,0,0,0,0,0,0,4.6874995,0,0,0,15.0824828125,0,0,0,7.031250625,0,0,0,0,0,0,0,0,0,0,15.169273125,0,12.673628125,54.8610875,1.584201875,0,0,0,0,0,0,0,0,0,0,0,0,0,0,0
3530,1,18047,G09,0,C125605,0,0,6.1631978125,19.4661246875,0,0,0,0,0,0,0,32.98610625,0.8246521875,0,0,0,24.978292,0,0,0,0,10.1996510625,10.785593125,0,20.377584375,12.5216878125,0,0,0,0,0,23.111992,32.508653125,23.9366184375,0,0,0,0,0,0,0,0,0,0,0,0,0,0,0
3530,0,18047,H09,0,C125605,0,0,0,0,0,0,0,0,0,5.034721875,0,0,0,0,0,25.4991154375,0,0,0,0,2.32205,7.7908084375,0,0,0,0,0,22.72137325,0,0,0,0,17.62150625,28.38543375,0,0,0,0,0,0,0,0,0,0,0,0,0,0,0
3530,1,18047,A10,0,C125605,0,3.4939223125,0.5208340625,0,0,0,0,0,0,0,13.02082875,0,0,0,0,0,15.29947625,0,0,0,0,0,0,0,0,0,0,0,3.9279496875,0,0,0,0,0,0,0,0,0,0,0,0,0,0,0,0,0,0,0,0
3530,1,18047,B10,0,C125605,0,0,0,0,19.18403075,0,0,0,0,0,0,0,0,0,5.44706375,2.2352434375,0,18.793408875,0,0,0,0,0,0,0,0,7.07466625,2.2786440625,0,0,19.466171875,0.3038195,0,0,0,0,0,0,0,0.021701375,0,0,0,0,0,0,0,0,0
3530,1,18047,C10,0,C125605,0,0,4.75259375,7.85589375,0.021701375,0,14.822053125,0,0,0,0,0,0,0,0,0,0,0,19.835076375,0,0,0,0,17.708309375,0,0,0,0,0,0,20.095478875,0,0,0,0,0,0,0,0,0,0,0,0,0,0,0,0,0,0
3530,1,18047,D10,0,C125605,0,14.322925,0,0,0,0,0,0,0,0,0,17.773445125,0.13020825,0,0,0,0,0,0,0,0,0,0,0,0,0,0,17.730013125,0,0,0,0,0,0,0,0,0,0,0,0,0,0,0,0,0,0,0,0,0
3530,1,18047,E10,1,C125605,NA,NA,NA,NA,NA,NA,NA,NA,NA,NA,NA,NA,NA,NA,NA,NA,NA,NA,NA,NA,NA,NA,NA,NA,NA,NA,NA,NA,NA,NA,NA,NA,NA,NA,NA,NA,NA,NA,NA,NA,NA,NA,NA,NA,NA,NA,NA,NA,NA
3530,1,18047,F10,0,C125605,0,0,0,0,25.173607625,0,0,0,0,19.11891,5.121528125,0,0,0,0,0,0,10.09115625,15.1909996875,0,0,0,0,0,0,0,24.04516125,0.6510415625,0,0,0,0,16.254334375,21.072028875,0,0,0,0,0,0,0,0,0,0,0,0,0.021701375,0,0
3530,1,18047,G10,0,C125605,0,0,0,24.56597125,0.7378475,0,0,0,0,0,0,0,0,14.670124375,0,0,0,0,0,0,0,25.824640625,0,0,0,0,0,0,10.047755625,0,0,54.40540625,57.11805125,9.1579755625,11.5234510625,11.1762154375,0.9331603125,0,0,0,0,0,0,0,0,0,0,0,0
3530,0,18047,H10,0,C125605,0,0,20.72481875,0,0,0,0,0,0,0,0,18.402784375,0,0,0,0,0,0,0,20.22570875,0,0,0,0,14.0625103125,0,0,0,17.66495625,0,0,0,0,0,0,0,0,0,0,0,0,0,0,0,0,0,0,0,0
3530,1,18047,A11,0,C125605,0,7.4218821875,0,0,8.2465295,0,0,0,0,0,0,0,5.8593871875,0,0,0,0,0,0,4.27517325,0.62934,0,0,0,0,0,0,0,0,4.5572903125,0,6.6189246875,0,0,0,0,0,0,0,0,0,0,0,0,0,0,0,0,0
3530,1,18047,B11,0,C125605,0,0,0,9.07118125,0,0,0,0,0,10.28646075,0,0,0,10.1128321875,0,0,0,0,0,0,0.021701375,9.765615875,0,0,0,0,0,0,9.17967575,0,0,0,0,0,0,0,0,0,0,0,0,0,0,0,0,0,0,0,0
3530,1,18047,C11,0,C125605,0,0,0,0,0,17.2742753125,0.520834375,0,0,0,0,0,0,0,0,21.896688125,0,0,0,0,0,0,0,0,0,0,0,0,0,0,0,0,9.4618085625,0,0,0,0,0,0,0,0,0,0,0,0,0,0,0,0
3530,1,18047,D11,0,C125605,0,0,0,0,13.97571875,8.333332625,0.3906248125,0,0,9.1362984375,0,0,0.021701375,0,0,0,0,10.5468790625,1.0850665625,0,1.931425,15.625009375,0,0,0,0,0,12.52169825,0,0,0,17.513034375,14.2578140625,38.4982925,0,0,0,0,0,0,0,0,0,0,0,0,0,0,0
3530,1,18047,E11,1,C125605,NA,NA,NA,NA,NA,NA,NA,NA,NA,NA,NA,NA,NA,NA,NA,NA,NA,NA,NA,NA,NA,NA,NA,NA,NA,NA,NA,NA,NA,NA,NA,NA,NA,NA,NA,NA,NA,NA,NA,NA,NA,NA,NA,NA,NA,NA,NA,NA,NA
3530,1,18047,F11,0,C125605,0,16.406257625,0,0,0,0,0,12.3698,5.72916875,0,0,0,0,5.490453125,3.19010625,0,0,18.0338809375,0,0,0,0,0,18.1206790625,0,0,0,0,0,2.45225625,13.21615625,12.738715625,29.448774375,1.801215625,0,0,0,0,0,0,0,0,0,0,0,0,0,0,0
3530,1,18047,G11,0,C125605,0,0,0,21.72308,0,0,0,0,0,9.7873273125,0,0,0,0,0,0,0,0,0,20.9635715625,0,0,0,0,0,0,0,19.4227246875,0,0,0,0,36.0677098125,0.0651041875,0,0,0,0,0,0,0,0,0,0,0,0,0,0,0
3530,0,18047,H11,0,C125605,0,0,0,0,0,0,0,0,0,0,0,0,0,0,0,0,0,0,0,0,0.80295,9.223100625,0.93316,0,0,0,0,0,0,0,0,0,0,0,0,0,0,0,0,0,0,0,0,0,0,0,0,0,0
3530,1,18047,A12,0,C125605,12.413190625,0,0,0,0,0.108506875,14.214401375,0,0,0,0,0,0,11.52342325,0,0,0,0,0,0,14.2578253125,0,0,0,0,0,0,0,8.4852529375,0,0,0,11.87064825,0,0,0,0,0,0,0,0,0,0,0,0,0,0,0,0
3530,1,18047,B12,0,C125605,0,0,2.82118125,15.711809375,0,0,0,0,0,0,0,0,0,0,0,0,0,15.277801875,0,0,0,0,0,0,0,15.79859375,3.559028125,0,0,0,0,0,0,0,0,0,0,0,0,0,0,0,0,0,0,0,0,0,0
3530,1,18047,C12,0,C125605,0,0,0,0,0,0,0,0,0,0,23.697915625,0,0,0,0,0,0,0,0,5.403634375,3.5156278125,0,0,0,14.930553125,4.0147590625,0,0,0,0,0,0,33.116303125,0,0,0,0,0,0,0,0,0,0,0,0,0,0,0,0
3530,1,18047,D12,0,C125605,0,0,0,0,0,0,0.04340275,0,0,0,12.695310625,0,0,0,0,0,0,0,0,0,0,14.605028125,0,0,0,0,0,0,0,0,14.539936875,0,0,0,0,0,0,0,0,14.4965109375,0,0,0,0,0,0,0,0,0
3530,1,18047,E12,0,C125605,0,0,0,6.4236110625,0,0,0,0,0,0,0,0,0,0,0,0,0,0,0,14.605034375,0,0,0,0,0,0,0,0,0,0,0,0,20.3124715,0,0,47.634549375,0,0,0,0,0,0,0,0,0,0,0,0,0
3530,1,18047,F12,0,C125605,17.6215409375,0,0,0,0,0,27.1918746875,0.1953124375,0.6944441875,0.021701375,0,0,1.67100625,16.601554,0,0,0,0,0,18.576405,0.9982635,0,10.4383565625,0.21701375,0,0,0,21.22395625,0,0,0,5.42534375,17.2309098125,20.29078125,7.2916621875,0,0,0,0,0,0,0,0,0,0,0,0,0,0
3530,1,18047,G12,0,C125605,0,0,0,0,0,0,18.20747575,0.0434028125,0,0,0,0,14.75698125,0.998263875,0,0,0,0,0,0,20.65971875,0,0,0,0,0,0,0,5.815959375,2.7343725,0,0,0,0,0,0,0,0,0,0,0,0,0,0,0,0,0,0,0
3530,0,18047,H12,0,C125605,0,0,0,0,0,0,0,0,0,0,0,0,3.732640625,5.555555625,0,0,0,0,0,16.49305,5.078125,0,0,0,0,0,0,8.5503534375,0,0,0,0,0,0,0,0,0,0,0,0,0,0,0,0,0,0,0,0,0
