"chemical.id","conc","date","plate","well","t0","t1","t2","t3","t4","t5","t6","t7","t8","t9","t10","t11","t12","t13","t14","t15","t16","t17","t18","t19","t20","t21","t22","t23","t24","t25","t26","t27","t28","t29","t30","t31","t32","t33","t34","t35","t36","t37","t38","t39","t40","t41","t42","t43","t44","t45","t46","t47","t48","t49","t50","t51","t52","t53","t54","t55","t56","t57","t58","t59","t60","t61","t62","t63","t64","t65","t66","t67","t68","t69","t70","t71","t72","t73","t74","t75","t76","t77","t78","t79","t80","t81","t82","t83","t84","t85","t86","t87","t88","t89","t90","t91"
3530,0,20190502,18101,"H01",0,0,0,3.70000004768372,0.123000003397465,0,0,0,0,0,0,0,0,0,0,0,0,0.856000006198883,0,0,0,0.435000002384186,0,0,0,0,0,0,0,0,0.409999996423721,0,0,0,0,0,0,0,0,0.493000000715256,0,0,0,0,0,0,0,0,3.15199995040894,0.24600000679493,0,0,0,0,0,0,0,0,0,0,0,0,0,0,0,0,0,0,0,0,0,1.23800003528595,0,0,0,0,0,0,0,0,0.628000020980835,0,0,0.388999998569489,0,0,0,0,0,0,0,0
3530,0,20190502,18101,"H02",0,0,0,3.01300001144409,1.43400001525879,1.90299999713898,1.60399997234344,0.583999991416931,0.778999984264374,0,0,0,0,0,0,0,0,0,0,0,0,2.11299991607666,0,0,0,0,0,0,0,0,4.7810001373291,3.38800001144409,2.38499999046326,0,0,0,0,0,0,0.865000009536743,4.02099990844727,3.11599989235401,3.52200007438659,1.76800000667572,0.869000017642975,0,0,0,0.856000006198883,3.10600006580353,0.64300000667572,0,0,0,0,0,0,0,0,0,0,0,0,0,0,0,0,0,0,0,0,0,0,0,0,0,0,0.573000013828278,0,0,0,0,0,1.23099994659424,2.87900006771087,0,0,0,0.34799998998642,0,0.123000003397465,0
3530,0,20190502,18101,"H03",0,0,0,3.23099994659424,0,0,0,0,0,0,0,0,0,0,0.505999982357025,0,0,0,0,0,0,0.648999989032745,0,0,0,0,0,0,0,0,0,0,0,0,0,0,0,0,0,0,0,0,0,0,0,0,0,0,0,0,0,0,0,0,0,0,0,0,0,0,0,0,0,0,0,0,0,0,0,0,0,0,0,0,0,0,0,0,0,0,0,0,0,0,0,0,0,0,0,0,0,0
3530,0,20190502,18101,"H04",0,0,0,4.52099990844727,2.38700008392334,0.912999987602234,0.485000014305115,1.11000001430511,0.559000015258789,0,0,0,0,0,0,0,0,0,0,0,0,0,0,0,0,0,0,0,0,0,0,0,0,0,0,0,0,0,0,0,0,0,0,0,0,0,0,0,0,0,0,0,0,0,0,0,0,0,0,0,0,0,0,0,0,0,0,0,0,0,0,0,0,0,0,0,0,0,0,0,0,0,0,0,0,0,0,0,0,0,0,0
3530,0,20190502,18101,"H05",0,0,0,0,0,0,0,0,0,0,0,0,0,0,0,0,0,0,0,0,0,0,0,0,0,0,0,0,0,0,0,0,0,0,0,0,0,0,0,0,0,0,0,0,0,0,0,0,0,0,0,0,0,0,0,0,0,5.64300012588501,0,0.284000009298325,0,0,0,0,0,0,0,0,0,0,0,0,0,0,0,0,0,0,0,0,0,0,0,0,0,0,0,0,0,0,0,0
3530,0,20190502,18101,"H06",0,0,0,4.98699998855591,1.01499998569489,2.41699993610382,0.698000013828278,0.77700001001358,0.061999998986721,0,0,0,1.11500000953674,0.870999991893768,0,0,0,0,0.513000011444092,0.762000024318695,1.06700003147125,2.27999997138977,3.93799990415574,2.33999991416931,0.71399998664856,0.717000007629395,0.158999994397163,0,0,1.72800004482269,4.22399985790252,3.53599989414215,1.02999997138977,2.49900007247925,3.76199996471405,1.53899994492531,2.73800003528595,0,0,1.35599994659424,1.80999994277954,1.3860000371933,0,0,0,0,0,0.123000003397465,3.81800001859665,1.00899994373322,0.742000021040439,0,0,0.46399998664856,0,0,0,2.33599996566772,0.296000003814697,1.09599995613098,0.123000003397465,0,0,0,0,0.30799999833107,4.408999979496,0.123000003397465,0.497000008821487,0,0,0,0,0.955999970436096,0.061999998986721,3.76000008732081,1.38800001144409,0.137999996542931,0,0.34400001168251,0,0,0,0,1.75,0,0,0,0.301999986171722,2.99500009417534,1.84200000762939,1.57099997997284
3530,0,20190502,18101,"H07",0,0,0,0,0,0,0,0,0,0,0,0,0,0,0,0,0,0,0,0,0,2.43499994277954,0,0,0,0.0780000016093254,0,0,0,0,0,0,0,0,0,0,0,0,0,0,0,0,0,0,0,0,0,0,0,0,0,0,0,0,0,0,0,0,0,0,0,0,0,0,0,0,1.35599994659424,2.41000008583069,1.66999995708466,0,0,0,0,0,2.90199995040894,0,0,0,0,0,0,0,0,1.80400002002716,0.702000021934509,1.40199995040894,0.388999998569489,0,0,0,0,0
3530,0,20190502,18101,"H08",0,0,0,3.28500008583069,0.061999998986721,0,0,0,0,0,0,0,0,0,0.628000020980835,0,0,0,0,0,0,0.395999997854233,0,0,0,0,0,0,0,0,0.745000004768372,0,0,0,0,0,0,0,0.455000013113022,0.950999975204468,0,0,0.261999994516373,0.312999993562698,0,0,0,0,0,0,0,0,0,0,0,0,0,0,0,1.15699994564056,0.0590000003576279,0,0,0,0,0,0,0,0,0,0,0,0,0,0,0,0.495999991893768,0,0,0,0,0,0,0,1.0110000371933,0,0,0,0,0,0.39300000667572,0.28600001335144
3530,0,20190502,18101,"H09",0,0,0,4.05399990081787,0,0,0,0,0,0,0,0,0,0,0,0,0,0,0,0,0,7.35400021076202,2.9779999256134,0.935000002384186,1.18599998950958,1.60899996757507,1.66799998283386,0,0,2.66799998283386,2.90400004386902,0,0.530000001192093,0.30799999833107,0,0,0,0,0,0.526000022888184,0,0,0,0,0,0,0,0,4.43300008773804,1.18400001525879,0.0869999974966049,0,0,0,0,0,0,1.07500004768372,0,0.419999986886978,0.17399999499321,0,0,0.550999999046326,0,0.871999979019165,1.11600005626678,0,0,0,0,0,0,0,0,2.96499991416931,0,0,0,0,0,0,0,0,1.29999995231628,0.296999990940094,0,0,0.388999998569489,0.123000003397465,0,0.544000029563904
3530,0,20190502,18101,"H10",0,0,0,0,3.51099991798401,0,0,0,0,0,0,0,0,0,0,0,0,0,0,0,0,5.09200000762939,0.358999997377396,0.656000018119812,0.924000024795532,0.0869999974966049,0.34799998998642,0,0,0,0,0,1.26400005817413,0,0,0,0,0,0.778999984264374,3.48499989509583,0,0,0,0.123000003397465,1.23099994659424,0,0,0,0.717999994754791,0,0,0,0,0,0,0,0,0,0,0,0,0,0,0,0,0,0,0,0,0,0,0,0,0,0,0,0,0,0,0,0,0,0,0,0,0,0,0,0,0,0,0
3530,0,20190502,18101,"H11",0,0,0,4.46000003814697,0.556999981403351,0,0,0,0,0,0,0,0,0,0,0,0,0,0,0,0,7.9300000667572,8.27999973297119,1.94700002670288,0.749000012874603,0,0,0,0,0,4.32299995422363,0.146999999880791,0.0860000029206276,0,0,0,0,0,0,0,0,0,0,0,0,0,0,0,0,0,0,0,0,0,0,0,0,0,0,0,0,0,0,0,0,0,0,0,0,0,0,0,0,0,0,0,0,0,0,0,0,0,0,0,0,0,0,0,0,0,0,0
3530,0,20190502,18101,"H12",0.137999996542931,0.061999998986721,0,0,0,0,0,0,0,0,0,0,0,0,0,0,0,0,0,0,0,1.18299996852875,0,0,0,0,0,0,0,0,0,0,0,0,0,0,0,0,0,0,0,0,0,0.0750000029802322,0,0,0,0,4.39699983596802,1.24600005149841,0.465000003576279,0,0.939000010490417,0,0.241999998688698,0.125,0.317999988794327,3.83500003814697,0.388999998569489,0,0,0,0,0,0,0,0.061999998986721,0,0,0,0.59799998998642,1.30400002002716,2.84400010108948,1.17799997329712,0,0.78600001335144,0,0.225999996066093,0,0,0.209999993443489,0,0,0,0,0.275000005960464,0.48199999332428,0,0,0,0,0
3530,0,20190502,18102,"H01",0,0,0,2.4300000667572,0.742999970912933,1.4210000038147,0,0.321000009775162,0,0,0,0,2.72699999809265,1.95700001716614,1.94799995422363,0,0,0,0,0,0,0,0,0,0,0,0,0,0,0,5.10599994659424,1.92900002002716,0.880999982357025,0,0,0,0,0,0.574000000953674,0.444000005722046,3.80799996852874,0.375,3.23600006103516,0,0,0,0,0,1.12000000476837,0,0.662999987602234,0,0,0,0,0,0,0,0,0,0,0,1.01499998569489,0,0,0,0,0,0,0,0,0,0,0,0,0,0,0,0.805000007152557,0,0,0,0,0,0.879999995231628,0,0,0,0,0,0,0
3530,0,20190502,18102,"H02",2.5660001039505,6.18600010871887,2.79699993133545,1.44099998474121,6.60500025749207,5.54500007629395,6.689000248909,8.67000007629395,3.65499985218048,0,0,0,2.58899998664856,0,0,0,0,0,0,0,0,0,0,0,0,0,0,0,0,0,0,0,0,0,0,0,0,0,0,0,0,0,0,0,0,0,0,0,0,0,0,0,0,0,0,0,0,0,0,0,0,0,0,0,0,0,0,0,0,0,0,0,0,0,0,0,0,0,0,0,0,0,0,0,0,0,0,0,0,0,0,0
3530,0,20190502,18102,"H03",1.25,0.985000014305115,0.554000020027161,2.85400009155273,2.36100006103516,3.95600008964539,9.37400007247925,4.33999991416931,2.78200000524521,0,0,2.87199997901917,0.916999995708466,0,0,0,0,0,0,1.19799995422363,0.130999997258186,3.66199997067452,1.22500002384186,1.00199997425079,2.08999991416931,2.12800002098084,0.222000002861023,0,0,0,0,0,0,0,0,0,0,0,0,0,0,0,0,0,0,0,0,0,0,0,0,0,0,0,0,0,0,0,0,0,0,0,0,0,0,0,0,0,0,0,0,0,0,0,0,0,0,0,0,0,0,0,0,0,0,0,0,0,0,0,0,0
3530,0,20190502,18102,"H04",0,0,0,4.92500019073486,2.15499997138977,2.33999991416931,2.27800011634827,2.58500003814697,2.75600010156632,0,0,0,3.74300003051758,1.6599999666214,1.35699999332428,0,0,0,0,0,0,0,0,0,0,0,0,0,0,0,0,0,0,0,0,0,0,0,0,0,0,0,0,0,0,0,0,0,0,0,0,0,0,0,0,0,0,0,0,0,0,0,0,0,0,0,0,0,0,0,0,0,0,0,0,0,0,0,0,0,0,0,0,0,0,0,0,0,0,0,0,0
3530,0,20190502,18102,"H05",0,0,0,2.43499994277954,4.71200013160706,13.7230000495911,14.8050003051758,24.3369998931885,17.5610003471374,0,0,0,3.5090000629425,0.0879999995231628,0.259999990463257,0,0,0,0,0,0,2.09200000762939,0,0,0,0,0,0,0,0,3.48699998855591,0,0,0,0.061999998986721,0,0,0,0,0.185000002384186,0,0,0,0,0,0,0,0,0.437000006437302,0.123000003397465,0,0,0,0,0,0,0,0,2.22099995613098,0,0.689999997615814,0.508000016212463,0,0,0,0,0,0,0,0,0,0,0,1.13900005817413,0,4.30499982833862,0.61599999666214,1.55900001525879,2.09999990463257,0.750999987125397,0.444000005722046,0,0,4.10600006580353,0.272000007331372,0,0,0.435999989509583,0.209999993443489,0.150000005960464,0,0
3530,0,20190502,18102,"H06",0,0,0,2.17300009727478,0,3.57800006866455,0,0,0.870999991893768,0,0,0,0.493000000715256,0.368999987840652,0,0,0,0,0,0,0,0,0,0,0,0,0,0,0,0,0,0,0,0,0,0,0,0,0,1.21399998664856,0,0,0,0,0,0,0,0,3.01399993896484,0,0,0,0,0,0,0,0,0,0,0,0,0,0,0,0,0,0,0,0,0,0,0,0,0,0,0,0,0,0,0,0,0,0,1.27100002765656,0.0359999984502792,0,0,0,0,0,0,0
3530,0,20190502,18102,"H07",0,0,0,3.21399998664856,0.0590000003576279,9.16600012779236,10.5080001354217,8.88799953460694,7.84500002861023,0,0,0,0.314000010490417,0,0,0,0,0,0,0,0,0,0,0,0,0,0.550999999046326,0,0,0,0,0,0,0,0,0,0,0,0,0.508000016212463,0,0,0,0,0,0,0,0,0,0,0,0,0,0,0,0,0,0,1.08700001239777,0,0,0,0,0,0,0,0,0,0,0,0,0,0,0,0,0,0,0,0,0,0,0,0,0,0,0,0,0,0,0,0,0
3530,0,20190502,18102,"H08",0,0,0,5.45300006866455,0,0,0,0,0,0,0,0,4.02099990844727,2.25,1.00100004673004,0,0,0,0,0,0,4.88899993896484,1.82400000095367,0,0.123000003397465,0.061999998986721,0,0,0,0,5.57999992370605,0.583999991416931,1.72300004959106,0,0,0,0,0,0,4.97900009155273,1.23800003528595,0,0,0,0,0,0,0,0,0,0,0,0,0,0,0,0,0,0,0,0,0,0,0,0,0,0,0,0,0,0,0,0,0,0,0,0,0,0,0,0,0,0,0,0,0,0,0,0,0,0,0
3530,0,20190502,18102,"H09",0,0,0,3.1010000705719,0,0.061999998986721,0.852999985218048,0.185000002384186,0.30799999833107,0,0,0,5.30600023269653,0,0,0,0,0,0,0,0,0,0,0,0,0,0,0,0,0,0,0,0,0,0,0,0,0,0.606000006198883,2.36400008201599,0.164000004529953,0,0,0,0,0,0,0,3.41700005531311,0,0,0,0,0,0,0,0,0,0,0,0,0,0,0,0,0,0,0,0,0,0,0,0,0,0,0,0,0,0,0,0,0,0,2.67499995231628,0.294999986886978,0,0,0,0,0,0,0
3530,0,20190502,18102,"H10",0.174999997019768,1.28900003433228,0,3.39599990844727,2.62099993601442,0.669000029563904,0,1.18099999427795,0.832000017166138,0,0,1.31599998474121,3.98799991607666,0,0,0,0,0,0.448000013828278,0.24600000679493,0,1.23199995607138,0,2.24299997091293,0,0,0.277999997138977,0,0,0,2.55599999427795,1.09899997711182,0,0,0,0,0,0,0.360000014305115,0.689999997615814,0,0,0.375999987125397,0.175999999046326,0,0,0,0,0.481000006198883,0,0,0,0,0,0,0,0,0,0,0,0,0,0,0,0,0.275000005960464,4.56599998474121,0,0.319000005722046,0,0,0,0,0,0,0,0,0,0,0,0,0,0,0,0,0,0,0,0,0,0,0
3530,0,20190502,18102,"H11",0,0,0,0,0,2.09699988365173,2.39400005340576,0,0,0,0,0,3.41799998283386,2.76500010490417,0.275000005960464,0.750999987125397,1.80799996852875,2.59700000286102,2.61499997228384,0.435999989509583,0.185000002384186,7.01799976080656,2.9459999203682,0.800000011920929,0,0,0,0,0,0,1.38900005817413,0,0,0,0,0,0.505999982357025,0,0,0,1.41499996185303,1.09399998188019,3.15499997138977,3.32200002670288,0.624000012874603,0,0,0.730000019073486,3.40500003099441,0.17399999499321,0,0,0,0,0,0,0,0,0,0,0,0,0,0,0,0,0,0,0,0,0,0,0,0,0,2.46600008010864,0.123000003397465,0,0,0.0869999974966049,0.238999992609024,1.69700002670288,1.65299999713898,0.493000000715256,0,0,0,1.76300001144409,0.30799999833107,0.529999971389771,4.34799993038178,7.6039999499917
3530,0,20190502,18102,"H12",0,0,0,0,0,0,0,0,0,0,0,0,3.32799994945526,0.236000001430511,0.628000020980835,0,0,0,0,0,0,2.11100006103516,1.80799996852875,0.762000024318695,0.123000003397465,0,0,0,0,0,0,0,0,0,0,0,0,0,0,0,0,0,0,0,0,0,0,0,1.84099996089935,0,0,0,0,0,0,0,0,1.93700003623962,0.185000002384186,0,1.46599996089935,0,0,0,1.19000005722046,0,3.25500005483628,0.675999999046326,1.50800001621246,2.11400008201599,0.500000007450581,0.47299998998642,0.453999996185303,0,0,0,1.12100005149841,0.662999987602234,0,0,0,0,0,0,0,0,1.99000000953674,0.694000005722046,0,0,1.87600004673004,0.425000011920929
3530,1,20190502,18101,"A01",0,0,0,0,0,2.83800005912781,0,0,0,0,0,0,0,0,0,0,0,0,0,0,0,4.28499984741211,0.061999998986721,0,0,0,0,0,0,0,0,0,0,0,0,0,0.933000028133392,0,0,0,0,0,3.21099996566772,0,0,0,0.123000003397465,0,0,0.100000001490116,0,0,0,0,0,0,0,1.38399994373322,0.377000004053116,0,0.284000009298325,0,0,0,0,0,2.52099990844727,0,0,0,0,0,0,0,0,0.976000010967255,0.296999990940094,0,0,0,0,0,0,0,0.959999978542328,0,0,0,0,0,0,0
3530,1,20190502,18101,"A02",0,0,0,0,0,0,0,0.551999986171722,0,0,0,0,0,0.522000014781952,0,0,0,0,0,0,0,2.12599992752075,0,0,0,0,0,0,0,0,0.683000028133392,0,0,0,0,0.481000006198883,0,0.17399999499321,0,0,0,0,0,0,0,0,0,0,0.841000020503998,0.493000000715256,0,0,0.819999992847443,0,0,0,0,0.149000003933907,0,0,0,0,0,0,0,0,0,0,0,0,0,0,0,0,0,0,0,0,0,0,0,0,0,0,0,0,0,0,0,0,0,0
3530,1,20190502,18101,"A03",0,0,0,0,0,0,0,0,0,0,0,0,0,0,0,0,0,0,0,0,0,6.31799983978271,0.34799998998642,2.50799989700317,2.03900003433228,1.39900004863739,2.99600005149841,0,0,0,0,0,0,0,0,0,0,0,0,0,0,0,0,0,0,0,0,0,0,0,0,0,0,0,0,0,0,0,0,0,0,0,0,0,0,0,0,0,0,0,0,0,0,0,0,0,0,0,0,0,0,0,0,0,0,0,0,0,0,0,0,0
3530,1,20190502,18101,"A04",0,0,0,4.05100011825562,0.379999995231628,0,0,0,0,0,0,0,0,0,0,0,0,0,0,0,0,4.19699993729591,0,0,0,1.22500002384186,0,0,0,0,3.41599988937378,0,0,0,0,0,0,0,0,0,0,0,0,0,0,0,0,0,1.07400000095367,0,0,0,0,0,0,0.508000016212463,0.123000003397465,3.18500003963709,0,0,0,0,0,0,0,0.837000012397766,0.0869999974966049,0,0,0,0,0,0.393999993801117,0,0,0,0,0,1.18900001049042,0.388999998569489,0,0,0,0,1.88900005817413,0,0,0,0,0,0,0
3530,1,20190502,18101,"A05",0,0,0,0,0,0,0,0,0,0,0,0,0,0,0,0,0,0,0,0,0,0,0,0,0,0,0,0,0,0,0,0,0,0,0,0,0,0,0,0,0,0,0,0,0,0,0,0,0,0,0,0,0,0,0,0,0,0,0,0,0,0,0,0,0,0,0,0,0,0,0,0,0,0,0,0,0,0,0,0,0,0,0,0,0,0,0,0,0,0,0,0
3530,1,20190502,18101,"A06",0,0,0,3.47699999809265,2.62599992752075,1.57500004768372,2.04999995231628,0.916000008583069,0.720000028610229,1.32799994945526,2.04499997198582,2.61900001764298,2.1159999370575,2.68599998950958,1.19900000095367,0,0,0,0,0,0,0,0,0,0,0,0,0,0,0,0.529999971389771,0,0,0,0,0,0,0,0,0,0,0,0,0,0,0,0,0,0,0,0,0,0,0,0,0,0,0,0,0,0,0,0,0,0,0,0,0,0,0,0,0,0,0,0,0,0,0,0,0,0,0,0,0,0,0,0,0,0,0,0,0
3530,1,20190502,18101,"A07",0,0,0,3.97300004959106,5.14799977838993,2.66500011086464,0.522000014781952,0,1.04100000858307,0,0,0,0,0,0,0,0,0,0,0,0,4.9449999332428,0,7.01899993419647,0.504000008106232,5.30199992656708,4.82399988174439,1.16799998283386,0.544000029563904,0,4.11999994516373,2.92000007629395,3.97000008821487,0,0,0,0,0,0,4.21500015258789,3.83800005912781,0.665000021457672,0,0,0,0,0,0.693000018596649,3.87799990177154,4.92200016975402,4.03900003433228,0,1.82500004768372,0.550999999046326,1.29100000858307,1.97000002861023,3.44799995422363,0,0,0,0,0,0,0,0,2.32399988174438,3.80199992656708,1.5789999961853,0.222000002861023,0,0,0,0,0,0.739000022411346,1.52300000190735,0,0,0,0,0,0,0,1.46000003814697,1.17700001597405,0.0659999996423721,0,0,0,0,0,0
3530,1,20190502,18101,"A08",0,0,0,8.16799998283386,4.37800002098084,2.21200004220009,5.66100001335144,4.91999989748001,0.354999989271164,0,0.663999974727631,0,0.104999996721745,0.958000004291534,0.061999998986721,0,0,0,0,0,0,0,0,0,0,0,0,0,0,2.46700000762939,0.221000000834465,0,0,0,0,0.388999998569489,0.30799999833107,0,0,0,0,0,0.412999987602234,0,0,0,0,0,1.82599997520447,0,0,0,0,0,0,0,0,0,0,0,0,0,0.870999991893768,0,0,0,0.061999998986721,0,0,0,0,0,0,0,0,0.927999973297119,2.80699992179871,7.71099996566773,2.1340000629425,2.16199994087219,0.351000010967255,0,0,0,0,0,0,0,0,0,0,0
3530,1,20190502,18101,"A09",0,0,0,0,0,3.86800003051758,0,0,0,0,0,0,0.526000022888184,0,0,0,0,0,0,0,0,0,0,0,0,0,0,0,0,0,0,0,0,0,0,0,0,0,0,0,0,0,0,0,0,0,0,0,0,0,0,0,0,0,0,0,0,0,0,0,0,0,0,0,0,0,0,0,0,0,0,0,0,0,0,0,0,0,0,0,0,0,0,0,0,0,0,0,0,0,0,0
3530,1,20190502,18101,"A10",0,0,0,0.358999997377396,1.7039999961853,3.99600005149841,3.34200009703637,2.74699997901917,2.62800002098084,0,0,0,0,0,0,0,0,0,0,0,0,0.841000020503998,0.0949999988079071,0.931999981403351,0.612999975681305,0.0829999968409538,0,0,0,0,2.69000005722046,0,0,0,0,0,0,0,0,0,0,0,0,0,0,0,0,0,0,0,0,0,0,0,0,0,0,0,0,0,0,0,0,0,0,0,0,0,0,0,0,0,0,0,0,0,0,0,0,0,0,0,0,0,0,0,0,0,0,0,0,0
3530,1,20190502,18101,"A11",0,0,0,0,0,0,0,0,0,0,0,0,0,0,0,0,0,0,0,0,0,0,0,0,0,0,0,0,0,0,0,0,0,0,0,0,0,0,0,0,0,0,0,0,0,0,0,0,0,0,0,0,0,0,0,0,0,0,0,0,0,0,0,0,0,0,0,0,0,0,0,0,0,0,0,0,0,0,0,0,0,0,0,0,0,0,0,0,0,0,0,0
3530,1,20190502,18101,"A12",0,0,0,1.01499998569489,0,0,0,0,0,0,0,0,0,0,0,0,0,0,0,0,0,0.358999997377396,0,0,0,0,0,0,0,0,0.617999970912933,0.123000003397465,0,0,0,0,0,0,0,0,0,0,0,0,0,0,0,0,0,0,0,0,0,0,0,0,0,0,0,0,0,0,0,0,0,0,0,0,0,0,0,0,0,0,0,0,0,0,0,0,0,0,0,0,0,0,0,0,0,0,0,0
3530,1,20190502,18101,"B01",0,0,0,0,0,0,0,0,0,0,0,0,0,0,0,0,0,0,0,0,0,1.52699995040894,2.2739999294281,1.33399999141693,1.29100000858307,0,0,0,0,0,0,0,0,0,0,0,0,0,0,1.38800001144409,0.395999997854233,0.65200001001358,1.29499995708466,0.0989999994635582,1.72300004959106,0,0,0,0,0,0,0,0,0,0,0,0,0.876999974250793,0,1.14099997282028,1.21399997174739,3.38099992275238,1.98799997568131,2.55899997800589,4.22299998998642,4.16300010681152,4.10199987888336,1.16700005531311,1.34499996900558,0.892000019550323,0.358000010251999,4.71999990940094,0,0.0869999974966049,0,0,0,0,1.23000001907349,0.34799998998642,0,0,0,0,0,0,0,0,0,0,0,0
3530,1,20190502,18101,"B02",0,0,0,0,0,0,0,0,0,0,0,0,0,0,0,0,0,0,0,0,0,0,0,0,0,0,0,0,0,0,0,0,0,0,0,0,0,0,0,0,0,0,0,0,0,0,0,0,0,0,0,0,0,0,0,0,0,0,0,0,0,0,0,0,0,0,0,0,0,0,0,0,0,0,0,0,0,0,0,0,0,0,0,0,0,0,0,0,0,0,0,0
3530,1,20190502,18101,"B03",0,0.697000026702881,0,1.62999999523163,0.755999982357025,0,0,0,0,0,0,0,0,0,0,0,0,0,0,0,0,0,0,0.683000028133392,0.888000011444092,0.284000009298325,0.270000010728836,0,0,0,0,0,0,0,0,0,0,0,0,0,0,0,0,0,0,0,0,0,0,0,0,0,0,0,0,0,0,0,0,0,0,0,0,0,0,0,0,0,0,0,0,0,0,0,0,0,0,0,0,0,0,0,0,0,0,0,0,0,0,0,0,0
3530,1,20190502,18101,"B04",0,0,0,1.54499995708466,0,0.179000005125999,0,0,0,0,0,0,0,0,0,0,0,0,0,0,0,0,0,0,0,0,0,0,0,3.45499992370605,7.65900015830994,3.29300004243851,3.04200005531311,0,0,0,0,0,0,0,0,0,0,0,0,0,0.619000017642975,0.24600000679493,1.34399998188019,0,0,0,0,0.412999987602234,0,0,0.261000007390976,0,1.91600000858307,0.061999998986721,0,0,0,0,0,0,1.11199998855591,0,0,0,0,0,0,0,0.688000023365021,1.26600003242493,0,0.0949999988079071,0,0,0,0,0,0.649999976158142,5.2860002219677,0.428999990224838,0.7950000166893,0,0.755999982357025,0.493000000715256,0,0
3530,1,20190502,18101,"B05",0,0,0,3.5789999961853,1.34099996089935,1.33000004291534,0.985000014305115,0,0.820999979972839,0,0,0,0,0,0,0,0,0,0,0,0,2.19400000572205,0.238999992609024,1.44799995422363,0.547999978065491,1.29299998283386,0.893999993801117,0,0,0,0,0,0,0,0.513000011444092,0.841000020503998,0.275000005960464,0,0,0.896000027656555,0,0,0,0,1.34500002861023,0,0,0,0,0,0,0,0,0,0.448000013828278,0,0,0,0,0,0,0,0,0,0,0,1.79599997401238,0.275000005960464,1.1139999628067,0,0,0,0,0,0.493000000715256,0,0,0,0,0,0,0,0,0,0.674000024795532,0,0.337000012397766,0,0,0,0,0
3530,1,20190502,18101,"B06",0,0,0,1.95000004768372,0,0,0,0,0.816999971866608,0,0,0,0,0,0,0,0,0,0,0,0,1.14699995517731,0,0,0,0,0,0,0,0,0,0.497999995946884,0,0,0,0,0,0,0,0,0,0,0,0,0,0,0,0,0,0,0,0,0,0,0,0,0,0,0,0,0,0,0,0,0,0,0,0,0,0,0,0,0,0,0,0,0,0,0,0,0,0,0,0,0,0,0,0,0,0,0,0
3530,1,20190502,18101,"B07",0,0,0,3.57200002670288,0.17399999499321,0,0,0,0.882000029087067,0,0,0,0,0,0,0,0,0,0,0,0,1.41100001335144,0.303000003099442,1.71399998664856,0.930999994277954,0.523999989032745,0.0659999996423721,0.595000028610229,0,0,3.81800001859665,0,0,0,0,0,0,0,0,0,0,0,0,2.0220000743866,1.34500002861023,0,1.57299995422363,0.962999999523163,4.69200015068054,1.97599995136261,0.850000023841858,0,0,0,0,0.386999994516373,0,0,1.23699998855591,1.10199999809265,1.17799997329712,0.550000011920929,0.490000009536743,0,0,0,0,0,0,0,0,0,0,0,0,0,0,0,0,0,0,0,0,0,0,0,0,0,0,0,0,0
3530,1,20190502,18101,"B08",0,0,0,1.30400002002716,0.680000007152557,0.958000004291534,0.135000005364418,0,0,0,0,0,0,0,0,0,0,0,0,0,0,0,0,0,0,0,0,0,0,0,0,0,0,0,0,0,0,0,0,0.377000004053116,0,0,0,0,0,0,0,0,0,0,0,0,0,0,0,0,0,0.517000019550323,0,0,0,0,0,0,0,0,0.298000007867813,0,0,0,0,0,0,0,0,0,0,0,0,0,0,0,0,0,0,0,0,0,0,0,0,0
3530,1,20190502,18101,"B09",0,0,0,0,0,0,0,0,0,0,0,0,0,0,0,0,0,0,0,0,0,0,0,0,0,0,0,0,0,0,0,0,0,0,0,0,0,0,0,0,0,0,0,0,0,0,0,0,0,0,0,0,0,0,0,0,0,0,0,0,0,0,0,0,0,0,0,0,0,0,0,0,0,0,0,0,0,0,0,0,0,0,0,0,0,0,0,0,0,0,0,0
3530,1,20190502,18101,"B10",0,0,0,0,0,0,0,0,0,0,0,0,0,0,0,0,0,0,0,0,0,0,0,0,0,0,0,0,0,0,0,0,0,0,0,0,0,0,0,0,0,0,0,0,0,0,0,0,0,0,0,0,0,0,0,0,0,0,0,0,0,0,0,0,0,0,0,0,0,0,0,0,0,0,0,0,0,0,0,0,0,0,0,0,0,0,0,0,0,0,0,0
3530,1,20190502,18101,"B11",0,0,0,3.26999998092651,0.207000002264977,0.0359999984502792,0.458000004291534,1.82099997997284,1.43900001049042,0.526000022888184,0,0.717999994754791,4.66699987649917,1.79499995708466,1.43599998950958,0,0,0,0,0,0,0,0,0,0,0,0,0,0,0,0,0,0,0,0,0,0,0.550999999046326,0.823999978601933,0,0,0,0,2.71000003814697,0,0,0,0,0,0,0,0,0,0,0,0,0,0,0,0,0,0,0,0,0,0,0,0,0,0,0,0,0,0,0,0,0,0,0,0,0,0,0,0,0,0,0,0,0,0,0,0
3530,1,20190502,18101,"B12",0.435999989509583,0,0.714999973773956,2.40100002288818,0.801999986171722,0.061999998986721,0,0,0,0.254000008106232,0.0659999996423721,0,0,0,0.137999996542931,0,0.620999991893768,0.671000003814697,0.185000002384186,0,0.17399999499321,3.00399994850159,0,0.236000001430511,0,0.123000003397465,0,0,0.739000022411346,0,1.27499997615814,0,0,0,0,0,0,0,0,0.741999983787537,0,0.0280000008642673,0,0,0,0,0,0,0.666999995708466,0,0,0,0.635999977588654,0,0.123000003397465,0,0,1.48399996757507,0.17399999499321,0,0,1.35999995470047,0,0,0,0,1.91500002145767,0,0,0,0,0,0,0,1.71300004422664,0,0,0,3.32399988174438,0,0,0,0,0,1.14199995994568,0,0.294999986886978,0,0.061999998986721,0,0,0
3530,1,20190502,18101,"C01",0,0,0,1.11000001430511,0.17399999499321,0,0.123000003397465,1.30799996852875,0,0,0,0,0,0,0,0,0,0,0,0,0,2.24399995803833,0,0,0,0,0,0,0,4.18100023269653,0.209999993443489,0,0.0740000009536743,0,0,0.508000016212463,0,0,0,0,0,0,0,0.435999989509583,0,0,0,0,0,1.18499994277954,0,0,0,0,0,0,0,0.30799999833107,0,0.876999974250793,0,0,0,0,0,0,0.61599999666214,0.123000003397465,0,0,0,0,0,0,0,0,0,0,0,1.10000002384186,0,0,0.388999998569489,0,0,0,0,0,0,0,0,0
3530,1,20190502,18101,"C02",0,0,0,2.60999989509583,0.275000005960464,0,0,0,0,0,0,0,0,0,0,0,0,0,0,0,0,0,0,0,0,0,0,0,0,0,0,0,0,0,0,0,0,0,0,0,0,0,0,0,0,0,0,0,0,0,0,0,0,0,0,0,0,0,0,0,0,0,0,0,0,0,0,0,0,0,0,0,0,0,0,0,0,0,0,0,0,0,0,0,0,0,0,0,0,0,0,0
3530,1,20190502,18101,"C03",0,0,0,5.3989999294281,2.40899991989136,1.27400004863739,0,0,0,0,0,0,0.388999998569489,0,0,0,0,0,0,0,0,2.49600001424551,0,0,0,0,0,0,0,0,2.22799988090992,0.123000003397465,0.238999992609024,0,0.237000003457069,0.17399999499321,0.679000020027161,0.814999997615814,0.465999990701675,2.78399991989136,0,0.0540000014007092,0,0,0,0,0,0.592000007629395,0.958000004291534,0,0,0,0,0.354000002145767,0.137999996542931,1.74899995326996,0.931999981403351,1.43900001049042,3.33300006389618,0,0,0,0,0,0.375,0,2.18700003623963,0.902999997138977,5.26799988746643,2.72699999809265,1.24800002574921,1.2940000295639,0.519999980926514,0.712000012397766,0.196999996900558,4.35900020599365,1.22599995136261,2.98799991607666,1.94799995422363,2.16899996995926,2.49200010299683,1.34300005435944,0.630999982357025,0.681999981403351,0.749000012874603,2.71199989318848,0.123000003397465,0,0,0,0,0.717999994754791
3530,1,20190502,18101,"C04",0,0,0,3.05599999427795,0.568000018596649,0.123000003397465,0.791000008583069,0.323000013828278,0.261000007390976,1.23000001907349,1.0349999666214,0.639999985694885,0,0,0.123000003397465,0,0.397000014781952,1.34200000762939,2.10400009155273,0.573000013828278,0.148000001907349,3.72000002861023,0,0,0,0,0,0,0,0,2.19099998474121,0,0,0,0,0,0,0,0,0,0.508000016212463,0.61599999666214,0.790000021457672,0.61599999666214,0,0,0,0.925999999046326,1.15799999237061,0,0,0,0,0,0,0,0,0.519999980926514,0,0,0,0,0,0,0,0,0.883000016212463,0.694000005722046,0,0,0,0,0,0,0,0,0,0,0,0,0,0,0,0,0,0,0,0,0,0,0,0
3530,1,20190502,18101,"C05",0.17399999499321,0.573000013828278,0.061999998986721,3.56900000572205,0.199000000953674,0,0,0,0,0,0,0.30799999833107,0,0,0,0,0,0,0,0,0,0,0,0,0,0,0,0,0,0,0,0,0,0,0,0,0,0,0,0,0,0,0,0,0,0,0,0,0,0,0,0,0,0,0,0,0,0,0,0,0,0,0,0,0,0,0,0,0,0,0,0,0,0,0,0,0,0,0,0,0,0,0,0,0,0,0,0,0,0,0,0
3530,1,20190502,18101,"C06",0,0,0,0,0.662999987602234,0,0,0,0,0,0,0,0,0.388999998569489,0,0,0,0,0,0,0,0.185000002384186,0,0,0,0,0,0,0,0,1.96599996089935,0,0.206000000238419,0,0,0,0,0,0,0,0,0,0,0,1.04199999570847,0,0,2.33599996566772,1.60899996757507,0.254999995231628,0,0,0,0,0,0,0,0,0,0,0,0,0,0,0,0,0,1.13699996471405,0.763999998569489,0,0,0,0,0,0,0,0,0,0,0,0,0,0,0,0,0,0,0,0,0,0,0
3530,1,20190502,18101,"C07",0,0,0,0,0,0,0,0,0,0,0,0,0,0,0,0,0,0,0,0,0,1.52100002765656,0,0,0,0,0,4.16300010681152,3.57700002193451,0.0839999988675117,5.29800006002188,0,0,0,0,0,0,0,0,0,0,0,0,0,0,0,0,0,0,0,0,0,0,0,0,0,0,0,0,0,0,0,0,0,0,0,0,0,0,0,0,0,0,0,0,0,0,0,0,0,0,0,0,0,0,0,0,0,0,0,0,0
3530,1,20190502,18101,"C09",0,0,0,0,0,0,0,0,0,0,0,0,0,0,0,0,0,0,0,0,0,0,0.45100000500679,0,0.782999992370605,0,0,0,0,0,0,0,0,0,0,0,0,0,0,1.28100001811981,0.321999996900558,0,0,0,0,0,0,0,0,0,0,0,0,0,0,0,0,0,0,0,0,0,0,0,0,0,0,0,0,0,0,0,0,0,0,0,0,0,0,0,0,0,0,0,0.123000003397465,0,0,0,0,0,0,0
3530,1,20190502,18101,"C10",0,0,0,0,5.57000017166138,0.225999996066093,0,0,0,0,0,0,0,0,0,0,0,0,0,0,0,4.55700010061264,0,0,0.155000001192093,0,0,0,0,3.75699996948242,0.750999987125397,0,0,0,0.64300000667572,0,0,0,0,0,0,0,0,0,0,0,0,1.36699998378754,0.061999998986721,0,0,0,0,0,0,0,0,2.36500000953674,0,0.522000014781952,0,0,0,0,0,0,0,0,0,0,0,0,0,0,0,0,0,0,0,0,0,0,0,0,5.30999994277954,0,0,0,0,0,0,0
3530,1,20190502,18101,"C11",0,0,0,0.0729999989271164,0,0,0,0,0,0,0,0,0,0,0,0,0,0,0,0,0,0.172999992966652,0.061999998986721,0,0.578000009059906,0,0,0.846000015735626,0,2.58999991416931,2.67500001192093,1.35399997234344,0,0,0,0,0,0,0,0,0,0,0,0,0,0,0,0,0.63400000333786,0.78600001335144,0,1.06200003623962,0,0,0,0,0,0.679000020027161,0.293000012636185,1.53399999439717,3.7409999370575,3.29899990558624,0.17399999499321,1.5460000038147,0.501999974250793,0.561999998986721,4.9079999923706,1.95299994945526,0.202000007033348,0,0,0.776000022888184,0,0,0,0.938000023365021,0.123000003397465,2.00600004196167,0.603999972343445,2.02300000190735,0.257000006735325,0.541000008583069,0.282000005245209,0.564000010490417,0.349999994039536,0,0,0,0,0,0,0.123000003397465
3530,1,20190502,18101,"C12",0,0,0,0,0,2.3840000629425,0,0,0,0,0,0,0,0,0,0,0,0,0,0,0,1.92499995231628,0.465000003576279,0,0,0,0,0,0,0,0,0,0,0,0,0,0,0,0,0,0,0,0,0,0,0,0,0,0,0,0,0,0,0,0,0,0,4.41699981689453,0.671000003814697,0.467999994754791,0.345999985933304,0.716000020503998,0.524999976158142,0,0,0,3.90499997138977,0.495000004768372,0,0,0,0,0,0,0,0,0,0,0,0,0,0,0,0,0,0,0,0,0,0,0,0
3530,1,20190502,18101,"D01",0,0,0,3.02300000190735,0,0.629000008106232,0,0,0,0,0,0,0,0,0,0,0,0,0,0,0,2.4909999370575,0,0,0,0,0,0,0,0,3.71200001239777,0,0,0,0,0,0,0,0,0,0,1.817999958992,0,0,0,0,0,0,0,0,0,0,0,0,0,0,0,1.17499995231628,0,0.061999998986721,0,0,0,0,0,0,3.74200010299683,0,0,0,0,0,0.529999971389771,0.123000003397465,0,3.95199990272522,0.185000002384186,0,0,0,0,0,0,0,2.26600003242493,0,0,0,0,0.646000027656555,0,0
3530,1,20190502,18101,"D02",0,0,0,0,2.28200006484985,0,0,0,0,0,0,0,0,0,0,0,0,0,0,0,0,0,0,0,0,0,0,0,0,0,0,0,1.64300000667572,0,0,0,0,0,0,0,0,0,0,0,0,0,0,0,0,0,0,0,0,0,0,0,0,0,0,0,0,0,0,0,0,0,1.43500003963709,0,0,0,0,0,0,0,0,0,0,0,0,0,0,0,0,0,1.2059999704361,0,0,0,0,0,0.493000000715256,0
3530,1,20190502,18101,"D03",0,0,0,0,2.31200003623962,0,0,0,0,0,0,0,0,0,0.342000007629395,0,0,0,0,0,0,0,0,0,0,0,0,0,0,0,0,0,0,0,0,0,0,0,0,0,0,0,0,0,0,0,0,0,0,0,0,0,0,0,0,0,0,0,0,0,0,0,0,0,0,0,0,0,0,0,0,0,0,0,0,0,0,0,0,0,0,0,0,0,0,0,0,0,0,0,0,0
3530,1,20190502,18101,"D04",0,0,0,1.54900002479553,1.35699999332428,0.179000005125999,2.10199999809265,0.513999998569489,0,0,0,0,0,0,0,0,0,0,0,0,0,1.93799996376038,0,0,0,0,0,0,0,0,4.41800010204315,1.88800001144409,1.28699994087219,0,0,0,0.620000004768372,0,0,0,0,0,0,0,2.26399993896484,0.493000000715256,0.0869999974966049,0,2.68899999558925,0,0,0,0,0,0,0,0,0.790000021457672,0,0,0,0,0,0,0,0,0,0,0,0,0,0,0,0,0,0,0,0.30799999833107,0,0,0,0,0,0,0.815999984741211,0,0,0.792999982833862,0.264999985694885,0,0,0
3530,1,20190502,18101,"D05",0,0,0,0,3.82699990272522,1.57000005245209,0,0.628000020980835,0.61599999666214,0,0,0.787999987602234,0,0,0,0,0,0,0,0,0,0,0,0,0,0,0,0,0,0,2.6470000743866,0,0,0,0,0,0,0,0,0,0,0,0,0,0,0,0,0,0,0,0,0,0,0,0,0,0,0,0,0,0,0,0,0,0,0,0,0,0,0,0,0,0,0,0,0,0,0,0,0,0,0,0,0,0,0,0,0,0,0,0,0
3530,1,20190502,18101,"D06",0,0,0,3.27200008183717,0,0,0,0.620999991893768,0,0.39300000667572,0,0,0,0.541000008583069,0.17399999499321,0,0,0,0,0,0,3.44799995422363,0,0,0,0,0,0,0,1.7940000295639,0.196999996900558,0,0,0,0,0,0,0,0,0,0,0,0,0,0,0,0,0,0,0,0,0,0,0,0,0,0,0,0,0,0,0,0,0,0,0,0,0,0,0,0,0,0,0,0,0,0,0,0,0,0,0,0,0,0,0,0,0,0,0,0,0
3530,1,20190502,18101,"D07",0,0,0,0,0,0,0,0,0,0,0,0,0,0,0,0,0,0,0,0,0,0,0,0,0,0,0,0,0,3.32999992370605,0.158000007271767,0,0,0,0,0,0,0,0,1.13499999046326,0.123000003397465,0,0,0,0.34799998998642,0,0,2.53800010681152,1.19199998676777,0,0,0,0,0,0,0,1.09399998188019,0,0,0,0,0,0,0,0,0,2.58100008964539,0,0,0,0,0,0,0,0,0,0,0,0,0.372000008821487,0,0,0,0,0,0,0,0,0,0,0,0
3530,1,20190502,18101,"D08",2.58899998664856,0,0,4.81699991226196,0,0,0,0,2.80699992179871,1.34500002861023,0.995000004768372,0.550999999046326,0,0,0,0,0,0,0,3.57100009918213,0,9.39400005340576,0.702000021934509,0,0,0,1.97399997711182,0,0,0,0,0,2.83500003814697,0,0,0,0,1.65799999237061,0.284000009298325,4.27500009536743,0.924000024795532,0.123000003397465,0,0,0,0,3.52600002288818,0,4.57200002670288,0.444000005722046,1.00499999523163,0,0,3.48300004005432,1.01499998569489,0.061999998986721,1.70299994945526,3.75799989700317,0,0,0,0,0,0,0,4.03499984741211,5.75400018692017,0.185000002384186,0.409999996423721,0,0,0,0.739000022411346,0.522000014781952,0,0,4.43400001525879,0.358999997377396,0.522000014781952,0,0,0,0,0,4.09299993515015,3.06200003623962,0.435000002384186,0,0,0,0,0
3530,1,20190502,18101,"D09",0,0,0,0,0,0,0,0,0,0,0,2.27900004386902,0.870999991893768,0.0869999974966049,0,0,0,0,0,0,0,0,0,0,0,0,0,2.08299994468689,0,1.48800003528595,0.468000002205372,0.363000005483627,0.620000004768372,0,0,0,0,0,1.69900000095367,1.19000005722046,0,0,0,0,0,0.483999997377396,0,0.365000009536743,0,0,0,0,0,0,0,0,0,0,0,2.34299993515015,2.16499996185302,0.857000026851893,0,0,0,0,0,0,0,0,0,0,0,0,0,0,0,0,0,0,0,0,0,0,0,0,0,0,0,0,0,0
3530,1,20190502,18101,"D10",0,0,0,4.3170000910759,2.67000006884337,3.28799998760224,4.19599986076355,6.2350001335144,5.45300006866455,5.21500001847744,9.43800023198128,5.21200016140938,9.18699979782104,0.627999976277351,3.47100007534027,2.39400005340576,1.90400004386902,1.79499995708466,0.185000002384186,0,0.254000008106232,3.85900002717972,7.6230000257492,5.93299984931946,4.99800008535385,11.8670001626015,2.9200000166893,11.1210003346205,14.6299997121096,8.47699975967408,3.19500005245209,0,0,0,0,0,0,0,0,0,2.32200002670288,2.32600006461144,0.522000014781952,1.49399995803833,1.67599999904633,0,0,2.1800000667572,2.86599993705749,4.71199989318847,9.64200031757355,3.49699997901917,6.60499978065491,3.87800014019012,0.749000012874603,2.67600011825562,0.241999998688698,4.12700003385544,8.1230001449585,6.2039999961853,6.9879998266697,7.25899976491928,8.96599996089935,12.316999733448,9.03700029850006,3.70500004291534,7.30999982357025,6.61100023984909,2.77999997138977,0.423000007867813,0,0,0.123000003397465,0.730000019073486,0,1.35199999809265,2.03600001335144,3.23000001907349,3.06699991226196,1.51699995994568,1.93799996376038,0,0,1.31599998474121,2.33100008964539,0.825999975204468,2.09399992227554,1.94799995422363,0.449999988079071,0,0,0
3530,1,20190502,18101,"D11",0,0,0,0,0,0,0,0,0,0,0,0,0,0,0,0,0,0,0,0,0,0,0,0,0,0,0,0,0,0,0,0,0,0,0,0,0,0,0,0,0,0,0,0,0,0,0,0,0,0,0,0,0,0,0,0,0,0,0,0,0,0,0,0,0,0,0,0,0,0,0,0,0,0,0,0,0,0,0,0,0,0,0,0,0,0,0,0,0,0,0,0
3530,1,20190502,18101,"D12",0,0,0,0,5.24700021743774,0,0.554000020027161,0.061999998986721,0,0,0,0,0,0,0,0,0,0,0,0,0,0.751999974250793,0.749000012874603,0,0,0,0,0,0,0,0,0,0,0,0,0,0,0,0,2.42600011825562,0.123000003397465,0,0.17399999499321,0,0,0,0,0,0,0,0,0,0,0,0,0,0,0,0,0,0,0,0,0,0,0,0,0,0,0,0,0,0,0,0,0,0.962000012397766,0,0,0,0,0,0,0,0,0,0,0,0,0,0,0
3530,1,20190502,18101,"E01",0,0,0,1.57299995422363,0,0,0,0,1.85099995136261,0,0,0,0,0.566999971866608,0,0,0,0,0,0,0,5.22900009155273,1.27400004863739,2.35199999809265,3.2830001115799,3.01800000667572,1.25800001621246,0,0,0,5.06400012969971,0,0,0,0,0,0,0,0,4.30199992656708,1.51900005340576,1.46000003814697,1.66599997133016,0.674000024795532,1.77300000190735,0,0,0,1.50999999046326,0,0,0,0,0,0,0,0,2.85400004684925,0.165000006556511,0,0.061999998986721,0,0,0,0,0,0.575999975204468,0,0,0,0,0,0,0,0,0.876999974250793,0,0,0,0,1.75199997425079,0,0,0,0,0,0.444000005722046,0,0,0,0.275000005960464,0
3530,1,20190502,18101,"E02",0,0,0,0,0,0,0,0,0,0,0,0,0,0,0,0,0,0,0,0,0,0,0,0,0,0,0,0,0,0,0,0,0,0,0,0,0,0,0,0,0,0,0,0,0,0,0,0,0,0,0,0,0,0,0,0,0,0,0,0,0,0,0,0,0,0,0,0,0,0,0,0,0,0,0,0,0,0,0,0,0,0,0,0,0,0,0,0,0,0,0,0
3530,1,20190502,18101,"E03",0,0,0,0,0,0,0,0,0,0,0,0,0,0,0,0,0,0,0,0,0,0,0,0,0,0,0,0,0,0,0,0,0,0,0,0,0,0,0,0,0,0,0,0,0,0,0,0,0,0,0,0,0,0,0,0,0,0,0,0,0,0,0,0,0,0,0,0,0,0,0,0,0,0,0,0,0,0,0,0,0,0,0,0,0,0,0,0,0,0,0,0
3530,1,20190502,18101,"E04",0,0,0,2.32800006866455,0.428999990224838,0,0,0,0,0,0,1.49300003051758,1.34300005435944,3.20799994468689,1.81099998950958,0.896000027656555,0.666999995708466,2.13599991798401,7.09499990940094,0,0,6.01399993896484,2.56199991703034,0.508000016212463,0,1.10099995136261,0,0,0,0,2.62700009346008,0.243000000715256,0,0,0,0,0,0,1.23300004005432,0,0,0,0,0,0,0,0,0,0,0,0,0,0,0,0,0,0,0,0,0,0,0,0,0,0,0,0.865000009536743,0,0,0,0,0,0,0,0,0,0,0,0,0,0,0,0,0,0,0,0,0,0,0,0,0
3530,1,20190502,18101,"E05",0,0,0,0,0,0,0,0,0.246999993920326,0,0,0,0,0,0,0,0,0,0,0,0,1.71800005435944,0,0,0,0,0,0,0,0,0,0,0,0,0,0,0,0,0,0.78600001335144,0,0,0,0,0,0,0,0,0,0,0,0,0,0,0,0,0,0,0.483999997377396,0.24600000679493,0,0,0,0,0,0,0,0,0,0,0,0,0,0,0,0,0,0,0,0,0,0,0,0,0,0,0,0,0,0,0,0
3530,1,20190502,18101,"E06",0,0,0,2.27999997138977,0,0,0.303999990224838,1.34900003671646,0,0,0,0.45100000500679,0,0,0,0,0,0,0,0,0,0.061999998986721,0,0,0,0,0,0,0.517000019550323,0,2.47000002861023,0,0,0,0,0,0,0,0,1.317999958992,0.34799998998642,0.236000001430511,0.30799999833107,0,0,0,0,0,3.62400007247925,0,0,0,0,0,0,0,0,3.08399993181228,0.493000000715256,0.261000007390976,0,0.697000026702881,1.08899998664856,0,0,1.74300003051758,0.224999994039536,0,0,0,0,0,0,0,0,0,0,0,0,0,0,0,0,0,3.51699995994568,0.912999987602234,2.31100010871887,0,0,0,0,0
3530,1,20190502,18101,"E07",0,0,0,7.2260000705719,0,0,0,0,0,0,0,0,0,0,0,0,0,0,0,0,0,0,0,0,0,0,0,0,0,0,0,0,0,0,0,0,0,0,0,0,0,0,0,0,0,0,0,0,0,0,0,0,0,0,0,0,0,0,0,0,0,0,0,0,0,3.52600002288818,0.646000027656555,0,0,0,0,0,0,0,0,0,0,0,0,0,0,0,0,0,0,0,0,0,0,0,0,0
3530,1,20190502,18101,"E08",0,0.523000001907349,0.263000011444092,0,2.07999992370605,0,0.17399999499321,0,0,0,0,0,0,0,0,0,0,0,0,0,0,1.60599994659424,0,0,0,0,0,0,0,0,0,0,0,0,0,0,0,0,0,0,0,0,0,0,0,0,0,0,0,0,0,0,0,0,0,0,0,0,0,0,0,0,0,0,0,0,0,0,0,0,0,0,0,0,0,0,0,0,0,0,0,0,0,0,1.53900003433228,0,0,0,0,0,0,0
3530,1,20190502,18101,"E09",0,0,0,0,2.73699998855591,0,0,0,0,0,1.09300005435944,0,0,0,0,0,0,0,0,0,0,2.98900008201599,0,0,0,0,0,0,0,0,4.35900020599365,0.888000011444092,2.51200008392334,0.444000005722046,0,0,0,0,0,0,0,0,0,0,0,0,0,0,0,0,0,0,0,0,0,0,0,0,0,0,0,0,0,0,0,0,0,0,0,0,0,0,0,0,0,0,0,0,0,0,0,0,0,0,0,0,0,0,0,0,0,0
3530,1,20190502,18101,"E10",0,0,0,5.56099987030029,3.25600004196167,1.15100002288818,0,2.77099990844727,1.11000001430511,0,0,0,0,0,0,0,0,0,0,0,0,0,0,0,0,0,0,0,0,0,0,0,0,0,0,0,0,0,0,0,0,0,0,0,0,0,0,0,0,0,0,0,0,0,0,0,0,0,0,0,0,0,0,0,0,0,0,0,0,0,0,0,0,0,0,0,2.36899995803833,1.25600004196167,0.414000004529953,0.28999999165535,0,0,0,0,0.24600000679493,0,0,0,0,0,0,0
3530,1,20190502,18101,"E11",0,0,0,0,0,0,0,1.63900005817413,0,0,0,0,0,0,1.00499999523163,0,0,0,0,0,0,0,0,0,0,0,0,0,0,0,0.78600001335144,0,0,0,0,0,0,0,0,0,0,0,0,0,0,0,0,0,0,0,0,0,0,0.123000003397465,0,0,0,0.061999998986721,0,0,0,0,0,0,0,0,0.32600000500679,0,0,0,0,0,0,0.34799998998642,0,0.409000009298325,0,0,0,0,0,0,0,0,0,0.441000014543533,0,0,0,0,0,0.53600001335144
3530,1,20190502,18101,"E12",0,0,0,1.91199994087219,1.93299996852875,0.256999999284744,0.971000015735626,0.638000011444092,1.01900005340576,0,0,0.356000006198883,0,0,0,0,0,0,0,0,0,0,0,0,0,0,0,0,0,0,0.750999987125397,0,0,0,0,0,0,0,0,0,0.300999999046326,0,0,0,0,0,0,0,0.555999994277954,0,0,0,0,0,0.559000015258789,0,0,0.555999994277954,0.545000016689301,0.321999996900558,0,0,0,0,0,2.14800000190735,0.363999992609024,0.123000003397465,0,0,0,0,0,0,0,0,0,0,0,0,0,0,0,0,2.60400009155273,0,0.137999996542931,0,0.550000011920929,0,0,0.34799998998642
3530,1,20190502,18101,"F01",0,0,0,0,0,0,0,0,0,0,0,0,0,0,0,0,0,0,0,0,0,0,0,0,0,0,0,0,0,0,0,0,0,0,0,0,0,0,0,0,0,0,0,0,0,0,0,0,0,0,0,0,0,0,0,0,0,0,0,0,0,0,0,0,0,0,0,0,0,0,0,0,0,0,0,0,0,0,0,0,0,0,0,0,0,0,0,0,0,0,0,0
3530,1,20190502,18101,"F02",0,0,0,3.59299993515015,0,0.122000001370907,0,0.446000009775162,0,0,0,0,0,0,0.212999999523163,0.123000003397465,0.123000003397465,0,0,0,0,3.13100004196167,0.658999979496002,0,0.529999971389771,1.03299999237061,0.185000002384186,0,0,0,1.41100001335144,0,0,0,0,0.123000003397465,0,0,0,0,0,0,0,0,0,0,0,0,0,0,0,0,0,0,0,0,0,0,0,0,0,0,0,0,0,0,0,0,0,0,0,0,0,0,0,0,0,0,0,0,0,0,0,0,0,0,0,0,0,0,0,0
3530,1,20190502,18101,"F03",0.976000010967255,0.687999986112118,0,0,3.72699999809265,0,0,0,0,0,0,0,0,0,0,0,0,0,0,0,0,1.08399999141693,0,0.435000002384186,0,0,0,0,0,0.871999979019165,3.02799999713897,0.642000004649163,0.513000011444092,0,0.483000010251999,0,0,0,0,0.412999987602234,0,0,0.750999987125397,0,0,0,0.602999985218048,0,1.02300000190735,0,0,0,0,0.298000007867813,0,0,0,1.44400000572205,0,0,0.432000011205673,0.448000013828278,0,0,0,0,1.05999994277954,0,0,0,0.435999989509583,0.061999998986721,0,0.0750000029802322,0,0.878000020980835,0,0,0,0,0,0,0,0.526000022888184,1.43700003623962,0.726999998092651,0,0,0,0.785000026226044,1.8860000371933,0.965999990701676
3530,1,20190502,18101,"F05",0,0,0,2.46499991416931,0.846000015735626,0,1.08599996566772,0,0,0,0,0.493000000715256,0,0.280000001192093,0.769999980926514,0.13400000333786,0,0,0,0,0,0,0,0,0,0,0,0,0,0,0,0,0,0,0,0.368999987840652,0,0,0,0.061999998986721,0,0,0,0,0,0,0,0,0,0,0,0,0,0,0,0,0,0.293999999761581,0,0,0,0,0,0,0,0,0,0,0,0,0,0,0,0,0,0,0,0,0,0,0,0,0,0,0,0,0,0,0,0,0,0
3530,1,20190502,18101,"F06",0,0.118000000715256,0.617999970912933,3.58099991083146,1.24899995326996,0.061999998986721,1.27100002765656,0.30799999833107,1.33299994468689,0.17399999499321,0,0,0,0,0,0,0,1.27699995040894,0.61599999666214,0.870000004768372,1.49899995326996,2.23899996280671,0.648000001907349,0,0,0,0,0,0.296999990940094,0,1.69100004434586,0.428999990224838,0.649999976158142,0,0.829999983310699,1.54299998283386,0.972000002861023,0.268999993801117,0.605000019073486,4.01699988543987,0.118000000715256,0,0,0,0.910999998450279,0.481000006198883,0.393999993801117,0.409999996423721,3.63499999046326,0.665000021457672,0,0.331999987363815,0,0,0.319000005722046,0.40200001001358,1.81500005722046,2.94600009918213,0.268999993801117,0.474999994039536,0.291000008583069,0.330000013113022,0.680999994277954,0,2.66999998688697,0.118000000715256,2.89600002765655,0.40599998831749,1.06299996376038,0.998000025749207,0,0,0,0,0,4.07500004768371,1.00999999046326,0.726000010967255,1.55499994754791,2.14000010490417,2.0239999294281,0.950999975204468,0,0.794999986886978,1.60299998521805,0.569000005722046,1.40900003910065,0.591000020503998,0.614000022411346,0.282999992370605,1.01800000667572,0.697000026702881
3530,1,20190502,18101,"F07",0,0,0,0,2.18400001525879,0,0.340999990701675,0.340999990701675,0.554000020027161,0,0,0,0,0,0,0,0,0,0,0,0,3.29099988937378,0.449999988079071,0.358999997377396,0.268999993801117,0.349000006914139,0.624000012874603,0,0,0,0,0.194999992847443,0,0,0,0,0,0,0,0,0,0,0,0,0,0,0,0,0,0,0,0,0,0,0,0,0,0,0,0,0,0,0,0,0,0,0,0,0,0,0,0,0,0,1.00199997425079,0.865000009536743,0,0,0.632000029087067,0.851000010967255,0.941999971866608,0,0,0,0,0,0,0,0,0,0,0
3530,1,20190502,18101,"F08",0,0,0,0,0,0,3.0789999961853,0.123000003397465,0,0,0,0,0,0,0,0,0,0,0,0,0.34799998998642,2.98299992084503,0,0,0,0,0,0,0,1.97399997711182,0.291000008583069,0,0,0,0,0,0,0,2.47499990463257,0,0,0,0,0,0,0,0,2.54800009727478,0.119999997317791,0,0,0,0,0,0,0,0,2.45499992370605,0.0869999974966049,0,0,0,0,0,0,1.3639999628067,0.305999994277954,0,0,0,0,0,0,0,1.40299999713898,0,0,0,0,0,0,0,0,2.46099996566772,0.437000006437302,0,0,0,0,0,0,0
3530,1,20190502,18101,"F09",0,0,0,1.24500000476837,0,0,0.493000000715256,0,0,0,0.526000022888184,0.955999970436096,0,0.123000003397465,0,0,0,0,0,0,0,0,0,0.619000017642975,0.462999999523163,1.18900001049042,0,0,0.479000002145767,2.75199997425079,0.90200001001358,0.0810000002384186,0.287000000476837,1.01499998569489,2.13299989700317,0.0489999987185001,0,0,0.196999996900558,0.617999970912933,0.0820000022649765,0.828000009059906,0.181999996304512,0,0.215000003576279,0,0,0.17399999499321,0.185000002384186,0.112999998033047,0,0,0,0.962000012397766,0.46000000834465,0,0,0,0,0,0,1.4210000038147,0.640999972820282,0,0,0.444000005722046,0.919000029563904,0.549000024795532,0.633000016212463,0,0,1.68700003623962,0.565999984741211,0.578999996185303,0.261999994516373,5.24999985843897,0,0,0,0,0,0,0,0,0.629999995231628,0,0,0.061999998986721,0.296999990940094,0,0,0
3530,1,20190502,18101,"F10",0.245000004768372,0,0,0,0,0,0,0,0,0,0,0,0,0,0,0,0,0,0,0,0,1.02600002288818,0.529999971389771,0.785000026226044,0.731000006198883,2.07800006866455,0.149000003933907,0,0,0,0,0.123000003397465,0,0.890999972820282,0,0,0,1.16799998283386,0.426999986171722,0,0.654999971389771,0.674000024795532,0,0,0,0,0,0,0,0.430999994277954,0,0,0.584999978542328,0,0,0,0,0.34400001168251,0,0,0,0,0,0,0,0,0,0,0,0,0,0,0,0,0,0,0,0,0,0,0,0,0,0,0,0,0,0,0,0,0,0
3530,1,20190502,18101,"F11",0,0,0,3.51999998092651,0,0,2.74300003051758,1.21800005435944,0.208000004291534,0,0,0,0,0,0,0,0,0,0,0,0,1.07099997997284,1.13699996471405,0.998000025749207,0,0,0,0,0,0,2.88599991798401,1.07700002193451,1.72099995613098,0,0,0,0,0,0,0,0,0,0,0,0,0,0,0,0,0,0,0,0,0,0,0,0,0,0,0,0,0,0,0,0,0,0,0,0,0,0,0,0,0,0,0,0,0,0,0,0,0,0,1.47899997234344,0.493999987840652,0.638000011444092,1.08399999141693,0,0,0,0,0
3530,1,20190502,18101,"F12",0,0,0,0,0,0,0,0,0,0,0,0,0,0,0,0,0,0,0,0,0,0,0,0,0,0,0,0,0,0,0,0,0,0,0,0,0,0,0,0,0,0,0,0,0,0,0,0,0.871999979019165,0,0,0,0,0,0,0,0,4.3769998550415,0,0,0,0,0,3.32999992370605,0.63400000333786,0,1.14999997615814,5.42300014942884,0,0,0,0,0,0,0,0,0,0,0,0,0,0,0,0,0,0,0,0,0,0,0,0
3530,1,20190502,18101,"G01",0,0,0,0,0,0,0,0,0,0,0,0,0,0,0,0,0,0,0,0,0,0,0,0,0,0,0,0,0,0,0,0,0,0,0,0,0,0,0,0,0,0,0.17399999499321,0.662999987602234,0.683000028133392,0,0,0,0,0,0,0,0,0,0,0,0,0,0,0.45100000500679,0.229000002145767,1.76499998569489,0.550999999046326,0,0,0,0.522000014781952,0.61599999666214,0.282000005245209,0,0,0,0,0,0,0,0,0,0,0,0,0,0,0,0,0,0,0,0,0,0,0
3530,1,20190502,18101,"G02",0,0,0,0,0,0,0,0,0,2.41199994087219,1.69700002670288,0.34799998998642,0.34799998998642,0,0.222000002861023,0,0,0,0,0,0,0,5.25799989700317,3.53799986839294,0,0.837999999523163,0.552999973297119,0,0,0,5.26999998092651,0.61599999666214,0.444000005722046,0,0,0,0,0,0,0.726999998092651,0,0.137999996542931,0,0,0,0,0,0,3.5239999294281,0,0,0,0,0,0,0,0,0,0,0,0,2.45199990272522,0,0,0,0,0,0,0,0,0,0,0,0,0,0,0,0,0,0,0,0,0,0,0,0,0,0,0,0,0,0
3530,1,20190502,18101,"G03",0,0,0,4.11199998855591,1.26499998569489,0.888999998569489,1.28699994087219,1.94799995422363,0,0,0,0,0,0,1.29900002479553,0,0,0.444000005722046,0.768999993801117,2.64400005340576,1.39600002765656,1.08800005912781,0.418999999761581,0.658999979496002,0.228000000119209,0.137999996542931,0.718999981880188,0,0,0,2.45799994468689,0,0,0,0.640999972820282,0,0,0,0,4.41700005531311,1.88899998366833,3.30599999427795,3.67600002884864,2.31699991226196,1.52400004863739,3.72000002861023,2.31100010871887,3.03300005197525,1.5080000013113,0.419999986886978,0,0.544000029563904,0,1.95099997520447,3.84899997711182,1.66999995708466,2.42000007629395,3.46200001239776,1.05799996852875,0.563000023365021,0.806999981403351,1.23299999535084,1.33299994468689,0,1.90299999713898,2.38599991798401,0.864000022411346,0,0,0,0,0,0.418999999761581,0,0,0.582000017166138,0,0,0,0,0,0,0,0,0.975000023841858,0,0,0,0,1.307000041008,1.50800001621246,2.1800000667572
3530,1,20190502,18101,"G04",0,0,0,1.65799999237061,0.116999998688698,0,0,0,0,0,0,0,0,0,0,0,0,0,0,0,0,0,0,0,0,0,0,0,0,0.388999998569489,2.74500004947185,0,0,0,0,0.061999998986721,0,0,0,1.72799995541573,0,0,0,0,0,0,0,0,2.2279999256134,3.14200001955033,1.932000041008,0,0,0,0,0,0.448000013828278,1.4590000063181,0,0,0,0,0,0,0,0,0,0,0,0,0,0,0,0,0,0,0,0,0,0,0,0,0,0,0.0359999984502792,0,0,0,0,0,0,0
3530,1,20190502,18101,"G05",0,0,0,4.70699977874756,0.559000015258789,2.01099991798401,1.63999998569489,0.967000007629395,0,0,0,0,0,0,0,0,0,0,0,0,0,0,0,0,0,0,0,0,0,0,0,0,0,0,0,0,0,0,0,0.388999998569489,0,0,0,0,0,0,0,0,0,0,0,0,0,0,0,0,0,0,0,0,0,0,0,0,0,0,0,0,0,0,0,0,0,0,0,0,0,0,0,0,0,0,0,0.628000020980835,0.866999968886376,0.123000003397465,0.0869999974966049,0.30799999833107,0,0.0879999995231628,0.119000002741814,0.160999998450279
3530,1,20190502,18101,"G06",0,0,0,4.3899998664856,0,0,0,0,0,0,0,0,0,0,0,0,0,0,0,0,0,0,0,0,0,0,0,0,0,0,0,0,0,0,0,0,0,0,0,0,0,0,0,0,0,0,0,0,0,0,0,0,0,0,0,0,0,0,0,0,0,0,0,0,0,0,0,0,0,0,0,0,0,0,0,0,0,0,0,0,0,0,0,0,0,0,0,0,0,0,0,0
3530,1,20190502,18101,"G07",1.625,0.368999987840652,0.337000012397766,0,3.0220000743866,0.20100000500679,0.400999993085861,0,0,0,0,0,0,0,0.834999978542328,0,0,0,1.27100002765656,0,0.871999979019165,4.28500008583069,0.513999998569489,1.17799997329712,0.197999998927116,0,0,0,0,0,1.88300001621246,1.48599997162819,0.651000022888184,0,0,0,0.30799999833107,1.00699996948242,0.555000007152557,0,0,0,0.275000005960464,0,0.123000003397465,0.444999992847443,0.717000007629395,0.112999998033047,1.83899998664856,0.614000022411346,0.35699999332428,1.12800002098083,0.356000006198883,0.949999988079071,1.61000001430511,4.67599987983704,0,5.63000023365021,6.35499981045723,2.79499995708466,5.72999978065491,3.13100004196167,0.847000002861023,4.4780000448227,5.88800020515918,5.86899979785084,4.17199993133545,1.19199997186661,0,0,0,0.36599999666214,0.935999989509583,0,0,0.185000002384186,0,0.61599999666214,0,0.944000005722046,0.165000006556511,0,0.17399999499321,0.508000016212463,0.629999995231628,0,0,0,1.06900000572205,0.0710000023245811,0,0
3530,1,20190502,18101,"G08",0,0,0,0,0,0,0,0,0,0,0,0,0,0,0,0,0,0,0,0,0,4.14800006151199,1.61500000953674,0,0,0,0,0,0,0,0,0,0,0,0,0,0,0,0,0,0,0,0,0,0,0,0,0,0,0,0,0,0,0,0,0,0,0,0,0,0,0,0,0,0,0,0,0,0,0,0,0,0,0,0,0,0,0.444000005722046,0,0.444000005722046,0.949000000953674,0,0,0,0,0,0,0,0,0,0,0
3530,1,20190502,18101,"G09",0,0,0,3.23200011253357,0.0869999974966049,0,0,0,0,0,0,0,0,0,0,0,0,0,0,0,0,0,0,0,0,0,0,0,0,0,0,0,0,0,0,0,0,0,0,0,0,0,0,0,0,0,0,0,0,0,0,0,0,0,0,0,0,0,0,0,0,0,0,0,0,0,0,0,0,0,0,0,0,0,0,0,0,0,0,0,0,0,0,0,0,0,0,0,0,0,0,0
3530,1,20190502,18101,"G10",0,0,0,0,1.38900005817413,0.321000009775162,0.151999995112419,0.787999987602234,0.404000014066696,0,0,0,0,0,0,0,0,0,0,0,0,0,0,0,0,0,0,0,0,0,0,0,0,0,0,0,0,0,0,0,0,0,0,0,0,0,0,0,0,0,0,0,0,0,0,0,0,0,0,0,0,0,0,0,0,0,0,0,0,0,0,0,0,0,0,0,0,0,0,0,0,0,0,0,0,0,0,0,0,0,0,0
3530,1,20190502,18101,"G11",0,0,0,2.18099999427795,0.237000003457069,0,1.12899994850159,0.0280000008642673,0,0.393999993801117,0.123000003397465,0,0,0,0,0,0,0,0,0.368999987840652,0,4.37900006771087,12.706000328064,0,0.199000000953674,0,0.865000009536743,0,0,0,14.460000038147,0.120999999344349,0,0,0,0,0,0,0,3.83999991416931,0.964999973773956,0.703000009059906,0,0.365000009536743,0,0.435999989509583,0,0.280000001192093,1.74899995326996,1.09099996089935,0.476000010967255,0.550999999046326,0.458999991416931,0.119999997317791,0,0,0,0,0,0,0,0,1.9539999961853,0,0,3.83299994468689,1.64699995517731,0,0,0,0,0,0.790000021457672,0,0,3.32300007343292,1.99600005149841,0.0970000028610229,0,0,0,0.44200000166893,0.785000026226044,1.39999997615814,1.5349999666214,3.23299992084503,0.514999985694885,0.370000004768372,0,0,0,0
3530,1,20190502,18101,"G12",0,0,0,3.42300009727478,0,0.624000012874603,2.49600005149841,0.832000017166138,0,0,0,0,0,0,0,0,0,0,0,0,0,3.01999998092651,0,0,0.321000009775162,0,0,0,0,0,0,0,0,0,0,0,0,0,0,0,0,0,0,0,0,0,0,0,0,0,0,0,0,0,0,0,0,0,0,0,0,0,0,0,0,0,0,0,0,0,0,0,0,0,0,0,0,0,0,0,0,0,0,0,0,0,0,0,0,0,0,0
3530,1,20190502,18102,"A01",0,0,0,0,0,4.04899978637695,1.33699999004602,0.888000011444092,1.33200001716614,0.680999994277954,5.18599990010261,4.00699996948242,5.45299986749888,0.776000022888184,0,3.58999991416931,3.90499997138977,1.85199996829033,0.697000026702881,0.17399999499321,0,0.751999974250793,3.81199994683266,1.99799999594689,0.185000002384186,4.93600010871887,4.21500013768673,0,6.37899991124868,0.061999998986721,0,5.08500003814697,1.91199994087219,0,0.61599999666214,0,0,0,0,0,0,0,0,0,0,0,0,0,0.981000006198883,0.17399999499321,0,0,0,0,0,0,0.61599999666214,0,0,0,0,0,0,0,0,0,0,0.662999987602234,0,0,0,0,0,0,0,0,0,0,0,0,0,0,0,0,0,0,0,0,0,0,0,0
3530,1,20190502,18102,"A02",0,0,0,0,0,0,0,0,0,0,0,0,0,0,0,0,0,0,0,0,0,0,0,0,0,0,0,0,0,0,0,0,0,0,0,0,0,0,0,2.625,0,1.27999997138977,0.0989999994635582,0,0,0,0,0,0,0,0,0,0,0,0,0,0,0,0,0,0.796999990940094,0.61599999666214,0.61599999666214,0,0,0,0.522000014781952,0.34799998998642,0,0,0.435000002384186,0,0,0,0,0,0.30799999833107,0,0,0,0,0,0,0,0,0,0,0.275000005960464,0,0,0,0
3530,1,20190502,18102,"A03",0,0,0,1.70099997520447,0,0,0,0,0,0,0.377999991178513,0,3.36100000143052,0.296999990940094,0,0,0,0,0,0,0.467000007629395,4.06500005722046,0.486999988555908,0,0.123000003397465,0,0,0,0,0,1.62900004535913,0,0.24600000679493,0,0,0,0,0,0,1.45899999141693,0.580999970436096,0,0,0,0,0,0,0,0.676999986171722,0,0,0,0,0,0,0,0,0.442999988794327,0,0,0,0,0,0,0,0,0.649999976158142,0,0,0,0.652999997138977,0,0,0,0,0.583999991416931,0,0,0,0,0,0,0,0,0,0,0,0,0,0,0,0
3530,1,20190502,18102,"A04",0,0,0,0,2.04699993133545,0,0,0,0,0,0,0,1.43299996852875,0,0,0,0,0,0,0,0.61599999666214,0,0,0,0,0,0,0,0,0,1.65699994564056,3.69799995422363,0.876999974250793,0,0,0,0,0,0,0,1.76300001144409,0.34799998998642,0,0,0,0,0,0,1.57000005245209,0,0.137999996542931,0,0,0,0,0.358999997377396,0,0.628000020980835,0,0,0,0,0,0,0,0,0,0,0,0,0,0,0,0,0,0,0,0,0,0,0,0,0,0,0,0,0,0,0,0,0,0
3530,1,20190502,18102,"A05",0,0,0,4.36199998855591,0,0,0.64300000667572,0.714999973773956,0,0,0,0,0,0,0,0,1.08500003814697,0.507000029087067,0,0,0.331000000238419,6.56399989128113,5.66699978709221,0.233999997377396,0,0,0.418000012636185,0,0.448000013828278,0,2.20300006866455,0.969000026583671,0,0,0,0,0,0,0,3.00600004196167,1.84099996089935,3.26900005340576,1.38199996948242,0.995000004768372,0,0,0,0,3.00399994850159,0,0,0,0,0,0,0,0,0,0,0,0,0,0,0,0,0,0.785000026226044,0,0,0,0,0,0,0,0,2.67599999904632,2.11700010299683,0.149000003933907,0.83899998664856,0.898999989032745,0.061999998986721,0,0,0,0,0,0,0,0,0,0,0
3530,1,20190502,18102,"A06",0,0,0,9.25300025939941,17.6470003128052,14.0380001068115,9.66300010681153,11.2799997329712,4.56200015544891,0,0,0,1.75899994373322,0.0359999984502792,0,0,0,0,0,0,0,1.45500004291534,0.275000005960464,0,0,0.137999996542931,0.101000003516674,0,0,0.405000001192093,0,0,0,0,0,0,0,0,0,0,0,0,0,0,0,0,0,0,0,0,0,0,0,0,0,0,0,0,0,0,0,0,0,0,0,0,2.15199995040894,0,0,0,0,0,0,0,0,0,0,1.98599994182587,0,0,0,0,0,0,0,0,0,0,0,0,0,0
3530,1,20190502,18102,"A07",0,0,0,2.22099995613098,0,0,5.82399988174438,0,0,0,0,5.22900009155273,0.194000005722046,0,0,0,0,0,0,0,0,0.782999992370605,0,0,0,0,0,0,0,0,0,0,0,0,0,0,0,0,0,0,0,0,0,0,0,0,0,0,0,0,0,0,0,0,0,0,0,0,0,0,0,0,0,0,0,0,0,0,0,0,0,0,0,0,0,0,0,0,0,0,0,0,0,0,0,0,0,0,0,0,0,0
3530,1,20190502,18102,"A08",0,0,0,4.71800003945827,0,0,0,0,0,0,0,0,4.45300006866455,0.45100000500679,0,0,0,0,0,0.690999984741211,0,4.01599991321564,0,0,0,0,0,0,0,0,0.430999994277954,0,0,0.481000006198883,0,0,0,0,0,0,0,0,0,0,0,0,0,0,0,0,0,0,0,0,0,0,0,0,0,0,0,0,0,0,0,0,0,0,0,0,0,0,0,0,0,0,0,0,0,0,0,0,0,0,3.53900003433228,0.449999988079071,0,0,0,0,0,0
3530,1,20190502,18102,"A09",0,0,0,3.69600009918213,0,3.73100000619888,3.32499990612269,0.185000002384186,2.58200001716614,0,0.388999998569489,0,2.43099999427795,0.123000003397465,0,0,0.550999999046326,0,0,0,0,3.21099996566772,4.19899988174438,0.061999998986721,0,0,0,0,0,0,0,3.65700006484985,0,0,0.34799998998642,0,0,0,0,3.64100003242493,0.691999971866608,0,0,0,0,0,0,0.529999971389771,3.66499990224838,0.123000003397465,0,0,0,0.409999996423721,0,0,0,0,0.896000027656555,0,0,0,0,0,0,0,0.694999992847443,0,0,0,0,0,0.331999987363815,0,0,0,0,0,3.15199995040894,0,0,0,0.388999998569489,0,0.832000017166138,0,0,0,0,0,0,0
3530,1,20190502,18102,"A10",0,0,0,3.53900003433228,1.95799995213747,0.123000003397465,2.14099997282028,2.09200000762939,0,0,0,0,3.98599994182587,3.65899991989136,6.81099998950958,7.29400014877319,2.0699999332428,2.86799988895655,0.123000003397465,0,0.30799999833107,3.73400008678436,4.84599995613098,3.01600003242493,1.66299998760223,0,0,0,0,0,1.90699994564056,2.40499997138977,1.22800004482269,0,0,0,0,0,0,5.02899976074696,5.77400016784667,4.88000011444092,6.29099988937378,5.62700003385544,0,6.58699989318848,1.13400000333786,0,4.13299989700317,4.90299987792969,0.680999994277954,0.646000027656555,0.236000001430511,0,0,0,0,4.27099976688624,4.30799996852875,0,0,0,0,0,0,0,1.65100002288818,0.864000022411346,0,0,0,0,0,0,0,4.09700006246567,0.949999988079071,0.697000026702881,0.185000002384186,0.662999987602234,3.19300003349781,0,0,3.14599990844727,2.85399997234344,6.56300020217896,1.16700005531311,0.938000023365021,0.828000009059906,1.37000000476837,0,0
3530,1,20190502,18102,"A11",0,0,0,0,0,0,0,3.32800006866455,1.35500001907349,0,0,0,0,0,0,0,0,0,0,0,0,0,0,0.63400000333786,0,0,0,0,0,0,0,0,0,0,0,0,0,0,0,1.01999998092651,0,0,0,0,0,0,0,0,0.405000001192093,0,0,0,0,0,0,0,0,1.6690000295639,0.254000008106232,0.275000005960464,2.45900011062622,1.73900002241134,3.62000009417533,0,0,0,2.3970000743866,0,0.219999998807907,0,0,0.568000018596649,0.061999998986721,0,0,0,0,0,0,0,0,0,0,0,0,0,0.529999971389771,0,0,0,0,0
3530,1,20190502,18102,"A12",0,0,0,0,3.87599992752075,0.254000008106232,0,0.222000002861023,0,0,0,0,3.36199998855591,0,0,0,0.398000001907349,0,0,0,0,10.0539999008179,0.804000020027161,0,0,0,0,0,0,0,3.97000002861023,0,0,0,0,0,0,0,0.78600001335144,4.2859999537468,0,0,0,0,0,0,0,0,0.860000014305115,0,0,0,0,0,0,0,0,2.50399994850159,0.781000018119812,1.12300002574921,0.0419999994337559,1.12000000476837,1.55099999904633,0,0,0,0.704999983310699,0,0.739000022411346,0,0,0,0,0,0,0,0,0,0,0,0,0,0,0.938000023365021,1.41999995708466,1.2059999704361,0.43299999833107,0,0,0,0,0
3530,1,20190502,18102,"B01",0,0,0,0,0,0,0,0,0,0,0,3.23000001907349,0.72299998998642,0,0,0,0,0,0,0,0,0,0,0.435000002384186,0,0.123000003397465,0,0,0,0,2.36500000953674,0.607999980449677,0.612999975681305,0,0,0,0,0,2.17600011825562,2.9909999370575,0,1.06400001049042,0,0,0,0,0,0,1.31299996376038,0,1.24399995803833,0.580999970436096,2.51999989151954,0.18299999833107,1.85699997842312,0,0,0,0,0.896000027656555,0,0,0,0,0,0,4.68499994277954,1.0110000371933,2.22199988365173,1.28299999237061,0.91899998486042,0,0,0.624999977648258,2.53799998760224,3.03499993681908,0.209000006318092,0.732999978587031,1.09100000560284,0,0.247999995946884,0,0,5.00600004196167,1.64900001883507,0.275000005960464,0.185000002384186,0,5.05099998414516,0,0.177000001072884,0.754999995231628
3530,1,20190502,18102,"B02",0,0,0,5.42800017446279,0,0,0,0,0,0,0,0,3.80900001525879,0,0.0820000022649765,0,0,0,0,0,0,0,0,0,0,0,0,0,0,3.6800000667572,0.0740000009536743,0,0,0,0,0,0,0,0,0,0,0,0,0,0,0,0,0,0,0,0,0,0,0,0,0,0,0,0,0,0,0,0,0,0,0,0,0,0,0,0,0,0,0,0,0,0,0,0,0,0,0,0,0,0,0,0,0,0,0,0,0
3530,1,20190502,18102,"B03",0,0,0,0,0,0,0,0,0,0,0,0,0,0,0,0,0,0,0,0,0,0,0,0,0,0,0,0,0,0,0,0,0,0,0,0,0,0,0,0,0,0,0,0,0,0,0,0,0,0,0,0,0,0,0,0,0,0,0,0,0,0,0,0,0,0,0,0,0,0,0,0,0,0,0,0,0,0,0,0,0,0,0,0,0,0,0,0,0,0,0,0
3530,1,20190502,18102,"B04",0,0,0,0,0,0,0,0,0,0,0,0,7.13399982452393,0,0,0,0,0,0,0,0,0,0,0,0,0,0,0,0,0,0,0,0,0,0,0,0,0,0,0,0,0,0,0,0,0,0,0,0,0,0,0,0,0,0,0,0,0,0,0,0,0,0,0,0,0,0,0,0,0,0,0,0,0,0,0,0,0,0,0,0,0,0,0,0.564999997615814,0,0,0,0,0,0,0
3530,1,20190502,18102,"B05",0,0,0,0,0,0,0,2.31399989128113,0,0,0,0,4.20699977874756,0.30799999833107,0,0,0,0,0,0,0,2.2720000743866,0.412999987602234,0,0,0,0,0,0,0,3.13199996948242,0.917000010609626,0,0,0,0,0,0.787999987602234,0,2.15799999237061,0,0,0,0,0,0,0,0,0,0,0,0,0,0,0,0,0,0,0,0,0,0,0,0,0,0,3.55100011825562,0,0,0,0,0,0,0,0,0,0,0,0,0,0,0,0,3.52900004386902,2.63899993896484,0.44200000166893,0.550999999046326,0,0,0,0,0
3530,1,20190502,18102,"B07",0,0,0,5.3420000076294,0.714999973773956,0,0,0,0,0,0,0,4.17199993133545,0,0.141000002622604,0,0.430999994277954,0,0.783999979496002,0.34799998998642,0.123000003397465,0,2.18700003623962,0,0.368999987840652,1.80099999904633,3.54999995231628,0,0,3.75300002098084,3.76400005817413,0.444000005722046,0.488999992609024,0.89300000667572,0.151999995112419,0.42399999499321,0.739000022411346,0.396999984979629,1.89000001549721,4.41899991035461,0.551999986171722,0,0,0.896000027656555,1.17900002002716,0,1.33500003814697,0,2.54399996995926,0,0,0,0,0,0.137999996542931,0,0,3.95900006592273,0.137999996542931,0.643999993801117,1.06100005470216,0.623000010848045,0.180999994277954,0,0,0,4.30100011825562,0,0,0,0,0,0,0.409999996423721,0,2.35999989509583,0,0.256000012159348,0.356000006198883,0.804000020027161,0.209000006318092,0,0,0,0,0,0,0,0,0,0,0
3530,1,20190502,18102,"B08",0,0,0,0,0,0,0,0,0,0,3.10400009155273,0,3.94699999690056,2.1710000038147,1.74699997901917,0,0,0,0,0.711000025272369,2.21499991416931,4.78700006008148,0.428999990224838,0.64300000667572,0,1.08299994468689,2.7039999961853,0,0,0,4.87900018692017,0.460999995470047,0,0,0,0,0,0,0,1.692999958992,1.68099999427795,0,0,0,0,0,0,0,2.08999991416931,0,0,0,0,0,0,0,0.314000010490417,0,0,0,0,0,0,0,0,0,1.28600001335144,0,0,0,0,0,0,0,0,0,0,0,0,0,0,0,0,0,0,0,0,0,0,0,0,0
3530,1,20190502,18102,"B09",0,0.435000002384186,0,2.16300010681152,1.32299995422363,3.15899991989136,0,0,0,0,0,0,5.60200023651123,0.432000011205673,1.04499995708466,0,0,0.421000003814697,0,0,0,6.28699994087219,0.574000000953674,0,1.26199996471405,2.73699998855591,2.98799991607666,0,0,0,6.06599998474121,0,0,0,0.36599999666214,0.061999998986721,0,0,0,4.31700003147126,3.73299992084503,1.09800004959106,1.04100000858307,1.71599996089935,0.589999973773956,0.388999998569489,0,0,6.10399985313415,2.87800002098084,1.192999958992,0,0,0,0.375999987125397,0,0,5.36899995803833,2.43799996376038,3.02899995446205,0,0,0,0,0,0,5.85000002384186,0,0,0,0,0,0,0,0.261000007390976,4.83799993991852,0.446000009775162,0.206000000238419,1.67599999904633,1.02100002765656,0.513999998569489,0,0,0,0,0,0.947000026702881,0,1.13499999046326,0,0,0
3530,1,20190502,18102,"B10",0,0,0,2.23099994659424,0,0,0,0,0,0,0,0,2.26200008392334,0.569000005722046,0.123000003397465,0,0,0.368999987840652,0,0,0,2.11800001561642,0,0,0,0,0,0,0,0,0,0,0,0,0,0,0,0,0,0,0,0,0,0,0.388999998569489,0,0,0,0,0,0,0,0,0,0,0,0,0,0,0,0,0,0,0,0,0,1.29700005054474,0,0,0,0,0,0,0,0,0,0,0,0,0,0,0,0,0,0,0,0,0,0,0,0,0
3530,1,20190502,18102,"B11",0,0,0,0,0,0,0,0,3.98600006103516,0,0,3.4300000667572,0.127000004053116,0.148000001907349,0,0,0,0,0,0,0,0,0,0,0.444000005722046,0,0,0,0,0,0,0,0,0,0,0,0,0,0,0.703000009059906,0,0,0,0,0,0,0,0,0,0,0,0,0,0,0,0,0,0,0,0,0,0,0,0,0,0,2.02900004386902,0,0.277999997138977,0,0,0,0,0,0,0,0,0,0,0,0,0,0,0,0,0,0,0,0,0,0,0
3530,1,20190502,18102,"B12",0,0,0,0,0,0,0,0,0,0,0,0,4.75500011444092,0,0,0,0,0,0,0,0,3.08899998664856,0.78600001335144,3.10500001907349,1.32599997520447,2.87800002098084,1.31500005722046,0,0,0,0,0,0,0,0,0,0,0,0,0,0,0,0,0,0,0,0,0,5.04400014877319,3.54500007629395,0.642000019550323,0,0,0,0,0,0,0,0,0,0,0,0,0,0,0,3.7960000038147,0,0,0,0,0,0,0,0,1.86300003528595,0,0,0,0,0,0,0,0,0,0,0,0,0,0,0,0
3530,1,20190502,18102,"C01",0,0,0,3.21499991416931,0.123000003397465,0,0,0.419999986886978,0,0,0,0,0,0,0,0,0,0,0,0,0,0,0,0,0,0,0,0,0,0,0,0,0,0,0,0,0,0,0,0,0,0,0,0,0,0,0,0,0,0,0,0,0,0,0,0,0,0,0,0,0,0,0,0,0,0,0,0,0,0,0,0,0,0,0,0,0,0,0,0,0,0,0,0,0,0,0,0,0,0,0,0
3530,1,20190502,18102,"C02",0.34799998998642,0,0,8.69799995422363,0,0,0,0,0,0,0,0,7.57299995422363,6.05000001192093,4.27300000190735,7.19700014591217,1.55200006067753,2.08699998259544,1.38100004196167,0.458999991416931,0.284999996423721,2.83500003814697,0,0,0,0,0,0,0,2.41400003433228,1.91899999976158,2.08799999952316,0,0,0,0,0,0,0.495999991893768,5.24399995803833,3.46399986743927,2.66999995708466,5.44200015068054,2.70499992370606,7.21099981665611,5.12899980135262,4.2280000448227,1.66499996185303,3.89100003242493,1.62999999523163,0.857999980449677,0,0.621999979019165,0,0,0,0,5.09299993515015,3.42899990081787,3.69900000095367,10.9759998321533,4.77799987792969,7.07100018858909,3.59599995613098,1.27300000190735,0,3.41899998486042,0,0,0,0,0,0,0,0,3.52899998426437,0.800000011920929,0,0,0.305999994277954,0,0,0,1.86099994182587,1.71399998664856,0.586000025272369,0.344999998807907,0,0,0,0,0
3530,1,20190502,18102,"C03",0,0,0,3.02099990844727,0,0,0,0,0,0,0,0,1.72500002384186,1.28600001335144,0,0,0.508000016212463,0.275000005960464,1.01499998569489,0,0.368999987840652,2.83200001716614,1.50899994373322,1.48000001907349,0,0,0,0,0,0,0.813000023365021,0.123000003397465,0,0,0,0,0,0,0,0.149000003933907,0,0,0,0,0,0,0.435000002384186,0.123000003397465,1.6360000371933,2.07300001382828,6.34099984169007,1.91999995708466,5.55699992179871,2.96999996900559,0.236000001430511,0,0.375,0,1.34200000762939,0,0.275000005960464,0.185000002384186,0,0,0,0.739000022411346,0.296999990940094,0.801999986171722,0.388999998569489,0,0,0,0,0,0,1.93199998140335,5.35500001907348,4.04500007629395,3.33100005984307,5.39799994975329,2.8840000629425,0.742999970912933,1.14400005340576,1.99899996817112,0,0,0,0,0,0.603999972343445,0,0
3530,1,20190502,18102,"C04",0,0,0,1.05299997329712,1.71200001239777,0.123000003397465,2.40700006484985,3.06900000572205,1.05699999630451,0,0,0,4.20199990272522,1.76699995994568,3.67300009727478,0.331999987363815,2.52600006759167,2.7260000705719,2.13599991798401,0.337000012397766,2.91799998283386,2.22899995744228,0,0.123000003397465,0,0.123000003397465,0.0869999974966049,0,0.17399999499321,0,3.60199999809265,0.526000022888184,0,0.314000010490417,0,0.486000001430511,0,0,0,4.96600008010864,0.416000008583069,0.481000006198883,2.08800005912781,0.430999994277954,0.717999994754791,0.428000003099442,0,0.123000003397465,0,0,0,0,0,0,1.15900003910065,0,0,0,0,0,0.123000003397465,0,0,0,0,0,0.363999992609024,0,0,0,0,0,0.17399999499321,0,0,0.630999982357025,0,0,0,0,0,0,0,0.508000016212463,0,0.061999998986721,0,0,0,0,0,0
3530,1,20190502,18102,"C05",0,0,0,2.54999995231628,0,0,0,0,0,0,0,0,0.563000023365021,0,0,0,0,0,0,0,0,0.12899999320507,0,0,0,0,0,0,0,0.388999998569489,3.33099989593029,1.81499996781349,2.66099989414215,0.515999972820282,0,0,0,0,0,0,0,0,0,0,0,0,0,0,0.061999998986721,0,0,0,0.739000022411346,1.23099994659424,0,0,1.25800001621246,2.88000011444092,0.061999998986721,0,0,0,0,0,0,0,0,0,0,0,0,0.497000008821487,0,0,0,0.656000018119812,0,0,0,0.17399999499321,0,0,1.45299994945526,3.14000010490417,0.980000019073487,1.50999999046326,1.38100004196167,0,0,0,0.620000004768372,0
3530,1,20190502,18102,"C06",0,0,0,0,0,0,0,0,0,0,0,0,0,0,0,0,0,0,0,0,0,0,0,0,0,0,0,0,0,0,0,0,0,0,0,0,0,0,0,0,0,0,0,0,0,0,0,0,0,0,0,0,0,0,0,0,0,0,0,0,0,0,0,0,0,0,0,0,0,0,0,0,0,0,0,0,0,0,0,0,0,0,0,0,0,0,0,0,0,0,0,0
3530,1,20190502,18102,"C07",0,0,0,1.60099995136261,1.46200001239777,2.29900002479553,2.78999996185303,2.90400004386902,0,0,0,0,4.08500003814697,0.372999995946884,0,0,0,0,0,0,0,0,0,0,0,0,0,0,0,0,0.61599999666214,0,0,0,0,0,0,0.123000003397465,0,0,0,0,0,0,0,0,0,0,0,0,0,0,0,0,0,0,0,0,0,0,0,0,0,0,0,0,0,0,0,0,0,0,0,0,0,1.53100001811981,0.714999973773956,1.58700001239777,2.23200011253357,0,0,0,0,0,0,0,0,0,0.444000005722046,0,0,0
3530,1,20190502,18102,"C08",0.837000012397766,0.662999987602234,0,3.72799991071224,0,0,0.275000005960464,0,0.303000003099442,0,0,1.04999995231628,0.711000025272369,0,0,0,0,0,0,0,0,0.0890000015497208,0,0,0.116999998688698,0,0,0,0,0,3.65000009536743,0,0,0,0,0,0,0,0,0,0,0,0,0,0,0,0,0,0.815999984741211,0,0,0,0,0,0,0,0,1.95899996906518,1.19900000095367,1.34099996089935,1.2849999666214,2.625,0.919000029563904,0,0.337999999523163,0.061999998986721,2.28699992597103,0,0,0,0.559000015258789,0,0,0.488999992609024,0,0,0,0,0,1.59099996089935,1.26999998092651,0,0,0.996999979019165,1.01699995994568,0.811999976634979,3.12899994850159,0,1.71599996089935,0.544000029563904,0.768999993801117,0.221000000834465
3530,1,20190502,18102,"C09",2.81299998983741,0.513000011444092,1.70699995756149,6.95399987697601,1.28400003910065,0.596000015735626,0,0,0.850000023841858,2.04599995911122,0.157000005245209,0.061999998986721,5.34899991750717,2.24199994653464,0,0,0,0.467999994754791,0,1.27499997615814,0,5.36200007796287,0,1.5900000333786,1.6690000295639,0,1.53300002217292,0,0.439999997615814,5.57000007666648,0.547000005841255,0,4.26599991321564,2.48300004005432,0.217999994754791,4.67399986088276,1.08900000154972,0,1.80399994924665,5.41300010681153,0.583000004291534,0,0.643999993801117,0.903000015765428,5.89400017261506,0,0.386999994516373,0,6.31899976730347,0,1.12999999895692,1.74899995326996,0.0970000028610229,1.55800002813339,0.529999971389771,1.55400002002716,0.00800000037997961,4.15899991989136,1.35500004887581,0,2.08100000023842,2.88200010359287,1.90700000524521,4.19099998474121,1.22800004482269,0.458000004291534,3.7710000090301,1.55399996042251,0.84799998998642,4.62400007247925,3.98300004005432,2.74199998378753,1.46399998664856,2.26800006628037,3.6209999024868,4.4760000705719,5.30599978566169,1.66800003871322,3.72000002861023,3.08799999952316,1.73600000143051,1.48300004005432,1.04900002479553,7.7639998793602,4.26800006628037,4.20100009441376,1.71999995410443,2.31899999082089,0.44200000166893,0.977999985218048,2.57300001382828,1.78000003099442
3530,1,20190502,18102,"C10",0,0,0,0,3.50600003451109,0.745999991893768,0,0.745999991893768,0.819999992847443,0,0,0,2.89999996125698,1.47000002861023,0,0,0,0,0,0,0,0,0,0.958000004291534,0.111000001430511,1.66100001335144,0,0,0,0,0,0.342999994754791,0,0,0,0,0,0,0,0,0.388999998569489,0,0,0,0,0,0,0,0,0,0,0,0,0,0,0,0,0,0,0,0,0,0,0,0,0,0,0,0,0,0,0,0,0,0,0,0,0,0,0,0,0,0,0,0,0,0,0,0,0,0,0
3530,1,20190502,18102,"C11",0,0,0,9.92899990081787,5.04699993133545,3.75999999046325,1.82200002670288,0.781000018119812,0.78600001335144,0,0,3.15300011634827,3.80100001394748,2.42799997329712,2.3970000743866,1.7150000333786,3.87899994850159,1.31900000572205,0,0,0,6.92699980735779,2.65500004589558,1.22200000286102,1.07299995422363,0,0.402999997138977,0.699999988079071,0.541000008583069,2.6910001039505,8.08700013160706,1.48300004005432,1.41299998760223,0.873000025749207,0.433999985456467,0.268999993801117,0.564000010490417,0.501999974250793,0.515999972820282,4.90400004386902,0,0,0,0,0,0,0,0,0,0,0,0,0.46900001168251,0,0,0,0,0,0,0,0,0,0.606000006198883,0,0,0,3.21900010108948,1.04700005054474,0,0,0,0.773999989032745,0,2.30099993944168,2.51999998092651,2.74699997901917,1.14999997615814,0,0,0,0,0,0.36599999666214,0,0.592000007629395,0,0,0,0,0,0,0.646000027656555
3530,1,20190502,18102,"C12",0,0,0,3.06900000572205,0,0,0.323000013828278,0.878000020980835,0,0,0,2.65899991989136,1.52400003373622,0,0,0,0,0,0,0,0,2.86700010299683,0,0,0,0,3.42000007629395,0,0.611999988555908,0,1.92599999904633,0.123000003397465,0.782000005245209,0,0,0,0,0,0,0,0,0,0,0,0,0,0,0,0.546000003814697,0,0,0,0,0,0,0,0,0,0,0,0,0,0,0,0,0,0,0,0,0,0,0,0,0,0,0,0,0,0,0,0,0,0,0,0,0,0,0,0,0,0,0
3530,1,20190502,18102,"D01",0,0,0,0,2.83200001716614,0.061999998986721,2.51300001144409,2.23099994659424,0.850000023841858,0,0,0.386999994516373,2.23799991607666,0,0,0,0,0,0,0,0,0,0,0,0,0,0,0,0,0,0,0,0,0,0,0.76800000667572,0.136999994516373,0,0,0.507000029087067,0,0.513000011444092,0,0,0,0,0,0,0.726000010967255,0,0,0,0,0.663999974727631,0,0,0,0,0.448000013828278,0,0.123000003397465,0,0,0,0,0,0,0,0,0,0.580999970436096,0,0,0,0,0,1.19000005722046,0,0,0.061999998986721,0,0,0,0,0,0,0,0,0,0,0,0
3530,1,20190502,18102,"D02",0,0,0,0,0,0,0,0,0,0,0,0,5.02299976348877,0,0.202000007033348,0,0,0,0,0,0,0,0,0,0,0,0,0,0,0,6.32999992370605,0,0,0,0,0,0,0,0,0,0,0,0,0,0,0,0,0,0,0,0,0,0,0,0,0,0,0,0,0,0,0,0,0,0,0,2.56800007820129,0,0,0,0,0,0,0,0,0,0,0,0,0,0,0,0,0,0,0,0,0,0,0,0,0
3530,1,20190502,18102,"D03",0,0,0,4.05399990081787,1.22699999809265,0.24600000679493,0,0,0,0,0.559000015258789,0,6.87799987196922,0.940999984741211,0,0,0,0,0,0,0,0,0,0,0,0,0,0,0,0,1.47200000286102,0.542999982833862,0,0,0,0,0.568000018596649,0,0,0,0,1.00600004196167,0,0,0,0,0,0,0,0,0,0,0,0,0,0,1.10800004005432,0,0,0,0,0,0,0,0,0,0,0,0,0,0,0,0,0,0,0,0,1.39300000667572,0.470999985933304,0,1.73699998855591,0,0,0,0,0,0,0,0,0,0,1.03999996185303
3530,1,20190502,18102,"D04",0,0,0,3.1029999256134,1.04999995231628,0.342000007629395,0,0,0.89300000667572,0,0,2.58100008964539,2.01599997282028,2.05999994277954,0,0,0,0,0,0,0,0,0.888999998569489,0,0,0,0,0,0,0,0,0,0,0,0,0,0,0,0,0,0,0,0,0,0,0,0,0,0,0,0,0,0,0,0,0,0,0,0,0,0,0,0,0,0,0,0,0,0,0,0,0,0,0,0,0,0,0,0,0,0,0,0,0,0,0,0,0,0,0,0,0
3530,1,20190502,18102,"D05",0,0,0,2.5239999294281,0.763999998569489,0.626999974250793,0,0,3.13499999046326,0,0,0,3.3970000743866,1.39200001955032,0.703999981284142,0,0,0,0,0.5,0,0.876999974250793,0,0,0,0,0,0,0,1.77600002288818,1.41600000858307,0,0,0,0,0.935000002384186,0,2.28500008583069,0.185000002384186,0,0,0.331999987363815,0,0,0,0,0,0,1.54499995708466,0,0,0,0,0,0,0,0,0,0,0,0,0,0,0,0,1.4210000038147,0.861999988555908,0,0,0,0.999000005424023,0,0,0,0,0.212999999523163,0.123000003397465,0,0,0,0,0,0,0,4.98400020599365,2.32599997520447,1.31700003147125,0,0,0,0,0
3530,1,20190502,18102,"D06",1.03000003099442,2.46100008487702,1.75999999046326,5.18699979782104,2.66099987924098,3.24200010299683,1.01900005340576,1.56000002473593,2.68900007009506,2.15600001811982,0,0,2.08099995553493,0,0,0,3.55100005865097,0,3.99900007247924,3.05399990081787,1.40600001811981,1.35500001907349,0.620999991893768,1.46500000357628,1.05599999427795,0,0,0,0,3.48300004005432,0.679000020027161,0.0900000035762787,1.07700002193451,1.9079999551177,0.123000003397465,1.36199997365475,1.8459999859333,0.725999981164932,0.808000028133392,2.68199992179871,0,0,0,0,0.717000007629395,0,0.674000024795532,0,2.44900000095368,0.7240000218153,1.88300001621247,1.82599997520447,1.817999958992,0.671000007539987,3.11100006103516,2.77900004386902,1.40600001811981,0,0,0,2.48799991607666,0.744000017642975,0.351000010967255,0,0.495999991893768,0,3.36700008809566,0,0,0,0,0,1.13900005817413,0.813000023365021,1.19400002993643,3.14000010490417,0,0,0.644000008702279,0.623000022023916,1.60799999535084,0.629000008106232,0,3.80800008773804,3.19499990344047,0,3.85999989509583,0,1.47300004959106,0.907000005245209,1.091000020504,2.22199994325638
3530,1,20190502,18102,"D07",0,0,0,1.44900000095367,0.123000003397465,0,0,0,0,0,0,0,4.69199991226196,0.718999981880188,0.17399999499321,0,0,0,0,0.870999991893768,0,0,0,0,0,0,2.0699999332428,0,0,0,2.85700011253357,0.508000016212463,0.739000022411346,0,0.662999987602234,0.123000003397465,0,0,0,5.13000011444092,0.61599999666214,0.839999973773956,0.137999996542931,0.462000012397766,0,0,0,0,0.850000008940697,0,0,0,0,0,0,0,0.449000000953674,3.547000028193,1.65700003504753,0,0,0,0,0,0,0,2.56399989128113,0.185000002384186,0,0,0,0,0,0,0,0.778999984264374,3.33699989318848,0.816999971866608,0.178000003099442,3.5479998588562,0,0,0,1.72800004482269,0.782999992370605,0,0,0.619000017642975,0,0,0.0590000003576279,1.00199997425079
3530,1,20190502,18102,"D08",0,0,0,7.82100021839142,0.24600000679493,0,0,0,0,0,0,0,0.377000004053116,0,0,0,0,0,0,0,0,0.137999996542931,0,0,0,0,0,0,0,0,0,0,0,0,0,0,0,0,0,1.02300000190735,0,0,0,0,0,0,0,0,3.59999990463257,1.16499996185303,0,0,0,0,0,0,0,5.28299999237061,0.217999994754791,0.667999982833862,0.625999987125397,0.99899998307228,2.1469999551773,0,0,0,0,0.725000023841858,0,0,0.686999976634979,1.19200003147125,0.342999994754791,1.03600001335144,1.76400005817413,0,0.61599999666214,0,0,0,0,0,0.123000003397465,0.368999987840652,0,0,0,0,0.34799998998642,1.69399994611741,1.14800000190735,1.46700000762939
3530,1,20190502,18102,"D09",0,1.06500005722046,0.700999975204468,14.8060002923012,7.75200009346008,9.4399995803833,3.50900006294251,6.41799998283386,6.38599979877472,4.29899990558625,4.40899986028671,7.35700007528067,7.60399982333184,11.0350003242493,2.192999958992,2.1359999999404,0.797999978065491,1.21099996566772,1.07400000095367,0.912000000476837,0.254000008106232,5.69800019264221,5.05699980258942,0,0.108999997377396,0,0,0,0,0,4.25,1.5110000371933,0,0,0,0,0,0,0,1.96800005435944,3.21500003337861,5.50400018692016,2.42300002276897,4.41600000858307,2.03199995309115,0,0,0.46000000834465,0,0,0,0,0,0,0,0,0,2.14800000190735,0.89300000667572,0.977999985218048,0.301999986171722,1.27699995040894,0,0,0,0,3.40199995040894,6.50299990177155,0.275000005960464,0,0,0.508000016212463,0,0,0,0,0,0,0,0,0.662999987602234,0,0,0,0,0,0,0,0,0,0,0
3530,1,20190502,18102,"D10",0.368999987840652,0.437000013887882,0,5.37699984014034,0,0,0,0,0,0,0,0,3.75300002098084,0,0,0,0,0,0,0,0,4.20300006866455,0,0,0,0,0,0,0,0,5.48200011253357,0.352000012993812,0,0,0,0,0,0.444000005722046,0,2.6340000629425,0,0,0,0,0,0,0,0,2.3289999961853,0.814000010490417,0,0,0,1.84099996089935,0,0,0.224999994039536,0,1.32599997520447,0,0,0,0,0,0,0,3.67600011825562,0,0,0,0,0.513000011444092,0,0,0,0.861999988555908,0,0,0,0,0.495999991893768,0,0,1.89300000667572,0.0230000000447035,0,0,0,0,0,0,0
3530,1,20190502,18102,"D11",0,0,0,1.66600000858307,0,0,2.74200010299683,0.860000014305115,0.829999983310699,0,0,3.40499997138977,0.965000018477439,0.23199999332428,0.382999986410141,0,0,0,0,0,0,3.34400010108948,0,1.17200005054474,0.936999976634979,0.546000003814697,0,0,0,2.89499998092651,0.504000008106232,0,0.510999977588654,0,0,0,0,0,0,0,0,0,0,0,0,0,0,0,0,0,0,0,0,0,0,0,0,0,0,0,0,0,0,0,0,0,0,0,0,0,0,0,0,0,0,0,0,0,0,0,0,0,0,0,0,0,0,0,0,0,0,0
3530,1,20190502,18102,"D12",0,0,0,2.8199999332428,0,0,0,0,0,0,0,0,4.53499984741211,0,0,0,0,0,0,0,0,4.73999977111816,0,0,0,0,0,0,0,0,2.27800011634827,0.619000017642975,0.61599999666214,0,0,0,0,0.626999974250793,0.199000000953674,0.773999989032745,0,0,0,0.244000002741814,0,0,0.493000000715256,0,1.77899997681379,0.321999996900558,0.270999997854233,0,3.10899996757507,3.34099996089936,2.52099990844727,1.91100001335144,0,0,0,0,0,0,0,0,0,0,3.37400007247925,0.580999970436096,0.407999992370605,0,0,0,0,0,0,1.75199997425079,0,0,0,0,0,0.46900001168251,0,1.21300005912781,2.40900003910065,0.537999987602234,0,0,0,0,0,0
3530,1,20190502,18102,"E01",0,0,0,1.09300005435944,0.17399999499321,0,0,0,0,0,0,0,0,0,0,0,0,0,0,0,0,0,0,0,0,0,0,0,0,1.48300004005432,2.07500004768372,1.55499994754791,2.76300001144409,0,0,0,0,0,0,0,0,0,0,0,0,0,0,0,0,0,0,0,0,0,0,0,0,0,0,0,0,0,0,0,0,0,1.25800001621246,0,0,0,0,0,0,0,0,0,4.41599988937378,0,0,0,0,0,0,0,2.55299997329712,3.38599991798401,0.924000024795532,0,0,0,0,0
3530,1,20190502,18102,"E02",0,0,0,4.96199989318848,0,0,0,0,0,0,0,0,2.57800006866455,0.354000002145767,0,0,0,0,0,0,0,5.73199987411499,0.061999998986721,3.34999990463256,0.823000013828278,0.586000025272369,0,0,0,2.15899991989136,0.219999998807907,0,0,0.722000002861023,1.93900001049042,1.77699995040894,0,0,0,0,0,0,0,0,0,0,0,0,5.67899990081787,0,0,0,0,0,0,0,1.14900004863739,2.92500001192093,1.31099998950958,1.95099997520447,0.275000005960464,0,0,0,0,0,1.01600003242493,0,0,0,0,0,0,0,0,2.42899990081787,1.39200001955032,0,0.697000026702881,2.70600008964539,0.864000022411346,0,0,2.71000003814697,0.801999986171722,0,0,0,0,0,0,0
3530,1,20190502,18102,"E03",0,0,0,4.41800022125244,0,0,0.816999971866608,0.256000012159348,0.061999998986721,0,0,0,5.00600004196167,0.71399998664856,0.985000014305115,0,0,0,0,0,0,0,0,0,0,0,0,0,0,0,0,0,0,0,0,0,0,0,0,0,0,0,0,0,0,0,0,0,0,0,0,0,0,0,0,0,0,0,0,0,0,0,0,0,0,0,0,0.388999998569489,0,0,0,0,0,0,0,0,0,0,0,0,0,0,0,0,0,0,0,0,0,0,0,0
3530,1,20190502,18102,"E04",0,0,0,4.05700016021729,0,0,0,0,0,0,0,0,4.49100017547607,0.226999998092651,0,0,0,0,0,0,0.426999986171722,0,0,0,0,0,0,0,0,0,0,0,0,0,0,0,0,0,0,0,0,0,0,0,0,0,0,0,0,0,0,0,0,0,0,0,0,0,0,0,0,0,0,0,0,0,0,0,0,0,0,0,0,0,0,0,0,0,0,0,0,0,0,0,1.85099995136261,0,0,0,0,0,0,0
3530,1,20190502,18102,"E05",0,0,0,0.412999987602234,0,0,0,0,0,0,0,0,0,0,0,0,0,0,0,0,0,2.55399990081787,0,0,0,0,0,1.04700005054474,0,0,0.146999999880791,0.586000025272369,0,0,0,0,0.617999970912933,0,0,1.40400004386902,0.123000003397465,0,0,0,0,0,0,0,0.61599999666214,0,0,0,0,0,0,0,0,0,0,0,0,0,0,0,0,0,0,0.943000018596649,0,0,0,0,0,0,0,0,0,0,0,0,0,0,0,0,0,0,0,0,0,0,0,0
3530,1,20190502,18102,"E06",0,0,0,3.04999995231628,0,0,0.994000017642975,0,6.03099989891052,0,0,0,0.944999992847443,0,0,0,0,0,0,0,0,0.061999998986721,0,0,0,0.123000003397465,0.481000006198883,0,0,0.333000004291534,0,0,0,0,0,0,0,0,0.34799998998642,0.17399999499321,0.17399999499321,0,0,0,0,0,0,0,0.662999987602234,0,0,0,0.254000008106232,0,0,0,0,0,0,0,0,0,0,0,0,0,0.550999999046326,0.123000003397465,0,0,0,0,0,0,0,0.435999989509583,0,0,0,0,0,0,0,0,0.474000006914139,0,0,0,0,0,0,0
3530,1,20190502,18102,"E07",0,0,0,0,0,0,0,0,0,0,0,0,5.22599983215332,0,0,0,0,0,0,0,0,0,0,0,0,0,0,0,0,0,0,0,0,0,0,0,0,0,0,0,0,0,0,0,0,0,0,0,0,0,0,0,0,0,0,0,0,0,0,0,0,0,0,0,0,0,0,0,0,0,0,0,0,0,0,0,0,0,0,0,0,0,0,0,0,0,0,0,0,0,0,0
3530,1,20190502,18102,"E08",0,0,0,4.50599992275238,1.63800001144409,0.642000019550323,0.26800000667572,0,0,0,0,0,0.228000000119209,0,0,0.794000029563904,1.89500005543232,0.569999992847443,0.0280000008642673,0.709999978542328,0,5.08099979162216,2.51300001144409,2.34599995613098,0.924000024795532,0,0,0,0,0,0.568000018596649,0,0,0,0,0,0,0,0,3.85000002384186,3.84799993038178,1.69400000572205,2.01300001144409,6.9119999408722,5.08300012350082,2.57800006866455,1.87200003862381,2.58199992775917,7.15599989891053,3.52199995517731,3.53699994087219,1.91299998760223,3.30900001525878,3.25,5.64999997615814,4.19400012493133,5.13799992203712,0,5.89799976348877,5.61400008201599,1.0809999704361,3.92200005054474,1.79700005054474,3.12599992752075,3.62099999189377,0.370999991893768,7.55800008773804,3.20700001716614,2.74300003051758,4.90199995040894,5.69200003147125,4.89999985694885,1.50100003927947,3.15100008249283,2.82100006937981,5.53199979662895,3.51899993419648,2.00599998235703,6.00099980831147,2.49699997901916,6.2279999256134,2.76999999582767,4.2289999127388,10.0049996376038,1.21800005435944,0.448000013828278,2.84600007534027,4.83100008964538,5.98699986934662,5.75400006771087,5.78800010681152,2.22499996423722
3530,1,20190502,18102,"E09",0,0,0,0,0,0,0,0,0,0,0,3.82500004768372,1.45700000971555,0,0,0,0,0,0,0,0,2.72900009155273,0,0.367000013589859,0,0.815999984741211,1.9539999961853,0,0,0,3.65899991989136,0.061999998986721,0,0.0280000008642673,0,0,0.545000016689301,1.34099996089935,5.91299998760223,1.76300001144409,0.609000027179718,0.774999976158142,0,1.15299999713898,0,0.331000000238419,0.123000003397465,0.275000005960464,4.39199995994568,0,0,0,0,0,0,0,0,0,0,0,0,0,0,0,0,0,4.99700021743774,0.158999994397163,0,0,0,0,0,0,0,0.981000006198883,0,0,0,0,0,0,0,2.00600004196167,0.10700000077486,0,0,0,0,0,0,0
3530,1,20190502,18102,"E10",0,0,0,2.4539999961853,0.275000005960464,0.38400000333786,0,0,0,0,0,0,2.92799997329712,1.0819999948144,0,0,0,0.368999987840652,0,0.17399999499321,0,0.725000023841858,0.222000002861023,1.0900000333786,0.17399999499321,0.123000003397465,0,0.388999998569489,0,0,0,0,0,0,0,0,0,0,0,1.75399994850159,0,0,0,0,0,0,0,0,0,0,0,0,0,0,0,0,0,0,0,0,0,0,0,0,0,0,0,0,0,0,0,0,0,0,0,2.58199998736382,0,0,0,0,0.508000016212463,0,0,1.1710000038147,1.11000001430511,0.275000005960464,0.507000029087067,0,0,0,0,0
3530,1,20190502,18102,"E11",0,0,0,0,1.81099998950958,0.061999998986721,0,0,0,0,0,0,1.81200003623962,0.61599999666214,0.955999970436096,0,0,0,0,0,0,1.87899994850159,0,0,2.10999992489815,1.74699997901917,1.94599997997284,0,0.751999974250793,0.0329999998211861,1.81400001049042,1.15499997138977,1.88900005817413,0,0,1.09800004959106,0.368999987840652,0.137999996542931,0.531000018119812,1.8400000333786,0,0,0,0,0,0,0,0,4.88000011444092,1.25800001621246,0.574000000953674,0,0,0,0,0,0,0.495999991893768,0,0.17399999499321,0,0,0,0,0,0,4.30499982833862,0.222000002861023,0,0,0,0,0,0,0,2.71900010108948,0,0,0,0,0,0,0,0,0.592000007629395,0,0,0,0,0,0.123000003397465,0
3530,1,20190502,18102,"E12",0,0,0,0,0,0,0,0,0,0,0,2.14800000190735,0.470999985933304,0,0,0,0,0,0,0,0,4.33500003814697,1.47800004482269,0,0,0,0,0,0,0,2.74399995803833,0,0,0,0,0,0,0,0,2.38100004196167,0.0640000030398369,0,0,0,0,0,0,0,0,0,0,0,0,0,0,0,0,0,0,0.615000009536743,0,1.25300002098083,1.90900003910065,0,0,0.388999998569489,0.628000020980835,2.28500008583069,1.12300002574921,0,0,0,0,0,0,0,0,0,0,0,0,0,0,0,0,0.717999994754791,0,0,0,0,0,0
3530,1,20190502,18102,"F01",0,0,0,3.94099992513656,2.63499999046326,0.995000004768372,7.65799987316131,1.2430000398308,6.17300003767013,5.2879998087883,2.80299997329712,1.02600002288818,8.03700017929077,0.791000008583069,1.27799999713898,0,0,0,0,0,0,2.64199995994568,0,2.64400005340576,3.05199998617172,1.56599998474121,3.57799988985061,1.33800005912781,5.83199989795684,2.17300009727478,5.41600021719932,0.0949999988079071,2.96600003540516,3.30599999427795,3.37900000810623,2.2260000705719,1.76800000667572,1.66400003433228,2.07199996709824,5.67099982500077,5.47100007534027,0.791000008583069,0.296999990940094,1.09800004959106,0,0,0,0,0,0,0,0,0,0,0,0,0,0,0,0,0.697000026702881,1.30599999427795,0,0,0,0,0,0,0,0,0,0,0,0,0,0,0,0,0,0,0,0,0,0,0,0,0,0,0,0,0,0
3530,1,20190502,18102,"F02",0,0,0,4.92600011825562,0.888000011444092,0.248999997973442,0,0.544000029563904,0,0,0,2.72399997711182,1.83700001239777,2.0180000141263,1.26800000667572,0,0.739000022411346,1.73400002717972,1.01600003242493,0,0,0,0,0,0,0,0,0,0,0,0,0,0,0,0,0,0,0,0,0,0,0,0,0,0,0,0,0,0,0,0,0,0,0,0,0,0,0,0,0,0,0,0,0,0,0,0,0,0,0,0,0,0,0,0,0,0,0,0,0,0,0,0,0,3.94000005722046,1.61400005221367,0.268999993801117,0,0,0,0.551999986171722,0
3530,1,20190502,18102,"F03",0,0,0,4.3289999961853,0.248999997973442,0,0,0,0,0,0,0,6.08300018310547,0.0120000001043081,0.0710000023245811,0,0,0,0,0,0,0,0,0,0,0,0,0,0,0,0,0,0,0,0,0,0,0,0,0,0,0,0,0,0,0,0,0,0,0,0,0,0,0,0,0,0,0,0,0,0,0,0,0,0,0,0,0,0,0,0,0,0,0,0,0,0,0,0,0,0,0,0,0,0,0,0,0,0,0,0,0
3530,1,20190502,18102,"F04",0,0,0,2.11899995803833,0.96399998664856,0.30799999833107,1.23099994659424,0.24600000679493,1.35500001907349,0,0,0,3.57299995422363,0,0,0,0,0,0,0,0,3.58299994468689,0,0,0,0,1.41299998760223,0,0,0,3.89800000190735,0,0,0,0,0,0,0,0,4.66099977493286,0,0,0,0,0,0,0,0,0,0,0,0,0,0,0,0,0,0,0,0,0,0,0,0,0,0,0,0,0,0,0,0,0,0,0,0,0,0,0,0,0,0,0,0,0,0,0,0,0,0,0,0
3530,1,20190502,18102,"F05",0,0,0,4.10699987411499,0,8.37600016593933,26.9519996643067,22.4940004348755,19.3860001564026,0,0,0,1.85599994659424,0,0,0,0,0,0,0,0,0,0,0,0,0,0,0,0,0,0,0,0,0,0,0,0,0,0,0,0,0,0,0,0,0,0,0,5.07800006866455,0,0,0,0,0,0,0,0,0,0,0,0,0,0,0,0,0,0,0,0,0,0,0,0,0,0,0,0,0,0,0,0,0,0,0,0,0,0,0,0,0,0,0
3530,1,20190502,18102,"F06",0,0,0,0,0,0.503000020980835,2.97699999809265,0.712000012397766,2.65700006484985,0,0,0,3.50200009346008,1.76199996471405,1.06099998950958,0,0,0,0,0,0,0,0,0,0,0,0,0,0,0,0,0,0,0,0,0,0,0,0,0,0,0,0,0,0,0,0,0,0,0,0,0,0,0,0,0,0,0,0,0,0,0,0,0,0,0,0,0,0,0,0,0,0,0,0,0,0,0,0,0,0,0,0,0,0,0,0,0,0,0,0,0
3530,1,20190502,18102,"F07",0,0,0,2.85800004005432,0,18.7609996795654,14.9759998321533,20.0069994926453,20.6789999008178,0,0,0,2.33100008964539,0,0,0,0,0,0,0,0,2.34000001847744,0,0,0,1.42900002002716,0,0,0,0,1.25800001621246,0,0,0,0,0.896000027656555,0,0.61599999666214,0.123000003397465,0,0.550999999046326,0.17399999499321,0,0,0.749000012874603,0,0,0,1.15299999713898,1.55400002002716,0.717999994754791,0,0,0,0,0,0,0.123000003397465,0,0,0,0,0,0,0,0,0,1.12100005149841,0,0,0,0,0,0,0,1.00999999046326,0,0,2.15799999237061,1.64600002765656,0,0,0,0,0,0,0.30799999833107,0,0,0,0,0
3530,1,20190502,18102,"F08",0,0,0,2.75500011444092,0,3.40699994564056,7.49000000953674,6.05399990081787,6.95099985599517,0,0,2.09100008010864,14.6940002441406,0,0,0,0,0,0,0,0,2.1489999294281,0,0,0,0,0,0,0,0,2.04299998283386,0,0,0,0,0,0,0,0,4.54999977350235,0,0,0,0,0,0,0,0,4.77899980545044,1.67500004172326,0.133000001311302,0,0,0,0,0,0,1.81200003623962,0.375,0,0.211999997496605,0.344999998807907,0,0,0,0,3.95799994468689,0,0,0,0,0,0,0,0,0.209999993443489,0,0,0,0,0,0,0,1.04299998283386,1.21399998664856,0,0,0,0,0,0,0
3530,1,20190502,18102,"F09",0,0,0,7.18999981880188,2.8309999704361,3.0900000333786,5.23599982261658,2.6729999780655,7.23100018501282,0,0,0,7.04999995231629,1.08700001239777,0.0540000014007092,0,0,0,0,0,0,5.4329999089241,0.352999985218048,0,0.755999982357025,0.469999998807907,0.061999998986721,0,0,0,4.02899980545044,0,0,0,0,0,0,0,0,4.61600017547607,0,0,1.61200001835823,0,0.486999988555908,0,0,0,8.1879997253418,0.699000000953674,0,0,0,0,0,0,0,0,0,0,0,2.61199998855591,0,0,0,1.07099997997284,5.08999991416931,0.642000019550323,1.1599999666214,0,0,0,4.0600000321865,0.674000024795532,2.11800003051758,2.0090000629425,0,0,0,0,0,0,2.35599994659423,3.3659999370575,0.388000007718802,0,1.26099997758865,0,0.773000001907349,0,0,0
3530,1,20190502,18102,"F10",0,0,0,0,0,0,0,0,5.97100019454956,1.48299996554852,4.03000009059906,0.0359999984502792,5.50599989295006,0.230000004172325,1.49199998378754,0,0,0,0,0,0,3.81100003421306,0,0,0,0,0.0790000036358833,0,0,0,5.24200010299683,0,0.953000009059906,0,0,0,0,0,0,0.593999981880188,0,0,0,0,0,0,0,0,0,0.435000002384186,0,0,0,0,0,0,0,0,0,0,0,0,0,0,0,0,0,0,0,0,0,0,0,0,0,0,0,0,0,0,0,0,0,0,0,0,0,0,0,0,0,0
3530,1,20190502,18102,"F11",0,0,0,4.66800022125244,0.30799999833107,5.88600027561188,23.3860001564026,24.798999786377,18.6409997940064,0,0,0,1.11199998855591,1.30099999904633,0.802999973297119,0,0.60699999332428,0.17399999499321,0,0,0.224999994039536,0,0,0,0,0,0,0,0,0,0,0,0,0,0,0.628000020980835,0,0.17399999499321,0,3.51399993896484,0,0,0,0,0,0,0,0,0,0,0,0,0,0,0,0.412999987602234,0.24600000679493,0.952000021934509,0.239999994635582,0,0.368999987840652,0.441000014543533,0,0,0,0,2.28999996185303,0,0,0,0,0.559000015258789,0,0,0,1.34399998188019,0.214000001549721,0.229000002145767,0.800999999046326,0.202999994158745,1.28900003433228,0,0.347000002861023,0,0.61599999666214,0.185000002384186,0.716000020503998,0,0,0.560000002384186,0,0
3530,1,20190502,18102,"F12",0,0,0,11.9930000305176,3.00699996948242,16.2859997749328,19.5930004119873,11.0859999656677,20.348000049591,0,0,0,0,0,0,0,0,0,0,0,0,0,0,0,0,0,0,0,0,0.508000016212463,1.11000002175569,0,0,0,0,0,0,0,0,0,0,0,0,0,0,0,0,0.962000012397766,0,0,0,0,0,0,0,0,0,0,3.36500000953674,0,0,2.4780000448227,1.10099995136261,0,0,0,0,0,0,0,0,0,0,0,0,2.71199989318848,0.137999996542931,0,0,0,0,0,0,0,0,0,0,0,0,0,0,0
3530,1,20190502,18102,"G01",0,0,0,0,0,4.20900011062622,0,0.17399999499321,0,0,0,0,17.1040000915527,0,0,0,0,0,0,0,0,4.15100002288818,1.54999995231628,0.46900001168251,0.888000011444092,0,0,0,0,0,4.11800003051758,1.27799999713898,0.395999997854233,0,0,0,0,0,0,5.19099998474121,0,0,0.119999997317791,0.342000007629395,0.430000007152557,0,0,0,4.39799976348877,0,0,0,0,0,0,0,0,0,0,0,0,0,0,0,0,0,2.08800005912781,0,0,0,0,0,0,0,0,0,0,0,0,0,0,0,0,4.73400020599365,0.156000003218651,0.0949999988079071,0,0,0,0,0,0
3530,1,20190502,18102,"G02",0,0,0,3.00799989700317,0,0.565999984741211,0.84799998998642,0.432000011205673,1.50199997425079,0,0,0,4.59700012207031,1.46800005435944,0.58899998664856,0,1.60099995136261,1.94000005722046,0.508000016212463,1.10800004005432,1.47800004482269,0,0,0,0,0,0,0,0,0,1.31700003147125,1.7960000038147,1.16799998283386,0,0,0,0,0.34799998998642,0,0,0,0,0,0,0,0,0,0,2.89100003242493,0.577000021934509,0.638000011444092,0,0,0,0,0,0,1.45200002193451,1.09599995613098,2.71300005912781,0.061999998986721,0,0,0,0,0,0,0,0,0,0,0,0,0,0,0,0.388999998569489,0,0,0,0,0,0,0,0,1.21399998664856,0.595000028610229,0,0,0,0,0
3530,1,20190502,18102,"G03",0,0,0,4.09100008010864,0,0,0,0,0,0,0,0,2.67499995231628,0,0,0,0,0,0,0,0,2.48399996757507,0.702000021934509,0.739000022411346,0.739000022411346,2.76999998092651,0.0850000008940697,0,0,0,0.558000028133392,0,0,0,0,0,0,0,0,0,0,0,0,0,0,0,0,0,0,0,0,0,0,0,0,0,0,0,0,0,0,0,0,0,0,0,0,0,0,0,0,0,0,0,0,0,0,0,0,0,0,0,0,0,0,0,0,0,0,0,0,0
3530,1,20190502,18102,"G04",0,0,0,3.89599990844727,0.663999974727631,0,0,2.04999995231628,0.324000000953674,0,0,1.8309999704361,1.33300004154443,1.2150000333786,0.570999979972839,0,0,0.624000012874603,0.137999996542931,0,0,0,0,0,0,0,0,0,0,0,0,0,0,0,0,0,0,0,0,0,0,0,0,0,0,0,0,0,0,0,0,1.00199997425079,0,0,0,0,0,1.51600003242493,0.344999998807907,0,0,0,0,0,0,1.96399998664856,0.915000021457672,1.71199998259545,1.32100001722574,0,0.44200000166893,0,0,0,0,3.93699990212917,2.27500003576279,2.16599994897842,1.35500001907349,0,0,0,0,2.86000001430512,2.19600000977516,10.9629999399186,1.52399997413158,1.71999996900558,2.0040000230074,2.68299996852875,6.43299984931946,7.76600003242493
3530,1,20190502,18102,"G05",0,0,0,0,0,0,0,0,0,0,0,0,0,0,0,0,0,0,0,0,0,0,0,0,0,0,0,0,0,0,0,0,0,0,0,0,0,0,0,0,0,0,0,0,0,0,0,0,0,0,0,0,0,0,0,0,0,0,0,0,0,0,0,0,0,0,0,0,0,0,0,0,0,0,0,0,0,0,0,0,0,0,0,0,0,0,0,0,0,0,0,0
3530,1,20190502,18102,"G06",0,0,0,0,0,2.04399991035461,0,0,0.061999998986721,0,0,0,3.16700007766486,0,0,0,0,0,0,0,0,1.99500000476837,0.282000005245209,1.03400003910065,0.465999990701675,0.131999999284744,0.781000018119812,0,0,1.46000003814697,1.86500000953674,0,0,0,0,0,0,0,0,0,0,0,0,0,0,0,0,0,0.847000002861023,0,0,0,0,0,0,0,0,0,0,0,0,0,0,0,0,0,0,0,0,0,0,0,0,0,0,0,0,0,0,0,0,0,0,0,0,0,0,0,0,0,0,0
3530,1,20190502,18102,"G07",0,0,0,2.90799999237061,0,0,0,0,0,0,0,0,4.80800008773804,0.563000023365021,0,0,0,0,0,0,0,0,0,0,0,0,0,0,0,0,0,0,0,0,0,0,0,0,0,0,0,0,0,0,0,0,0,0,0,0,0,0,0,0,0,0,0,0,0,0,0,0,0,0,0,0,0,0,0,0,0,0,0,0,0,0,0,0,0,0,0,0,0,0,0,0,0,0,0,0,0,0
3530,1,20190502,18102,"G08",0,0,0,5.27199983596802,0.991999983787537,0.312999993562698,0,0,0,0,0,0,0,0,0,0,0,0,0,0,0,0,0,0,0,0,0,0,0,0,0,0,1.00100004673004,0,0.77700001001358,0,0,0,0,2.80500012636185,0,0,0,0,0,0,0,0,7.57400012016297,1.53100001811981,0.061999998986721,0,0,0,0,0,0,0,0.282000005245209,0,0.17399999499321,0.333000004291534,0.873000025749207,0,0.522000014781952,1.29399999976158,4.22399997711182,4.07400008291006,3.00999999046326,0,0,0,0,0,0,0,0,0,0,0,0.493000000715256,0,0,0,0.892000019550323,0.30799999833107,0.0379999987781048,0,0,0.680000007152557,0,0
3530,1,20190502,18102,"G09",0,0,0,1.84700000286102,0,0.388999998569489,0,0,0,0,0,0,0.331999987363815,0,0,0,0,0,0,0,0,0,0,0,0,0,0,0,0,0,0,0,0,0,0,0,0,0,0,0,0,0,0,0,0,0,0,0,0,0,0,0,0,0,0,0,0,0,0,0,0,0,0,0,0,0,0,0,0,0,0,0,0,0,0,0,0,0,0,0,0,0,0,0,0.825999975204468,0,0.185000002384186,0,0,0,0,0
3530,1,20190502,18102,"G10",0,0,0,3.60999989509583,1.60899996757507,0.30799999833107,0,0,0,0,0,0,2.35500001907348,0,0,0,0,0,0,0,0,0.896000027656555,0.497000008821487,0.206000000238419,0,0.476999998092651,0.833999991416931,0,0,0,3.61300006508827,0.620000004768372,0.0109999999403954,0,0.609000027179718,0,0.29899999499321,0.754000008106232,0.493000000715256,3.78100001811982,1.47300004959106,0.234999999403954,0.203999996185303,1.22699999809265,0.196999996900558,0,0,0,1.26800000667572,0,0.275000005960464,0,0,0,0,0,0,0,0.104000002145767,0.137999996542931,0.384999990463257,0.398000001907349,0.493000000715256,0,0,0,0.73199999332428,0,0,0,0,0,0,0,0,0.75900000333786,0.372999995946884,0.0359999984502792,0,0,0,0,0,1.20500004291534,2.93999990820885,0.973999977111816,0.617999970912933,1.27499997615814,0.957000017166138,1.65099999308586,2.62299996614456,0.689000010490417
3530,1,20190502,18102,"G11",0,0,0,3.625,0,0,0.924000024795532,0,0,0,0,0,1.69200003147125,0,0,0,0,0,0,0,0,2.08299994468689,0,0,0,0,0.188999995589256,0,0,0,0,0,0,0,0,0,0.137999996542931,0,0,3.51200010627508,3.00399994850159,1.24899995326996,0.925999999046326,1.05400002002716,1.55400002002716,0,0,0,1.8400000333786,0.061999998986721,0.508000016212463,0,0,0,0,0,0,1.92599999904633,1.62100005149841,0.24600000679493,0.324000000953674,0.684000015258789,1.64800000190735,0,0,0,2.13499999046326,0.75900000333786,0,0,0,0,0,0.342000007629395,0,0,0,0,0.34799998998642,0,0,0,0,0,0.912999987602234,0,0,0,0,0,0,0
3530,1,20190502,18102,"G12",0,0,0,0,0,2.44400000572205,0.0869999974966049,0,0,0,0,0,2.67499995231628,0.85699999332428,1.34300005435944,0,0,0,0,0,0,1.86300003528595,0.5,1.58299994468689,0,0,0,0,0,0,0.456000000238419,0.17399999499321,0,0,0,0,0,0,0,0.123000003397465,0,0,0,0,0,0,0,0,0.435999989509583,0,0,0,0,0,0,0,0,0,0,0,0,0,0,0,0,0,0,0,0,0,0,0,0,0,0,0,0,0,0,0.791000008583069,0,0,0,0,0,0,0,0,0,0,0,0
