chemical.id,bottle.id,conc,plate.id,well,t1,t2,t3,t4,t5,t6,t7,t8,t9,t10,t11,t12,t13,t14,t15,t16,t17,t18,t19,t20,t21,t22,t23,t24,t25,t26,t27,t28,t29,t30,t31,t32,t33,t34,t35,t36,t37,t38,t39,t40,t41,t42,t43,t44,t45,t46,t47,t48,t49
3530,C125605,0,18034,H01,0,0,8.2899304375,0,0,0,0,0,0,9.201388125,0,0,0,0,6.7491246875,0.303819375,5.64235375,0,0,8.0512135625,0.0868055625,0,0,0,0,4.4921875,0.75954875,8.5503425,0.021701375,7.8342028125,0,0,0,0,0,0,0,0,0,0,0,0,0,0,0,0,0,0,0
3530,C125605,0,18034,H02,0,0,0,0,0,0,0,5.16493025,0.0651040625,0,0,0,0,0,6.0112840625,0.390625125,0,0,0,0,0,0,0,8.8541780625,0,0,0,3.99305575,0,0,0,0,0,0,0,0,0,0,0,0,0,0,0,0,0,0,0,0,0
3530,C125605,0,18034,H03,0,0,0.021701375,0,7.00955,0,0,0,0,0,0,0,0,0,0,0,0,0,0,0,0,0,0,0,5.881075,2.191840625,2.7560745,0,0,0,0,4.730901875,4.687501875,0,0,0,0,0,0,0,0,0,0,0,0,0,0,0,0
3530,C125605,0,18034,H04,0,11.545136875,0,0,0,0,0,0,0,12.15275,0,4.6006954375,0,0,12.5434260625,0,0,0,0,0,0,11.219596875,0,0,0,0,0,0,0,5.36024375,0.021701375,0,4.448784375,0.1519098125,3.81944375,5.750867,0.455729375,0,0,0,0,0,0,0,0,0,0,0,0
3530,C125605,0,18034,H05,0,0,0,19.0755246875,0,0,0,0,0,0,0,15.3428746875,0,0,0,16.4279760625,0,0,7.0095475,0.021701375,0,0.021701375,17.860241875,0,0,0,0,25.7595745,0,0,0,0,0,0,0.021701375,0,0,0,0,0,0,0,0,0,0,0,0,0,0
3530,C125605,0,18034,H06,0,0,0,0,5.9895804375,0,5.9678846875,0,0,11.8489590625,0.0651040625,0,0,0,0,3.92795325,0.021701375,0,0,12.10936525,13.3029665625,0.3255209375,0,13.3463465625,0.021701375,0.065104125,0.021701375,0,0,8.506940625,4.5355878125,0,0,0,0,0.021701375,0,0,0,0,0,0,0,0,0,0,0,0,0
3530,C125605,0,18034,H07,0,0,0,0,0,0,0,0,0,0,0,0,0,0,15.7768996875,0,3.3637153125,0,0,0,6.01129875,13.151013125,3.64583575,0.021701375,3.1467025,0,0,0,0.021701375,0,0,0,0,0,0,0,0,0,0,0,0,0,0,0,0,0,0,0,0
3530,C125605,0,18034,H08,0,0,13.84551075,0.021701375,0,0,0,0,0,0,0,13.411478125,1.5842015625,0,0,0,0,0.04340275,0,0,16.9053753125,0.1736110625,0,0,0,0,15.342875,2.473957625,0,13.3680534375,0,0,0,0,0,0,0,0,0,0.021701375,0,0,0,0,0,0,0,0,0
3530,C125605,0,18034,H09,0,0,0,0,14.366338875,0.6510428125,0,0,0,0,0,0,12.5868121875,6.5321175,0,0,0,10.5251734375,0.1736110625,0,0,0,11.4583496875,28.6023928125,17.013873125,0,0,0,0,0,0,0,7.443584375,39.843722125,42.361077625,8.0512140625,0,0,0,0,0,0,0,0,0,0,0,0,0
3530,C125605,0,18034,H10,0,0,0,0,0,0,0,0,0.0651040625,5.7725679375,1.5408,13.6284865625,0,0,0,0,0,0,7.3784835625,0,0,0,0,0,21.5277909375,0.021701375,0,0,0,0,0,0,4.68749825,16.2760691875,24.435771875,0,0,0,0,0,0,0,0,0,0,0,0,0,0
3530,C125605,0,18034,H11,0,0,16.840295625,0.520833375,0.021701375,0,0,0,0,0,14.431420125,0,0,15.16925575,0,0,0,0,0,0,0,0,0,4.18836875,1.1067710625,0,0,0,13.736982,0,0,0,0,0,0,0,0,14.9088621875,0,0,0,0,0,0,0,0,0,0,0
3530,C125605,0,18034,H12,0,0,0,8.0946048125,0.0651040625,0,0,0,0,2.4305555625,0,2.1918398125,0.021701375,0,0,0,10.3949715625,0,0,0,0,0,0,0,5.1215298125,0,0,4.6658010625,10.56858125,1.345487125,5.3819435625,0,0,2.842880625,0.368923375,0,0,0,0,0,0,0,0,0,0,0,0,0,0
3530,C125605,0,18035,H01,2.235242,0,0,2.58246875,0,0,0,2.7777778125,0,0,2.64756875,0,0,1.236978125,2.777776375,0,0,2.170138125,0,0,0,0,2.8862853125,0,0,1.953125,0,0,0,0,2.7777790625,0,0,0,0,1.93142325,0,0,0,0,0,0,0,0.021701375,0,0,0,0,0
3530,C125605,0,18035,H02,0,16.666661875,0,0,0,0,13.5199571875,0,0,0,0,0,15.6467059375,0,0,0,0,0,0,15.2343621875,0.086805625,0,0,14.06249375,0,0,0,0,0,5.186625,14.6050275,0,0,12.955720875,13.60675,2.777778125,0,0,0,0,0,0,0,0,0,0,0,0,0
3530,C125605,0,18035,H03,0,0,0,0,9.09289375,6.814247625,0,0,0,0,0,0,4.991319,0,17.578150625,0,0,0,0,0,0.021701375,17.38283,0,0,0,5.5338546875,0,16.6883821875,0,0.021701375,0,0,19.53126075,10.1345473125,0.2387153125,0,0,0,0,0,0,0,0,0,0,0,0,0,0
3530,C125605,0,18035,H04,15.4079891875,0.1085069375,0,0,0,0,0,0,0,0,0,0,0,14.431420125,0,0,1.193575,13.671884375,0,0,0,0,0,0,0,12.4349,1.97482875,0,0,0,0,0,0,0,0,0,0,0,0,0,0,0,0,0,0,0,0,0,0
3530,C125605,0,18035,H05,0,12.478309375,3.12500125,0,0.021701375,0,0,0,15.4947916875,0,0.021701375,17.252602,0.6727415625,0,0,16.514749375,0,0,0,0,0,0,0,0,0,0,0,0,20.746538875,0,13.693596875,0,0,0,0,0,0,1.64930625,0,0,0,1.041665625,0,0,0,0,0,0,0
3530,C125605,0,18035,H06,12.3697896875,0,0,0,0,0,0,0,0,3.2769071875,0,4.774305625,13.845513125,1.7361125,0,0,0,0,0,0,0,0,0,8.4852546875,0,0,0,0,0,0,3.6458328125,4.3402765625,2.1484371875,6.0980971875,0,0,0,2.777778125,0,0,0,2.387153125,0,0,0,0,0,0,6.5972253125
3530,C125605,0,18035,H07,0,18.2508696875,0.8029528125,0,17.4913225,0,0,0,0,0.021701375,0,18.5546684375,0.781249375,0,19.4227290625,0.4557290625,0,0,0,0,6.6623253125,0,0,18.749982625,1.6710059375,0,0,0,0,16.3411325,0.4774291875,0,0,0,0,0,0,0,0,0,0,0,0,0,3.9279653125,19.8350595,0,0,0
3530,C125605,0,18035,H08,0.021701375,0,0,0,0,0,0,0,0,0,0,0,0,6.076399375,0.8029513125,0,0,0,0,0,0,0,0,6.7057295,21.1154465,0.2604165625,0,0,0,0,0,0,6.727430625,6.7274325,0,0,0,0,0,0,0,0,0,0,0,0,0,0,0
3530,C125605,0,18035,H09,5.815975625,14.539928125,0,0,0,0,21.22397325,0,0,24.500878125,0.4774291875,0,0,22.22223,0,0,0,26.49740625,0,0,21.7882045,0,0,0,13.302934375,12.91231825,0,0,21.744774625,0,0,0,0,0,0,0,0,0,0,0.021701375,0.021701375,0,0,0,0,0,0,0,0
3530,C125605,0,18035,H10,0,0,14.56163125,0,0,13.60678125,0.651040625,24.04514375,0,0,0,0,0,3.45053125,7.486965,0,0,0,0,24.73955875,0,0,0,23.0903009375,0,0,0,0,0,0,0,21.0503684375,74.435770125,57.4652571875,0,0,0,0,0,0,0,0,0,0,0,0,0,0,0
3530,C125605,0,18035,H11,0,4.058157625,0.130208375,0,0,0,0,0,0,0,0,0,0,1.5842,3.732639375,2.9513871875,0,0,0,8.246521875,11.78384125,0,0,0,0,0,0,0,0,0,0,0,0,0,0,0,0,0,0,0,0,0,0,0,0,0,0,0,0
3530,C125605,0,18035,H12,0,0,0,0,0,0,0,0,0,0,0,0,0,0,0,0,0,0,0,0,0,0,0,0,0,0,0,0,0,0,0,0,0,0,0,0,0,0,0,0,0,0,0,0,0,0,0,0,0
3530,C125605,0,18038,H01,0,0,4.1449660625,0,0,0,0,0,11.111133125,2.64757125,0,0,5.7942684375,0,0,0,0,0,0,0,9.74394375,4.2534715625,0,0,0,0,0,0,0,4.03645875,0.2821181875,0,0,0,0,0,0,0,0,0,0,0,0,0,0,0,0,0,0
3530,C125605,0,18038,H02,15.2560965625,0,0,13.9973903125,1.302082625,0,0,0,4.6006925,0,0,0,0,13.7369875,0,0,0,5.33854375,0.36892375,0,14.691828125,1.280383125,0,0,4.904509375,0.2604165625,0,0,0,0,14.0190940625,0,0,0,0,0,0,0,0,0,0,0,0,0,0,0,0,0,0
3530,C125605,0,18038,H03,17.295999375,0,0,0,7.421864625,0,0,0.021701375,18.8368148125,0,0,0,0,7.2699575,0,0,17.0790191875,0.2604166875,0,0,0,0,0,0,0,18.641490625,0,0,8.268223125,0,0,0,0,0,0,0,0,0,0,0,0,0,0,0,0,0,0,0,0
3530,C125605,0,18038,H04,0,0,0,0,11.197906875,0,0,0,0,0,0,0,0,0.021701375,0,0,0,11.74046875,3.2769104375,0,0,0,0,0,0,0,0,8.2031125,3.0164934375,0,0,0,0,0,0,0.021701375,0,0,0,0,0,0,0,0,0,0,0,0,0
3530,C125605,0,18038,H05,0,0,0,0,0,0,0,0.4774303125,0,5.099812625,0,0,0,0,0,0,1.8229153125,0,0,0,5.6206515,0,0,0,4.64409825,0.5859374375,0,0,1.6927085625,0,0.2387153125,0,0,0,0,0,0,0,0,0,0,0,0,0,0,0,0.021701375,0,0
3530,C125605,0,18038,H06,0,0,7.0312490625,0,0,0,0,0,9.5920315,0,0,0,0,5.946178875,0,0,0,0,0,0,0,0,8.355037625,0,0,1.5625015625,0.195312625,0,6.94444375,0,0,0,0,0,0,0,0,0,0,0,0,0,0,0,0,6.7708336875,0,0,0
3530,C125605,0,18038,H07,0,0,16.0156153125,0.3255206875,0,0,0,0,16.40623525,0,0,0,0,0,0,0,7.37846875,7.747402,0,15.1041691875,0,0,0,0,0,0,0,6.206596875,0,0,0,0,0,0,0,0,0,0,0,0,0,0,0,0,0,0.021701375,0,0,0.021701375
3530,C125605,0,18038,H08,0.021701375,0,11.32812,0,0,0,0,12.4349021875,0,0.021701375,0,0,0,0,0,0,3.276909375,3.5373260625,0,0,11.95746,0,0,0,4.86111,2.213542,0,9.5920153125,0,0,0,0,3.68923375,1.671008875,0,0,0,0,0,0,0,0,0,0,0,0,0,0.520834375,0
3530,C125605,0,18038,H09,0,0.021701375,6.7274416875,0.13020825,0,11.6536509375,0,0,0,0,0,14.1927053125,0,0,11.63192325,1.4973975,0,0,0,0,13.8888759375,0.3689235625,0,0,0,0,0,0,0,0,0,0,0,0,0,0,0,15.8637159375,0,0,0,0,0,0,0,0,0,0,0
3530,C125605,0,18038,H10,0,0,0,0,7.8993116875,0.1085069375,0.021701375,0,0,0,0,11.4366335625,0,0,0,0,0.021701375,7.921006875,0.4123259375,0,0,12.456596875,0.086805625,0,0,0,0,0,0,2.712675,4.6875023125,0,0,0,5.881084375,6.4670009375,0,0,0,0,0,0,0,0,0,0,0,0,0
3530,C125605,0,18038,H11,0.1519098125,0,0,0,12.3914755625,6.18488125,2.235243125,0,0,0,7.3350715,0.0651040625,0,11.3715221875,0,0,0,0,0,0,0,0,0,8.832459375,2.5390629375,0,0,0,0,0,8.984367625,0,0,0,0,0,0,0,0,0,0,0,0,0,0,0,0,0,0
3530,C125605,0,18038,H12,0,0,13.2812628125,0,0,0,0,2.278646875,3.16840325,0,0,0,0,0,0,0,0,14.8871571875,15.3862804375,0,0,0,0,0,0,5.4470625,4.2968746875,0,0,0,0,0,19.8567684375,59.96090625,38.6501553125,22.3090184375,15.0824841875,0,0,0,0,0,0,0,0,0,0,0,0
3530,C125605,0,18039,H01,0,0,9.570319375,0,0,0,0,0,7.5954858125,0,0,0,0,0,0,0,0,0,0,0,0,0.0651040625,6.29340125,0,0,0,3.342015625,0.542535,2.473958875,0.021701375,0,0,0,0,0,0,0,0,0,0,0,0,0,0,0,0,0,0,0
3530,C125605,0,18039,H02,2.061632625,0,0,7.573784375,0,0,19.74826875,0.0868054375,0,0,0,0,0,9.700521875,0.5425345,0,0,0,0,17.6866246875,0,0,0,22.8298565625,0,0,0,0,8.289934375,0,0,0,1.106771875,15.36459375,21.679695125,0.021701375,0,0,0,0,0,0,0,0,0,0,0,0,0
3530,C125605,0,18039,H03,8.96267075,0,4.7092153125,2.5173590625,0,16.3411671875,0.151909625,0,0,0,0,0,10.9592290625,0.021701375,0,17.5564121875,0,0,0,0,0,6.4019218125,0,15.6466890625,0.021701375,0,0,0,0,0,0,0,0,0,0,0,0,0,0,0,0,0,0,0,0,0,0,0,0
3530,C125605,0,18039,H04,13.5850665625,0,0,0,0,16.406225,0,0,0,0,0,11.111115625,3.3854196875,0,0,0.021701375,0,15.494785,0.347221875,0,0,0,0,15.6466946875,0,0,0,0,13.7152875,2.0616328125,0,0,0,0,0,0,0,0,0,12.478309375,2.2352434375,0,0,0,0,0,0,0,0
3530,C125605,0,18039,H05,0,0,0,0,0,0,0,0,0,0,0,0,0,0,0,0,0,0,0,0,0,0,0,0,0,0,0,0,0,0,0,0.021701375,0,0,0,0,0,0,0,0,0,0,0,0,0,0,0,0,0
3530,C125605,0,18039,H06,0,0,0,0,0,0,0,0,0,0,0,0,0,0,0,0,0.021701375,0,0,0,0,0,0,0,0,0,0.021701375,0,0,0,0,0,0,0,0,0,0,0,0,0,0,0,0,0,0,0,0,0,0
3530,C125605,0,18039,H07,0,3.059896875,0,0,0,0,2.3437504375,0,0,0,0,4.47048325,0,0,4.0581600625,0,0,3.472221875,0.108506875,0.021701375,0,0,3.1901053125,0,0,0,0,0,0,0,0,0,4.1666646875,0,0,0,0,0,0,0,0,0,0,0.021701375,0,0,0,0,0
3530,C125605,0,18039,H08,0,0,0,11.480044375,0,0,0,0,8.138006875,1.974825,0,0,7.0963524375,0.0868054375,6.20659625,2.430558125,0,9.85243125,3.9279525,0,0,0,0,9.223081875,2.408850625,0,0,5.2083340625,2.86458575,0,11.5017409375,0,0,0,0,0,0,0,0,0,0,0,0,0,0.021701375,0,0,0,0
3530,C125605,0,18039,H09,0,0,0,0,0,0,0,10.2430721875,0.04340275,0,16.90538825,0,0,0,0,0,0,0,8.37673325,0,0,0,0,0,0,5.68575,3.927950125,8.637165625,2.5607645,0,0,0,0,0,14.17100375,0.0651041875,0,0,0,0,0,0,0,0,0,0,0,0,0
3530,C125605,0,18039,H10,0,14.192696875,0,6.40191075,0,0,15.364596875,0,0,0,0,2.864584375,6.3368146875,0,0,4.9913125,12.999120125,0,0,0,0,17.5781353125,7.85590625,2.4739596875,0,0,0,17.2092273125,0,6.271701875,0,0,0,0,0,0,0,0,0,14.97394375,1.1501725,0,0,0,0,0,0,0,0
3530,C125605,0,18039,H11,0,0,15.972222125,0,0,0,0,0,0,5.42534375,15.3211675,2.625867,0,0,0,0,0,0,16.0373465,0,0,0,0,15.581595125,0,0,13.4765685625,0,0,0,0,0,16.9921875,0,0,0,0,0,0,0,0,0,0,0,0,0,0,0,0
3530,C125605,0,18039,H12,0,0,3.5373259375,0,8.76735125,6.5538090625,0,0,3.1684,0.781250625,0,0,0,1.193575,6.9010346875,0,0,3.79775,1.367186875,0,0,0,0,0,0,17.3176895,0,0,0,0,0,0,0,0,0,0,0,0,0,0,0,0,0,0,0,0,0,0,0
3530,C125605,1,18034,A01,0,0,0,0,0,0,0,0,0,0,0,0,0,0,0,0,0,1.90972325,0,0,0,0,1.7361096875,0,0,0.390625,0,0,1.9748271875,0,0,0,0,0,0,0,0,0,0,0,0,0,0,0,0,0,0,0,0
3530,C125605,1,18034,A02,3.6241303125,0,2.821182625,0,0,5.1866298125,0,0,0,0,0,0,5.4470429375,0.21701375,0,0,5.2083346875,3.6241321875,0,0,6.032985,0,0,5.881071875,1.7144065625,7.1831493125,0.6293398125,0,0,0,0,0,0,0,0,0,5.9244798125,0.390626375,0,0,0,0,0,0,0,0,0,0,0
3530,C125605,1,18034,A03,0.021701375,0,0,0,0,6.2065996875,0,0,0,0,0,0,0,0,2.9730895,0.021701375,4.36198,0.3472223125,5.44704825,0,0,0,0,0,0,0,0,5.772571875,0,0,0,0,0,0,0,0,0,0,0,0,0,0,0,0,0,0,0,0,0
3530,C125605,1,18034,A04,0,0,0,0,0,0,5.425346875,0.2821180625,9.9826275,0,0,2.495659375,7.7690905625,0,0,0,0,0,0,0,0,0,8.311634375,1.2803841875,0,0,0,0,0,10.199668125,10.308171875,0,0,0,0,0,0,0,0,0,0,0,0,0,0,0,0,0,0
3530,C125605,1,18034,A05,0,0,0,0,0,12.478326375,0,0,0,0,0,0,2.994790625,0,12.196175,0,2.278645125,0,3.66753325,0,5.5338546875,0,6.814235,0,0,0,0,0,0,0.021701375,2.3871509375,0,0,0,0,0,0,0,0,0,0,0,0,0,0,0,0,0,0
3530,C125605,1,18034,A06,0,0,0,0,0,0,0,0,0,0,0,3.6892366875,0,0,0.021701375,0,0,0,4.622396875,0,0,0,2.9947921875,0,0,0,0,0,0,0,0,0,0,0,0,0,0,0,0,0,0,0,0,0,0,0,0,0,0
3530,C125605,1,18034,A07,0,0,0.86805625,2.7777765,4.4270845,3.971353125,7.00955,0.4557291875,0,2.8211803125,4.557290625,0.260416875,0,4.079859625,3.602420125,2.86458325,4.2534710625,0,0,0,0,0,0,7.1831590625,0.1519095,0,0.021701375,5.750869375,0,0,0,0,0,0,0,0,0,0,0,0,0,0,0,0,0,0,0,0,0
3530,C125605,1,18034,A08,5.0130179375,0,0,0,5.8159690625,0,0,0,0,14.1709975625,0,0,0,0,0,4.0581596875,0.021701375,0,0,0.390625,4.0147573125,0,0,1.5625,4.47048575,0,0,0,2.95138625,0,0,0,0,1.6710084375,0,0,0,0,0,0,0,0,0,0,0,0,0,0,0
3530,C125605,1,18034,A09,0,0,0,11.2847291875,0,0,0,0,0,10.0911584375,0,0,0,0,0,0,0,0,0,0,0,0,6.727433125,2.2352460625,0,0,0,0,0,8.702240625,2.62587075,0,0,0,0,0,0,0.021701375,0,0,0,0,0,0,0,0,0,0,0
3530,C125605,1,18034,A10,0,0,0,0,0,0,0,0,0,13.38975625,0.5859366875,0,2.2786454375,0,0,0,0,0,0,0,0,0,15.6249734375,0,0,0,0,0,0,0,14.6918453125,0,0,0,0,0,0,0,0,0,0,0,0,0.021701375,0,0,0,0,0
3530,C125605,1,18034,A11,0,0,0,0,0,0,0,0,0,0,0,0,0,0.8680545,0.0868055625,0,0,0,0,0,0,0,0,0,0,0,0,0,0,0,1.801216375,0.0434028125,1.692707625,0,0,0,0.477430125,0,0,0,0,0,0,0,0,0,0,0,0
3530,C125605,1,18034,A12,0,0,0.390626375,0.7812490625,0,0,0,0,0,0,0,0,0,0,0,0,0,0,0,0.36892325,0,0,0.629338875,0,0,0,0,0,0,0.390625,0,0,0,0,0,0,0,0,0,0,0,0,0,0,0,0,0,0.0434028125,0
3530,C125605,1,18034,B01,0,0,0,7.33506875,0.04340275,0,6.9661459375,0,0,0,4.557276875,0.021701375,0,0,0,6.2934036875,0.04340275,0,0,2.4956625,0,0,0,0,4.0147559375,2.452257,0,5.772568125,0.021701375,0,5.03472125,0.868054125,0,0,0,0,0,0,0,0,0,0,0,0,0,0,0,0,0
3530,C125605,1,18034,B02,0,0,6.3151061875,0,0,0,6.05468375,0.021701375,0,2.018230875,0,0,0,1.9097209375,0.0434028125,5.23003375,0,0,0,0,3.2335065625,0,0,0,0,5.9895821875,0.108506875,0,0,0,5.881078125,0,0,0,0,0,0,0,0,0,0,0,0,0,0,0,0,0,0
3530,C125605,1,18034,B03,2.191840625,1.888022875,0,0,0,0,0,0,0,2.495657625,1.28038125,0,0.108506875,0,0,0,0,0,0,0,0,0,0,0,0,0,0,0,0,0,0.67274375,2.0399304375,0,0,0,0,0,0,0,0,0,0,0,0,0,0,0,0,0
3530,C125605,1,18034,B04,0.99826325,0,0,0,0,0,0,5.6640615625,0.0651041875,0,0,0,0,6.423604375,1.3237848125,0,5.859375,0.7378475625,0,0,0,0,4.7092,2.0182301875,0,0,0,0,0,0,0,0,0,0,0,0,0,0,0,0,0,0,0,0,0,0,0,0,0
3530,C125605,1,18034,B05,0,1.1284728125,0,0,0,0,0,0,0.5859384375,0,0,0,0,0,0,0,0,0.2604165625,0.8029525,0,0,0,0,0.4340290625,0.0651041875,0,0,0.021701375,0,0,0,0,0,0,0,0,0,0,0,0,0,0,0,0,0,0,0.021701375,0,0
3530,C125605,1,18034,B06,0,0,0,0,0,0,0,0,0,0,0,5.7074653125,0,0,0,0,0,5.4687540625,0,0,0,0,0,0,0,0,0,0,0,0,0.629340625,0,0,0,0,0.021701375,0,0,0,0,0,0,0,0,0,0,0,5.5772625,0
3530,C125605,1,18034,B07,0,0,0,0,0,0,9.5052215625,0,8.5069554375,0,0,0,0,0,0,7.22655375,0.021701375,0,0,0.0651040625,4.7526036875,0,0,0,0,0,1.2152775,1.3671885,0,0,3.580729375,1.45399275,0.021701375,0,0,0,0,0,0,0,0,0,0,0,0,0,0,0,0
3530,C125605,1,18034,B08,0,0,0,0,0,0,0,0,0.021701375,0.021701375,0,0,0,0,0.021701375,0,0,0,0,0,0,0,0,0,0,0,0,0,0,0,0,0,0,0,0,0,0,0,0,0,0,0,0,0,0,0,0,0,0
3530,C125605,1,18034,B09,0.021701375,0,0,10.0911284375,0,0,0,0,4.38367125,0.3472223125,0,0,0,0,4.774301375,0,12.6302104375,12.7170340625,0,0,0,0,0,0,0,6.1848960625,0.0434028125,0,10.89408775,0,0,0,6.293395125,0,0,0,0,0,0,0,0,5.533853125,0.1519096875,0,0,0.021701375,0,0,0.021701375
3530,C125605,1,18034,B10,7.443590125,0,0,0,0,0,0,4.8828141875,0.17361125,0,0,0,0,0,0,0,0,0,0,0,0,0,6.51040625,1.4756948125,0,0,0,0,0,0,5.164930875,0.1302084375,0,0,0,0,0,0,0,0,0,0,0,0,0,0,0,0,0
3530,C125605,1,18034,B11,0,0,0,4.730903125,0,0.52083325,0,0.390625,0,0,0,0,0,0,0,9.5703153125,2.647565625,0,0,0,0,0,0,0,0,0,0,0,0.9114573125,0,0.54253375,0,0,0.651042125,0.13020825,0.1736110625,0,0,0,0,0,0,0,0,0,0,0,0,0
3530,C125605,1,18034,B12,0,0,0,0,0,0,0,0,0,0,0,0,0,0,0,0,0,0,0,0,0,0,0,0,0,0,0,0,0,0,0,0,0,0,0,0,0,0,0,0,0,0,0,0,0,0,0,0,0
3530,C125605,1,18034,C01,0,0,0,5.5772559375,0.021701375,0,0,0,3.88455,0.390625,0,0,3.255207625,0,3.2552104375,0.0651041875,0,0,4.730901,0,0,0,0,0,6.336807625,0,0,0,4.05816125,0,0,0,0,0,0,0,0,0,0,0,0,6.857636875,0,0,0,0,0,0,0
3530,C125605,1,18034,C02,0,0,0,0,0,0,0,0,0,0,0,0,3.993053125,0,0,0,0,0,0,2.994790625,5.4036474375,7.4218741875,1.996526375,0,0,0,0,1.7578125,1.6927078125,0,0,0,0,0,0,0,0,0,0,0,0,0,0,0,0,0,0,0,0
3530,C125605,1,18034,C03,0,0,0.455728125,2.365450125,0,13.3246510625,0,0,0,0.021701375,6.553817625,0,0.49913125,1.671005625,0,0,0,0,0,4.0364571875,0.3255209375,0,0,0,0.021701375,2.9079835625,0.0434028125,0,0,0,0,0,0,0,0,0,0,0,0,0,0,0,0,0,0,0,0,0,0
3530,C125605,1,18034,C04,0,0,0,0,0.021701375,0,11.132825125,0,0,0,0,10.373257625,8.572056375,1.432292625,0,0,0,0,0,0,0,0,0,8.4418276875,0,0,0,0,0.021701375,0,7.855905125,0,0,0,0,0,0.021701375,0,0,0,0,0,0,0,0,0,0,0,0
3530,C125605,1,18034,C05,0,0.021701375,0,0,0,0,0,0,0.021701375,0,9.309892625,0,0,0,0,0,0,0,0,0,0,0,0,7.8559003125,6.11979125,0.36892375,0,0,0,0,0,0.9765625,10.590278875,5.447047,2.9947955,4.340277625,0,0,0.021701375,0,0,0.021701375,0,0,0,0,0,0,0
3530,C125605,1,18034,C06,0,0,10.52515625,5.23003575,0,0,0,0,13.80206875,1.4756934375,0,0,8.3767225,0,0,9.982652625,0,0,0,0,5.3168471875,3.580726875,0.021701375,7.4435729375,10.2864353125,5.447046875,6.11979375,0,0,0,6.94444375,14.735238875,1.04166575,0,0,0,0,0,0,0,0,0,0,0,0,0,0,0,0
3530,C125605,1,18034,C07,0.88975625,0,0,0,0,0,7.4218899375,0.021701375,0,0,0,0,0,7.096355875,0,0,0,1.1501721875,0,0,0,0,0,3.3420125,4.188378875,0,0,0,0,0,0,0,0,0,0,0,0,0,0,0,0,0,0,0,0,0,0,0,0
3530,C125605,1,18034,C08,0,0,0,0,9.15799825,0,0,0,0,0,0,0,12.5434175,0,0.021701375,0,8.0729184375,0,0,0,0,0,0,0,0,0,5.707464375,0,0,0,0,0.021701375,0,0,0,0,0,0,0,0,0,0,0,0,0,0,0,0,0
3530,C125605,1,18034,C09,0,0,0,9.4183929375,0,2.9947916875,0,3.1684023125,0,0,0,0,0,0,0,0,0,0,8.9192740625,0,0.021701375,6.011284,0,0,0,0,0,0,0,0,0,0,0,0,0,0,0,0,0,0,0.021701375,0,0.021701375,0,0,0,0,0,0
3530,C125605,1,18034,C10,0,0,0,0,0,0,0,10.74216375,0,0,5.4253471875,7.3784666875,0,0,0,0,0,0.021701375,0,0,0,0,0,0,0,0,5.1866321875,0,0,0,13.5416673125,0,0,0,0,0,0,0,0,0,0,0,0,0,0,0,0,0,0
3530,C125605,1,18034,C11,11.458316875,0,0,0,6.032986375,0,0,0,0,0,0,0,9.6354166875,0,0,0,0,0,5.425349,0.0434028125,0,4.947916875,0.2821180625,0,0,0,0,4.839409375,2.53906375,0,0,0,0,0,0,0,0,0,0,0,0.021701375,0.04340275,0,0,0,0,0,0,0
3530,C125605,1,18034,C12,5.5121503125,1.2803840625,0,0,0,0,0,5.859359375,0.78125,0,0,3.19010625,1.605903375,0,0,0,0,0,2.235245,0,11.0893975,0,0,2.6909711875,0,3.059896875,0.2604166875,0,4.058158125,0.04340275,3.9496506875,0,0,0,0,4.29687525,0,0,0,0,0,0,0,0,0,0,0,0,0
3530,C125605,1,18034,D01,0,0,8.52864325,0,0,0,0,0,0,0,0,0,7.703984625,0.021701375,0,0,6.64061875,3.9496519375,0,0,8.702247625,0.4340276875,0,0,0,0,0,0,0,5.5121500625,0,0,0,0,0,0,0,0,0,0,0,0,0,0,0,0,0,0,0
3530,C125605,1,18034,D02,0,0,0,0.021701375,0,0,3.0381929375,0,0,0,0,0,0,0,0,0,0,0,0,0,0,0,0,2.10503575,0,0,0,0,0,0,2.343750375,0.021701375,0,0,0,0,0,0,0,0,0,0,0,0,0,0,0,0,0
3530,C125605,1,18034,D03,0,0,13.67187125,0.21701375,0,0,0,16.6666865625,0,0,0,0.021701375,0,0,0,0,0,10.481790625,1.6927075,0,0,0,0,0,14.36633,1.8446184375,0,0,0,11.91405625,1.7795134375,0,0,0,0,0,0,0,0,0,0,0,0,0,0,0,0,0,0
3530,C125605,1,18034,D04,0,0,0.021701375,0,10.6553875,0.0651040625,4.9696173125,3.9930545,0,4.2317734375,0.0651040625,0,8.26822875,0,6.163192,1.7361104375,0,0.021701375,0,0,0,0,0,0,5.9678848125,0.499131875,0,22.4175465625,16.7968916875,0,4.6658,5.3168385,4.2968759375,0.6510403125,6.33681625,0,0,0,0,0,0,0,0,0,0,0,0,0,0
3530,C125605,1,18034,D05,0,0,0,0,6.92274075,18.945306375,0,0.021701375,0,0,0,0,0,0,0,0,0,2.5607628125,0,0,14.583340625,1.302084375,7.769096875,0.195312625,0,0,0,15.2343746875,0.737848125,0,0,0,0,6.814231875,16.3194353125,0,0.021701375,0,0,0,0,0,0,0,0,0,0,0,0
3530,C125605,1,18034,D06,0.021701375,8.072927625,0,0,0,0,0,3.5156248125,0,0,0,2.994793125,0,0,0,0.021701375,0,6.7274328125,0,0,0,0,5.8159734375,0,0,0,0,8.0295196875,0,0,0,0.021701375,0,0,0,0,0.021701375,0,0,0,0,0,0,0,0,0,0,0,0
3530,C125605,1,18034,D07,9.7005271875,0,0,0,0,8.6371534375,0,0,0,0,0,0,5.75086875,5.121525125,0,0,3.602427875,0.0651041875,0,9.440105625,0,0,5.9895834375,0.21701375,0,0,0,0,0,0,3.0815960625,0,0,0,0,0,0,0,0,0,0,0,0,0.021701375,0,0,0,0,0
3530,C125605,1,18034,D08,4.1232646875,0,3.7760421875,0,0,0.021701375,4.3836784375,0.542535875,0.021701375,0,0,0,0,8.203131875,0,0,0,0,0,0,4.1883704375,0,0,0,0,3.97135325,0,0.021701375,6.7708371875,1.04166625,0,0,0,3.124999375,0.3472221875,0,0,0,0,0,0,0,0,0,0,0.021701375,0,0,0
3530,C125605,1,18034,D09,0,0,0,0,0,0,0,2.79947825,0.0868054375,0,0,0,0,0.021701375,0.3038193125,0,0,0,0,0,0.021701375,2.907986375,0,0,0,0,0,0,2.60416875,0.021701375,0,0.021701375,0,0,0,0,0,0,0,0,0,0,0,0,0,0,0,0,0
3530,C125605,1,18034,D10,0,0,0,0,0,0,1.106771875,0.737846875,0,0,0.021701375,0,5.27343125,0,0,0,0,0,0,0,0,0,0,4.6440959375,0,0,0,0,0,3.9930659375,0.390624625,0,0,0,0,0,0,0,0,0,0,0,0,0,0,0,0,0,0
3530,C125605,1,18034,D11,0,0,0,0,0,0,5.186625,8.48524875,0,0,0,0,16.5364684375,0,0,0,0,0,0,0,15.625009375,1.0850696875,0,0,0,10.98090625,9.3316009375,0,0,0,0,0,0,0,0,0,0,0,0,0,0,0,0,0,0.021701375,0,0,0,0
3530,C125605,1,18034,D12,0,13.020846875,0.846353125,0,0,0,0,17.5347253125,0,0,0,6.4019098125,0,0,14.9739596875,0,10.5902648125,0,0,4.796007625,14.1058925,5.5772565625,0,0,0,0,0,0,0,0,0,0,12.608521875,4.21007,0,14.60505625,0,0,0,0,0,0,10.6770766875,9.0060603125,0,0,0,0,0
3530,C125605,1,18034,E01,0,0,0,0,0,0,0.1302084375,3.559027625,2.3654523125,0,0,0,0,3.16840325,0,0,0,0,0.455730625,0.0651040625,0,0,0,5.5555553125,0.0651040625,1.497394375,0.1302084375,1.10677075,0,0,0,0,0,0,0,0,0,0,0,0,0,0,0,0.021701375,0,0,0,0,0
3530,C125605,1,18034,E02,0,0,13.04254025,0,0,0,0,11.5668340625,0.021701375,0,0,0,0,0,12.2396,0.390626375,0,0,0,0,0,0,0,0,0.021701375,2.69097025,0,0,0,12.1961741875,4.62239625,0,0.021701375,0,0,0,0,0,0,0,0,0,0,0,0,0,0,0,0
3530,C125605,1,18034,E03,0,4.2317715625,0.04340275,0,0,0,0,4.0798616875,0,0,4.2317696875,0,0,0,0,0,0,4.5789941875,0,0,0,0,0,4.3185759375,0.04340275,0,0,0,5.121526625,0,0,0,0,0,4.513889625,0,0,0,0,0,0,0,0,0,0,0,0,0,0
3530,C125605,1,18034,E04,7.703994,0.2821179375,5.8159715625,2.018229375,0,0,0,0,0,0,0,0,0,0,0,9.2447785625,0.021701375,0,0,9.483504375,0,0,0,5.9244810625,0,0,0,0,4.03645625,0.173611,0,3.949652125,0,0,0,0,0,0,0,0,0,0,0,0,0,0,0,0,0
3530,C125605,1,18034,E05,0,0.021701375,0,0,0,0,0,0,17.4913215625,18.836811375,0,0,0,0,0,0.021701375,0,0,0,0,0,0,3.7109375,14.279518125,0,0,0,0,0,16.948767,0,0,0,0,0.021701375,0,0,0.021701375,0,0,0,0,0,0,0.021701375,0,0,0,0
3530,C125605,1,18034,E06,0,0,0,0,0,0,0,0,3.7326375,8.0295240625,5.62065875,0.021701375,0,6.814237,0,0,0,0,0,0,0,10.0911353125,2.2786440625,6.2500025,0,0,0,0,0,0,0,0,0,0,0,0,0,0,0,0,0,0,0,0,0,0,0,0,0
3530,C125605,1,18034,E07,11.610255625,2.7343780625,0,0,0,9.526907125,0,0,4.7743125,1.7578125,0,0,0,0,6.250015125,0,15.3862721875,0.021701375,0,0,0,0,0,0,0,0,10.0911385625,5.14323575,0.7812511875,0,0,0,11.54514325,0,0,0,0,0,0,0,0,0,0,0,0,0,0,0,0
3530,C125605,1,18034,E08,0,0,0,0,0,9.4618003125,0,0,0,0,0,0,0,0,0,0,0,0,0,0,0.021701375,0,0.021701375,0.021701375,0,5.77258325,0,2.58246575,2.03993125,0.7812496875,0,0,0,0,0,0,0,0,0,9.288189,0,0,0,0,0,0,0,0,0
3530,C125605,1,18034,E09,0.021701375,0,0,0,3.38541875,0.2604166875,0,0,0,6.054690625,2.647571875,0,0,0,0,0,0,0,0,0,0,0,0,0,0,6.553818125,0,0,0,4.6440959375,0,0,0,0,0,0,0.021701375,0,0,0.021701375,0,0,0,0,0,0,0,0,0
3530,C125605,1,18034,E10,0,0,7.855901875,3.667534375,1.3888880625,0,0,5.7942631875,0.021701375,0,6.5321186875,0.130208375,0,0,0,4.1232653125,1.5407965625,0,6.0763880625,0,6.40189775,0.282118125,0,4.6874991875,0,0,0,0,0,2.1701375,2.1484390625,0,0,3.62413125,1.9314260625,0,0,0,0,0,0,0,0,0,0,0,0,0,0
3530,C125605,1,18034,E11,0,0,0,0,0,0.021701375,8.398428125,0.8029509375,0,0,0,8.5720390625,0,0,0,0,0,0,0,13.8455010625,0.1085068125,0,0,0,0,0,0,0,0,0,0,0,0,0,0,0,0,0,0,0,0,0,0,0,0,0,0,0,0
3530,C125605,1,18034,E12,0,0,0,0,0,9.26649,0,0,0,0,0,0,5.62066075,0,0,8.1380196875,0,0,0,0,3.55902625,0,7.1831621875,0.108507,0,0,0,0,0,3.667534375,1.3888873125,0,0,0,0,0,0,0,0,0,0,0,0,0,0,0,0,0,0
3530,C125605,1,18034,F01,0.0651041875,0,0,0,0,0,0,0,0,2.018228125,5.4036475,0.021701375,0,1.3454875,5.598961875,0,0,0,0,8.3984374375,0,0,0,0,0.542534375,6.467024375,0,0,0,0,0,0,0,0,0,0,0,0,0,0,0,0,0,0,0,0,0,0,0
3530,C125605,1,18034,F02,0,0,0,0,0,0,6.618921875,0,0,0,0,0,0,0,7.638890625,0.8246525,0,9.07118125,0.086805625,0,0,0,0,0,0,0,0,0,0,0,9.5052085,0,0,0,0,0,7.5520943125,0,0,0,0,0,0.021701375,0,0,0,0,0,0
3530,C125605,1,18034,F03,0,15.234375625,0.021701375,0,0,0,0,0,5.490453125,1.106771875,5.85938125,12.934039375,0,0,0,0,15.9722528125,0,0,0,0,4.665799375,1.1501748125,0,17.708318125,0,0.021701375,0,0,0,15.7335115625,0,0,0,0,0,0,0,0,0,0,0,0,0,0,0,0,0,0
3530,C125605,1,18034,F04,0,15.169284375,0,0,7.94271575,14.908841375,0.04340275,0,0,0,16.3628234375,0,0,0,9.04948625,0.651042,0,2.9079875,12.5216804375,0.021701375,16.514755,0.1953121875,0,0,0,0,13.91057325,0.0868054375,0,7.486981875,0.217013875,11.56681875,0.477430625,0,0,0,0,0,0,0,0,0,0,0,0,0,0,0,0
3530,C125605,1,18034,F05,0,0,0,0,0,0,0,0,4.448784125,0,0,0,2.9296878125,1.3454868125,0,1.30208375,0.04340275,1.4756941875,0,0,1.4105910625,0,6.2282979375,0,0,0.021701375,0,3.81944375,0.781249375,4.1666680625,3.3203138125,0.4774305625,0,0,0,0,0,0,0,0,0,0,0,0,0,0.021701375,0,0,0
3530,C125605,1,18034,F06,0,0,0,4.5572941875,0,0,0,0,0,0,0,0,0,3.190105125,0,0,0,0,0,0,0,0,0,11.3064203125,0,0,0,0.021701375,0,0,0,0,11.6319525,3.92795025,0.651043125,0,0,0,0,0,0,0,0,0,0,0,0,0,0
3530,C125605,1,18034,F07,19.4444459375,0,0,15.36460125,0,0,17.078977,0.021701375,0,7.552071875,6.857630625,0,0,0,16.62326075,0.021701375,0,0,14.3880175,0,0,6.07638825,0,14.5833548125,0,0.021701375,0,0,6.293400625,0,0,0.021701375,0,31.618959375,35.243070875,0.108506875,0,0,0,0,0,0,0,0,0,0,0,0,0
3530,C125605,1,18034,F08,0,0,0,0,0,0,0,0,0,11.7187625,0.0434028125,0.2604165625,8.8107645,0,0,0,8.72394825,0.3255210625,0,0,0,0.021701375,14.9956484375,0,0,0,0,0,13.758687,0,0,0,0,0,0,0,0,0,0,0,0,0,0,0,0,0,0,0,0
3530,C125605,1,18034,F09,0,0,0,0,0,0,0,11.371526375,2.0616295,6.249994375,0.82465325,0,5.3602465625,12.0876745,0,3.667540625,1.04166625,0,0,0,0,0,0,6.2934034375,0,0,0,0,13.324669375,0.7161471875,0,0,0,0,0,0,0,0.021701375,0,0,0,0,0,0,0,0.021701375,0,0,0
3530,C125605,1,18034,F10,0,0,0,0,11.93575375,0.065104125,0,0,9.0060625,5.729167625,0,0,0,2.582465625,13.4765496875,0,0,0,0,7.4869684375,0,0,14.301225,0.2170140625,0,0,0,10.308146875,7.4869765625,0,0,0,0,0,0,0,0,0,0,0,0,0,0,0,0,0,0,0,0
3530,C125605,1,18034,F11,0,0,0,2.1701380625,8.658868125,0.694444375,0,0,2.7126735625,0,0,0,12.239569375,0,0,0,0,0,0,11.8706875,1.0633666875,0,13.151028875,0,0,0,12.6953115625,13.06424375,0.520834375,0,0,0,0,31.5972290625,18.2725825,0,0,0,0,0,0,0,0,0,0,0,0,0,0
3530,C125605,1,18034,F12,0,0,0,0,0,2.842881875,0.6944440625,2.1267346875,0.1302084375,0,0,0,0,0,4.2968715625,0.021701375,0,0,0,0,3.4071184375,0,0,0,3.1467021875,0,0,0,0,0,0,0,0,0,0,0,0,0,0,0,0,0,0,0,0,0,0,0,0
3530,C125605,1,18034,G01,0,16.406240625,0,0,0,0,0,0,6.141494375,0,0,5.27344075,0,0,2.777778125,11.48004125,0,0,0,0,15.7334945,0,0,0,12.630209375,1.302085,0,7.552067,0,0,0,0,0,0,0,0,0,0,0,0,0.021701375,0,0,0,0,0,0,0,0
3530,C125605,1,18034,G02,9.6354190625,0.2604165625,0,0,0,0,0,14.518228125,0,0,0,2.23524375,8.854168875,0,0,0,0,0,7.4652678125,3.42882,0,0,0,5.23003125,7.139765125,0,0,0,0,0,10.047729,0,0,0,0,0,0,0,0,0,0,0,0,0,0,0,0,0,0
3530,C125605,1,18034,G03,0,0,0,0,0,0,0,0,0,0,0,0,0,0,0,0,0,0,0,0,0,0,0,0,0,0,0,0,0,0,0,0,0,0,0,0,0,0,0,0,0,0,0,0,0,0,0,0,0
3530,C125605,1,18034,G04,0,0,0,0,0,0,0,0,0,0,0,0,0,0,0,0,0,0,0,0,0,0,0,0,0,0.021701375,0.021701375,0,0,0,0,0,0,0,0,0,0,0,0,0,0,0,0,0,0,0,0,0,0
3530,C125605,1,18034,G05,0,0,6.03298525,0,0,0,0,0,0,0,5.533853375,0,0,6.2717011875,0,0,0,0,0,0,0,0,0,2.47396125,0.80295125,0,0,0,0,0,0,0,0,0,0,0,0,0,0,0,0,0,0,0,0,0,0,0,0
3530,C125605,1,18034,G06,0,0,9.982634375,0.3472221875,3.841146875,0.1302084375,0,0,14.0841946875,0,0,0,0,0,0,0,0,0,0,0,4.752605625,8.854173125,0.021701375,4.3836785625,0,0,0,4.9262173125,0.04340275,0,0,0,0,0,0,0.021701375,0,0,0,0,0,0.021701375,0,0,0,0,0,0,0
3530,C125605,1,18034,G07,0,0,17.296001875,0,0,0,0,0,17.838525,0.1736109375,0,0,0,0,0,5.121528125,2.1267371875,0,0,0,0,18.0772573125,0,7.573784375,0,0,4.318577625,0,0,16.62325,0.1519098125,8.0729160625,0,0,0,0,0,0,16.341140625,0,0.021701375,0,0,0,0,0,0,0,0
3530,C125605,1,18034,G08,1.84461875,5.7725625,0,0.2387153125,15.8637125,0,7.0529475,0,0,0,0,1.06336875,16.3411560625,0,0,0,7.1397585625,0,0,0,17.6215346875,0,0,0,6.315101375,0,0,0,17.6432234375,0,0,0,0,0,0,0.021701375,0,0,0,0,0.021701375,0,0,0,0,0,0,0,0
3530,C125605,1,18034,G09,4.7309045,0.260416875,0,0.1519096875,10.0477165,0,0,0,0,0,0,0,0,0,0.021701375,0,0,1.063368125,0.021701375,0,0,0,0,0,0.021701375,0,0,0,12.0876805625,0,0,0,10.9375141875,0.1953125,0,0,0,0,0,0,0,0,0,0,0,0,0,0,0
3530,C125605,1,18034,G10,0,0,0,0.021701375,5.01301075,0.75954825,0,14.45313,0,0,0,4.64409825,0,3.27690625,13.32463625,0,0,0,15.16928125,1.171876875,6.2934053125,0,15.99392125,0,0,0,0,9.4400915,0,0,0,13.910625,14.4097265625,5.468747625,5.7291634375,6.6406241875,0,0,0,0,0,0,0,0,0,0,0,0,0
3530,C125605,1,18034,G11,0,0,0,0,0,0,0,0,3.472221875,0.0868055,6.1631878125,0.0651041875,0,0,0,0,0,0,0,0,0,0,4.5138886875,0,0,0,0,0,0,0,0,0,0,0,0,0,0,0,0,0,0,0,0,0,0,0,0,0,0
3530,C125605,1,18034,G12,0,0,0,0,0,0,0,2.32205,11.024316875,0.021701375,0,4.318576375,0,13.6067709375,0,0,4.9913209375,0,0,0,0,4.1015625,11.957458875,0,0,0,0,0,2.821180625,12.7170025,1.77951575,0,0,0,0,0,0,0,0,0,0,0,0,0,0,0,0,0,0
3530,C125605,1,18035,A01,20.399306875,0,0,7.400174,0.17361125,0,5.338540625,0,0,16.62325725,2.061629375,0,0,0,11.32811075,0,0,0,0,0,23.2638946875,0.021701375,0,0,0,0,17.36110575,0.9114596875,0.021701375,19.6180375,2.430555125,0,0,9.179683125,2.1701410625,0,23.6545366875,0,0,0,0,0,0,0,0,0,0,0,0
3530,C125605,1,18035,A02,0,4.1015625,3.9713541875,0,0,0,0,0,7.552076375,2.2786471875,3.2118041875,0.0868055625,0,0,6.3151059375,0,0,4.7308998125,0,0,0,0,0,3.60243125,3.99305575,0,0,4.578994,0,0,7.6605946875,0.217014,0,0,0,0,0,0,0,0,0,0,0,0,0,0,0,0,0
3530,C125605,1,18035,A03,0,0,0,7.03124375,4.0364590625,0,0,0,11.002605,0,0,0,0,10.09114375,2.2786434375,0,0,0,9.114590625,2.7343753125,0,0,8.8541860625,0.4991316875,0,12.608502,0,0,0,7.031251375,1.6710059375,0,0,0,0,0,0,0,0,0,0,0.021701375,0,0,0,0,0,0,0
3530,C125605,1,18035,A04,0,0,0,0,13.888873875,0,0,11.0243084375,0,0,0,0,0,0,11.566853875,0.4340275625,0,0,0,0,0,6.792532125,12.6084991875,1.692709,0,0,0,0,14.1927159375,0,10.93749375,0,0,0,0,0,0,0,0,0,0,0,0,0,0,0,0,0,0.021701375
3530,C125605,1,18035,A05,0.021701375,0,7.6388715625,2.4739585625,0,0,7.0529528125,0.0651041875,5.620659375,0.021701375,0,0,0,5.9244815625,0,4.29687625,0.195312625,0,0,0,0,0,0,10.829009,0,0,0,0,6.662326875,0,0,0,0,0,0,0,0,0,0,0,0,0,0,0,0,0,0,0,0
3530,C125605,1,18035,A06,0,4.058160625,0,0,0,1.953126375,0,0,0,0,0,0,0,0,2.2786479375,0,0,0,0,0,4.5789940625,0,0,0,0,2.6692684375,0,0,0.5859378125,0.347222125,0,0.021701375,0,0,0,0,0,0,2.21354125,1.2369795,0.238715125,0,0,0,0,0,0,0,0
3530,C125605,1,18035,A07,4.8611134375,0.32552075,8.1163246875,0,3.1466985625,0,9.765614,0,0,0,4.9262153125,0.021701375,0,0,0,4.51388875,5.0998285625,0,8.3984485625,0.0434028125,0,0,0,3.7326296875,0.2387153125,0,0,0,0,10.78558325,0,0,11.19791875,0.0651040625,0,0,0,0,0,0,0,0,0,0,0,0,0,0,0
3530,C125605,1,18035,A08,0,5.230034375,0,0,0,3.645834375,1.25868,0,0,0,8.615453375,2.9730909375,0,0,0,12.6953130625,0,9.809014375,0,0,8.4418535625,0,0,0,0,0,0,9.7656303125,0.1085069375,0,0,0,0,0,0,10.243036375,0,0,0,0,0,0,0,0,0,0,0,0,0
3530,C125605,1,18035,A09,0,0,2.3871536875,0,3.03819375,0,0,2.4739596875,0,3.0381921875,0,0,0,0,0.60763875,0,2.21354375,0.04340275,0,0,0,2.1050346875,0,2.2352409375,0.021701375,0.303819375,0.1736110625,0,0.238715125,0,3.580728125,0.021701375,0,0,0,0,0,0,0,0,0,0,0,0,0,0,0,0,0
3530,C125605,1,18035,A10,0,0,0,0,0,0,0,0,0,0,0,0,0,0,0,0,0,0,0,0,0,0,0,0,0,0,0,0,0,0,0,0,0,0,0,0,0,0,0,0,0.021701375,0,0,0,0,0,0,0,0
3530,C125605,1,18035,A11,13.5199540625,0.086805625,0,0,0,13.585051375,0.282118125,0,0,16.4713809375,0,0,0,0,0,13.802100125,0,0,0,0,15.0390853125,1.4322928125,0,0,6.5321161875,0,0,15.3862915,0,0,0,0,17.8819495,29.4705,19.965300625,22.113708375,0,0,0,0,0,0,0,0,0,0,0,0,0
3530,C125605,1,18035,A12,0,11.8923596875,0,0,1.9314228125,0,10.894103125,0.3472221875,0,1.7578125,0.3472221875,0,0,0,10.633684375,0.368923375,0,11.848960625,0,0,0,0,0,9.809029,0.2604166875,0,0,0,0,12.0876641875,0,0,1.6493059375,2.5607628125,8.6154603125,0,0,0,0,0,0,0,0,0,0,0,0,0,0
3530,C125605,1,18035,B01,1.996528125,2.278644375,0,0,0,5.707463875,0,0,0,0,0,2.907986375,0,0,0,0,10.3081446875,0,0,0,0,6.879325625,0,1.7578135625,0,0,0,0,0,0,0,0,0,0,0,0,0,0,0,0,0,0,0,0,0,0,0,0,0
3530,C125605,1,18035,B02,0,7.052950625,0,0.021701375,4.7526049375,7.9427098125,2.2786475,6.076375,0.130208375,3.6675353125,0.15190975,0,0,0,0,0,0,0,0.5642375,6.944457625,0,3.19009375,1.8446185625,0,0,0,0,0,0,0.021701375,0,0,0,0,0,0,0,0,0,0,0,0,0,0,0,0,0,0,0
3530,C125605,1,18035,B03,2.929688125,13.38974875,0.0651040625,5.902790625,5.0564225,4.34028475,8.441850625,6.4236104375,6.8576279375,6.7057304375,4.44878375,10.0260348125,7.35678575,5.6423586875,5.7508786875,6.3802085625,8.6371515,2.8211773125,9.7439165625,4.75261325,6.8793404375,6.9444348125,4.66579525,6.597208875,5.577259625,6.07639875,4.231770125,6.8359503125,5.251736375,6.05468875,4.3619823125,6.3151,2.7343745,1.345484625,6.423596875,2.51736125,1.4322929375,0,0,7.118071125,0.2604166875,0,0,0,0,0,0,3.79774125,0
3530,C125605,1,18035,B04,0,16.6883698125,0,0,0,0,0,0,18.6197973125,0,0,0.021701375,0,10.980915625,1.3454866875,0,20.9201445,0.0434028125,0,10.894101875,0,0,0,0,0,10.4383665625,0,0,21.0286459375,0,0,0,0,0,0,0,0,0,0,0,0,0,0,0,0,0,0,0,0
3530,C125605,1,18035,B05,0,0,0,0,9.8958409375,0.7812509375,0.021701375,10.1562459375,0,0,0,0,0,0,7.31338025,7.465271875,1.7578125,0,0,0,7.031248875,0,0,6.72743125,1.9531271875,0,0,0,0,0,8.6154599375,0,0,0,0.021701375,0,0,0,0,0,0,0,0,0,0.04340275,0.021701375,0,0,0
3530,C125605,1,18035,B06,4.644097625,13.194428125,6.1198040625,0,0,0,4.7309,0,0,0,0,9.0277734375,8.31162125,0,0,0,0,24.869819375,19.9218840625,0,0.021701375,0,0,0,0,0,0,22.569459375,0,19.92187625,0,0.021701375,0,0,0,0,0,0,0,0,0,0,0,0,0,0,0,0,0
3530,C125605,1,18035,B07,0.412325,4.31857575,0,0,0,0,0,0,0,3.5590275,0.2604165625,0,0,0,0,0,0,0,0,0,0,0,0.021701375,0,0,0,2.2786465625,0.1736109375,0,0,0,0,0,0,0,0,0,0,0,0,0.021701375,0,0,0,0,0,0,0,0
3530,C125605,1,18035,B08,7.5303773125,0.2821180625,0,2.7560765,0.021701375,6.9444475,0,0,0,5.5121528125,0,0,0,0,0,0.021701375,5.4253461875,4.4270829375,0,4.6223960625,0,0,0,0,0,4.7308890625,0.021701375,0,0,5.2083404375,7.1831603125,0,6.5321184375,0,6.9444436875,0.021701375,0,0,0,0.021701375,0,0,0,0,0,0,0,0,0
3530,C125605,1,18035,B09,0,0,0,4.7092003125,0.021701375,0,4.361979375,0.32552075,0.021701375,0,4.687503625,0,0,9.722226375,0,0,0,0,0,0,0,4.188370125,0.3038196875,0,0,0,0,0,0,0,0,0,0,0,0,0,0,0,0,0,0,0.021701375,0,0,0,0,0,0,0
3530,C125605,1,18035,B10,0,6.0112835625,0,0,0.021701375,0,0,0,0,0,10.525186875,0,0,0,0,9.4184028125,2.777777125,0,0,0,10.1562266875,0,0,0,0,0,0,0,0,3.1684025,0,0,0,0,0,0,0,0,0,0,0,0.021701375,0,0,0,0,0,0,0
3530,C125605,1,18035,B11,0,0,0,0,6.35849375,0.1736109375,0,0,0,0,0,7.573784375,0.217014,0,0,0,0,0,0,7.421871375,0.0651040625,0,0,0,0,1.4973965625,0,0,0,0,0,0,0,0,0,0,0,0,0,0,0,0,0,0,0,0,0,0,0
3530,C125605,1,18035,B12,1.627603125,4.2317709375,0,0,11.15451575,16.4496640625,0.13020825,7.5737960625,0,0,0,0,4.18836875,3.2769078125,0,0,0,0,0,0,0,0,9.917541875,0,0,10.9158068125,0.021701375,0,0,0,0,0,0,5.7291634375,6.618920625,0.2604166875,0,0,0,0,0,0,0,0,0,0,0,0,0
3530,C125605,1,18035,C01,0,0,0,0,0,0,7.725695625,0,0,0,0,5.403646,7.7908104375,0,0,0,4.6006934375,1.996528875,0,0,0,0,0,4.839420125,1.58419925,0,7.0746396875,0.021701375,0,0,0,0,0,0,4.470485125,0,0,0,0,0,0,0,0,0,0,0,0,0,0
3530,C125605,1,18035,C02,6.7708446875,1.388888875,14.9739416875,0,0,0,0,0,0,0,0,0,0,0,0,0,0,0,7.1180621875,0.3038195,0,17.1440929375,0,0,0,0,0,0,0,0,8.83245875,0,7.552084375,2.03993125,0,0,0,0,0,0,0,0,0,0,0,0,0,0,0
3530,C125605,1,18035,C03,0,0,0,0,10.19964125,0,0,0,0,0,0,0,0.021701375,12.1527775,1.497397625,0,6.1414875,2.32205,0,0,0,0,10.52519125,0.021701375,7.2916691875,0.0868054375,0,0,0,0,0,0,0,0,0,0,0,0,0,0,0,0,0,0,0,0,0,0,0
3530,C125605,1,18035,C04,8.78906625,0,0,0,0,0,16.75346875,0,0,0,0,0,0,0,8.919259375,8.57206375,0,0,0,0,0,0,0,0,0,17.404508125,13.8020875,1.5625009375,0,0,0,17.0572628125,41.4496423125,35.9158196875,19.856761875,19.24912325,6.4453128125,0.0434028125,0,0,0,0,0,0,0,0,0,0,0
3530,C125605,1,18035,C05,0,0,0,4.774313875,0.4774305625,0,0,0,0,0,15.0173434375,0,0,6.488714375,0.021701375,0,0,0,0.021701375,0,0,0.021701375,0,0,0,0,0,0,14.93054375,0.1519096875,0,16.861980625,0,0,0,0,0,0,0,0,0,0,0,0,0,0,0,0,0
3530,C125605,1,18035,C06,6.7708224375,13.04252325,0.60763875,3.2335068125,8.11631075,0.3472221875,2.6475678125,6.4670228125,0.4340279375,1.866320625,0.520833125,8.7456873125,0,2.8211803125,0,7.5303973125,0,2.58246375,1.71441075,6.749121375,0,3.710938125,8.2248375,0.8246529375,3.276909625,8.203125,0.6293404375,3.0816,0.0434028125,24.0451290625,16.60155,14.301203125,17.5130041875,1.4322928125,0,0,0,0,0.021701375,0,0,0,0,0,0,0,0,0,0
3530,C125605,1,18035,C07,0,0,7.4001719375,0,0,0,0,4.774305125,0,0,11.046009375,0.086805625,0,0,5.5772559375,0.108507,0,9.526909375,1.3671865,0.021701375,0,0,5.6423616875,0.0434028125,3.342012125,0,0,0,0,4.49218625,0.4557291875,0,0,0,0,0,0,0,0,0,0,0,0,0,0,0,0,0,0
3530,C125605,1,18035,C08,0,15.299496875,0.5425348125,8.1380236875,0,0,15.0173821875,0.086805625,0,0,0,14.735240625,0,8.7022536875,0,5.94619,0,0,14.4748436875,6.705729375,0.021701375,0,7.6171909375,0,0,0,0.021701375,15.212681875,0,0,0,0,0,0,0,0,0,0,0,0,0,0,0,0,0,0,0,0,0
3530,C125605,1,18035,C09,11.783845125,0,0,0,3.45052125,0,0,13.32465825,0,0,0,0,0,0,6.0546884375,0,0,12.58681075,0,0,0.021701375,16.25433575,0,0,10.243045125,0,0,0,26.1067746875,0,13.129338125,1.6710071875,0,12.21789375,18.4895840625,0,0,0,0.021701375,0,0,0,0,0,0,0,0,0,0
3530,C125605,1,18035,C10,0,0,0,0,0.021701375,0,0,0,0,14.8003566875,0,0,0,0,0,0,5.533845625,0,0,0,0,0,0,0,17.6432309375,0,0,0,0,0,12.304694,0,0,9.72221875,0.8680565625,0,0,0,0,0,0,0,0,0,0,0,0,0,0
3530,C125605,1,18035,C11,0,0,0,4.53559375,6.6623225625,0,0,0,0,0,0,0,0,13.9756901875,0,4.079875,1.9097229375,0,0,0,0,13.8889055625,0.2170140625,0,0,0,0,0,0,0,0,0,0,0,0,0,0,0,0,0,0,0,0,0,0,0,0,0,0
3530,C125605,1,18035,C12,0,10.872409375,2.604168125,0,7.33506875,0,0,0,0,13.433159375,0,0,12.2829909375,0,0,0,0,13.172742,0,0,0,3.797740625,1.9531241875,0,0,13.9756778125,0,0,10.1128491875,0,0.6076375,8.00781375,0,6.618926375,0,0,0,0,0,0,0,0,0,0,0,0,0,0,0
3530,C125605,1,18035,D01,0,0,0,10.742169375,0.2387153125,0,0,0,0,0,0,0,11.6319371875,0,5.4036359375,0.629341375,0,0,0,0,0,11.2413109375,0,0,0,0,0,0,12.5000090625,0,0,0,0,0,0,0,0,0,0,0,0,0,0,0,0,0,0,0,0
3530,C125605,1,18035,D02,0,0,5.92448575,0,0,0,0,0,0,0,0,3.4505205625,7.5737841875,0.021701375,0,0,0,0,4.6657996875,4.0364550625,0,0,0,0,8.463549375,0.2387154375,1.3454875,1.714410625,0,5.4904525,0.0651040625,0,0,0,0,0,0,0,0,0,0,0,0,0,0,0,0,0,0
3530,C125605,1,18035,D03,0,0,0,0,0,0,0,41.12413125,39.301187,0,0,0,0,0,0,0,0,0,11.197920125,0,20.247405625,0,0,0,0,0,0,0,17.0572875,4.1015628125,0,0,0,0.75955,12.369799375,0,0,0,0,0,0,0,0,0,0,0,0.021701375,0,0
3530,C125605,1,18035,D04,0.021701375,1.5842,14.214415625,0,0,0.021701375,0,0,23.06858125,0,0,0,0.021701375,0,0,0,0,0,18.53298375,0,0,20.42101825,0,0,0,0,0,0,19.596325,0.45572875,0,14.3012,65.7334840625,51.236940625,39.822065625,20.3993025,34.0494496875,4.6657840625,0.021701375,0,0,0,0,0,0,0,0,0,0
3530,C125605,1,18035,D05,0,14.32290625,0.7812505625,0,0,0,13.715290625,0,0,0,0,14.04078375,0,0,0,0,0,9.982634375,3.993056875,0,0,0,0,0,0,0,6.3585065625,0,0,0.021701375,15.6683915625,0,7.9426978125,2.951387625,0,0,0,0,0,0,0,0,0,0,0,0,0,0,0
3530,C125605,1,18035,D06,0,0.021701375,0,0,0,13.4331625,1.4322916875,0,0,15.9722340625,0,0,0,0,0,0,0,0,0,0,15.21269,0,0,0,0,0.021701375,14.4314228125,0.2821180625,0,0,0,0,0,0,0,0,0,0.021701375,0,0,0,0,0,0,0,0,0,0,0
3530,C125605,1,18035,D07,0,0,0,9.9609340625,2.3003446875,9.00608125,0.0434028125,10.56857375,6.94444375,3.1466998125,0,0,8.420128125,2.365450875,0,0,0,0,0,0,8.051214625,0,3.125001375,11.111120125,1.4756945,0,7.530396875,2.994792,0,6.9227278125,0.6510416875,0.0434028125,9.4401034375,0.4774303125,0,0,1.3020823125,0.108506875,0,0,0.021701375,0,0,0,0,0,0,0.021701375,0
3530,C125605,1,18035,D08,0,0,15.993909375,2.3220465625,0,3.3203125,6.9010365625,15.75521875,3.19010625,0,0,0,8.85415825,0,0,0,6.640625,12.1745034375,0,0,13.36808125,0,20.29080125,0,0,0,0,0,4.3836875,4.75260625,0,12.65190625,47.6128490625,47.5043878125,21.983488125,37.8472104375,0.282118125,0,0,0,0,0.021701375,0,0.021701375,0,0,0,0,0
3530,C125605,1,18035,D09,0,0,0,0,0,0,0,0,0,0,0,0,0,0,0,0,0,0,0.021701375,0,0,0,0,0,0,0,0.021701375,0,0,0,0,0,0,0,0,0,0,0,0,0,0,0,0,0,0,0,0,0,0
3530,C125605,1,18035,D10,0,0,0,0,0,0,0,0,0,0,0,0,0,7.0963540625,0,20.399309375,0,0,0,0,0,0,0.021701375,0,0.021701375,0,0,0,19.704842,1.4322929375,0,0,0,0.021701375,0,0,0,0,0,0,0,0,0,0,0,0,0,0,0
3530,C125605,1,18035,D11,0,0,8.355036375,0,0,9.700525,1.128471875,0,4.3836803125,0,1.019965625,7.747382,0,4.3619784375,6.271701875,1.5190965,10.481783125,0.086805625,0,0,0,9.548598125,0.4340273125,5.4904521875,0,0,12.9557153125,0,0,5.447034375,4.36198125,1.041666875,0,0,0,0,0,0,0,0,0,0,0,0,10.937509375,1.1718741875,0,0,0
3530,C125605,1,18035,D12,0,0,0,0.021701375,11.0894259375,0,0,0,0,0,9.13628375,0.6293403125,0,0,0,11.06770875,0,0,0,0,0,0,0,0,0,4.0581571875,0,0,0,0,14.0407885625,0,0,0,0,0,0,0,0,0,0,0,0,0,0,0,0,0,0
3530,C125605,1,18035,E01,0,0,0,0.86805625,0.1302084375,0.390625,2.6041655625,0,0,0,0,0,0,0,1.475692,0.021701375,1.236978125,0,0,0,0,0.4774309375,0.1302084375,0,2.170139375,0,0,0,0.824651875,0,0,0.021701375,0,0,0,0,0,0,0,0,0,0,0,0,0,0,0,0,0
3530,C125605,1,18035,E02,16.883684375,1.844620625,0,0,0,17.31771875,0.195312625,0,0,0,17.5998171875,0,0,0,0,0,12.08765,4.926215625,0,0,0,17.708340625,1.432293125,0,0,0,0,15.9071446875,1.041663875,0,0,0,0,0,0,0,0,0,0,17.881946875,0,0,0,0,0,0,0,0,0
3530,C125605,1,18035,E03,0,0.021701375,0,0,0,5.9895784375,0,16.3194559375,0,0,0,0,0,5.6423593125,18.1857784375,0,0,0,0,17.2526,0,1.019963875,4.3402771875,0.021701375,6.358507,0,17.53472875,0,0,0,0,0,19.0755265625,5.251734375,1.25868125,0,0,0,0,0,0,0,0,0,0,0,0,0,0
3530,C125605,1,18035,E04,0,0,0,0,5.4036465625,13.65018125,0.021701375,0,0,0,15.190990625,0,0,0,0,14.1275940625,0,0,5.8376740625,0.62934125,0,0,13.650165625,0,0,0,0,13.454878125,2.0182295,0,0,0,0,0,0,0,0,0,0,0,0,0,0,0,0,0,0,0,0
3530,C125605,1,18035,E05,0,9.89583825,23.502634625,0,0,0,0,0,0,0,0,0,0,0,0,0,0,0,7.5303878125,15.34289125,5.5772603125,10.69880375,2.799478125,0,0,0,12.7604349375,0,0,0,0,0,0,0.021701375,0,0,0,0,0,0,0,0,0,0,0,0,0,0,0
3530,C125605,1,18035,E06,12.999127125,0,3.2118053125,0.086805625,0,0,0,17.3394211875,0,0,0,0,0,0,0,17.6866375,0,3.8411491875,18.6198,0.1519096875,0,0,0,0,0,16.0807265625,0,0,0,15.516503125,0.021701375,0,0,16.10244375,0,0,0,0,0,0,0,0.021701375,0,0,0,0,0,0,0
3530,C125605,1,18035,E07,0,0,0,0,4.9913125,8.2682390625,0,0,0,0,0,0,0,12.803816375,0.021701375,0,0,13.62847125,0,4.40538225,0,0,0,0,12.5433774375,0,0,0,0,0,0,0,0,0,0,0,0,0,0,0,0,0.021701375,0,0,0,0,0,0,0
3530,C125605,1,18035,E08,0,0,5.425346875,1.21527875,0,0,0,0,0.108506875,13.3680625,0,0,0,17.057278125,0,0,0,0,0,0,12.977436875,0.021701375,0,14.3663111875,0,0,0,0,0,13.129347625,0,0,3.450521875,14.778665625,17.0355848125,0,0,0,0,0.021701375,0,0,0,0,0,0,0,0,0
3530,C125605,1,18035,E09,0,0,0,0,0,0,0,0,0,0,0,0,0,0,0,0,0,0,0,0,0,0,0,0,0,0,0,0,0,0,0,0,0,0,0,0,0,0,0,0,0,0,0,0,0,0,0.021701375,0,0
3530,C125605,1,18035,E10,0,0,17.77343125,0,0,0,0,13.45486825,0,0,0,0,6.6189215625,0,18.2074710625,0,0,14.9305125,0.3906259375,0,0,0,0,33.441871875,17.3394315625,0,0,0,0,0,0,0,0,0,0,0,0,0,0,0,0,0,0,0,0,0,0,0,0
3530,C125605,1,18035,E11,3.21180375,0,0,10.7421795,0,0,0,0,0,0,4.4921879375,4.579,9.309898875,0,4.47048575,0,0,0,0,16.8619798125,0,4.839409375,0.2821179375,0,12.4348829375,0,3.9930548125,0.2387153125,0,0,5.0998334375,5.924469375,3.949653125,13.7586910625,0.2387153125,5.0347224375,0,0,0,0,0,0,0,0,0,0,0,0,0
3530,C125605,1,18035,E12,10.80728875,0,0,0,0,4.036459125,0,8.4635375,0,0,0,0,8.094625,2.3437503125,0,0,8.59373825,0,13.9974053125,1.58420275,0,0,0,0,8.7456595,0,0,0,0,0,0,0,0,0,0,0,0,0,0,0,0,0,0,0,0,0,0,0,0
3530,C125605,1,18035,F01,0,0,0,4.8177095,0,0,0,15.6249915625,3.9279528125,0.21701375,0,0,0,0,14.38802125,0,6.922753125,2.43055625,10.5251784375,0,0,0,0,0,0,4.0364615625,0.0434028125,0,0,0,0,0,0,0,0,3.0164939375,0,0,0,0,0,0,0,0,0,0,0,14.301239375,0
3530,C125605,1,18035,F02,0,0,0,0,0,9.7873125,2.3003485625,0,3.7977415,0.108506875,0,0,0,0,11.3932090625,1.1718759375,3.4288196875,0.6510425,0,0,0,0,5.3385435,8.0295118125,0,0,0,0,0,0,0,0,0,0,0,0,0,0,0,0,0,0,0,0,0,0,0,0,0
3530,C125605,1,18035,F03,0,0,0,19.531273875,0.021701375,0,11.8923484375,0,13.3463595,0,0,0,0,17.209203125,2.6041671875,0.021701375,12.999137,0,0,17.838540625,0.3689234375,0,0,0.021701375,20.55124,0,0,0,0,0,0,13.9973899375,9.613719375,2.8645825,0,0,0,0,0,0,0,0,0,0,0,0,0,0,0
3530,C125605,1,18035,F04,0,0,15.88543125,0,0,16.6449559375,0,0,0,0,0,0,0,0,0,0,0,0,13.3897590625,0,0,0,0,0,9.1362975,0,12.152765,0,0.04340275,0,0,0,0,0,0,0,0,0,0,0,0,0,0,0,0,0,0,0,0
3530,C125605,1,18035,F05,0,0,0,0,0,0,0,0,0,8.00781075,3.2552078125,0,0,0,27.191853125,23.9366291875,0,0,0,0,0,0,0,0,8.05121875,21.0069578125,0,0,0,0,0,0,0,61.1762375,47.3090596875,0,0,0,0,0,0,0,0,0,0,0,0,0,0
3530,C125605,1,18035,F06,2.343752,0,11.306413125,2.625868375,0,0,0,3.2986104375,0,0,12.7387125,0.6293410625,0,0,0,15.0824503125,0,0,0,0,13.8454646875,0.2387153125,0,14.561649375,0.23871525,0,0,0,0,10.7856,0,0,0,0,0,0,0,0,0,0,0,0,0,0,0,0,0,0,0
3530,C125605,1,18035,F07,0,16.341146875,1.5625003125,0,0,0,0,0,0,0,16.059037,0,5.794275,1.9965259375,16.080728125,1.0850690625,0,0,0,0,0,0,0.021701375,6.2499990625,2.604167,0,0,17.38281875,1.15017325,9.700521875,2.2569434375,0,4.730915625,19.1188925,1.2152760625,0,0,0,0,0,0,0,0,0,0,0,0,0,0
3530,C125605,1,18035,F08,0,0,0,0,0,0,0,0,0,0,0,0,0,0,3.363715875,0,0,0,0,14.4748440625,0,0,3.05989375,0.4340278125,0,0,0,14.062508375,0.021701375,0,12.326403125,4.3836773125,0,0,0,0,0,0,0,0,0,0,0,0,0,0,0,0,0
3530,C125605,1,18035,F09,0,0,0,0,0,0,0,0,0,0,17.013890625,0,0,0,0,0,0,0.2604165625,20.572934375,0,0,0,0,0.021701375,0,0.021701375,0,5.8159746875,2.864584375,16.57986875,0,0,18.38108125,52.60414825,31.9010121875,0,0,0,0,0,0,0,0,0,0,0,0,0,0
3530,C125605,1,18035,F10,13.324634375,0,0,0,17.816825,1.323786875,0,0,18.0555596875,0,0,0,6.8142503125,0,9.2230625,6.401910125,0,0,0,0,0.47743125,21.3758565625,0,0,0.021701375,19.42274375,0,0.6076375,18.0772790625,0,0,17.947063875,34.375010125,45.985258125,21.0286478125,0,0,0,0,0,0,0,0,0,0,0,0,0,0
3530,C125605,1,18035,F11,0,0,0,0,0,0,0,10.937525,0,0,0,0,0,0,11.6102540625,0,0,0,0,11.458334375,0.0868054375,0,0,0,0,2.669271875,9.6571121875,0,7.3784753125,0,0.021701375,0,0.47743125,4.7743053125,14.105888875,0,0,0,0,0,0,0,0,0,0,0,0,0,0
3530,C125605,1,18035,F12,0,0,0,0,0,0,1.822915625,3.927950625,0,0,0,5.316843125,0,0,0,9.071165625,0,1.08506875,4.3619786875,0,0,0,0,5.837669375,0,0,0,0,0,6.2500135625,0,0,0,0,0,0,0,0,0,0,0,0,0,0,0,0,0,0,0
3530,C125605,1,18035,G01,0,0,0,0,0,0,0,0,0,0,0,0,8.550357625,0.4123265625,0,0,0,0,0,0,0,0,0,0,0,0,6.66233575,0,0,0,0,0,0,0,0,0,0,0,0,0,0,3.8411465625,1.6927075,0,0,0,0,0,0
3530,C125605,1,18035,G02,0,0.021701375,19.7048725,0,0,0,0,21.0069535625,0,0,0,0,11.1328125,8.940971875,0,0,0,0,20.052075625,2.734375125,0,0,0,0,18.7282978125,0,0,13.2161625,4.05815875,0,0,0,10.30816075,0,0,0,0,0,0,0,0,0,0,0,0,0,0,0,0
3530,C125605,1,18035,G03,3.3203125,1.36718875,0,0,8.61545,2.539062,0,0,0,0,0,11.7187503125,0,5.208332625,0,0,0,4.3836793125,11.8272604375,0,0,0,0,0,0,0,6.640621875,6.1197834375,0,0,0,0,0,3.4722245,0,0,0,0,0,0,0,0,0,0,0,0,0,0,0.04340275
3530,C125605,1,18035,G04,0,0,0,0,0,10.15625325,0,0,23.3506785625,0,0,0,0,0,0,0,0,11.32812325,0,0,0,0,8.5937501875,0,0,0,0,0,0,12.5868054375,7.7040059375,1.71441,0.021701375,0,0,0,0,0,0,0,0,0,0,0,0,0,0,0,0
3530,C125605,1,18035,G05,0.021701375,0,0,7.3133766875,0.2387153125,4.231771875,0.021701375,2.213540625,0.75954825,0,0,2.539062125,0,2.105034375,0.1953125,0,0,9.24480275,0,1.671007875,0,3.2552073125,0,0,0,0,0.021701375,0,0,2.517363875,0,0,0,7.7256965625,0,2.71267575,0,0,0,0,0,0,0,0,0,0,0,0,0
3530,C125605,1,18035,G06,0,0,0,5.66406075,0,0,0,2.5173625,2.23524375,0,5.36024125,0,0,0,0,0.021701375,6.119793375,0,0,0,0,0,8.094620625,0,3.97135275,0,0,0,0,0,0,0,0,0,0,0,0,0,0,0,0,0,0,0,0,0,0,0,0
3530,C125605,1,18035,G07,0,0,0,14.4531328125,0,0,0,0,0,0,0,0,0,13.8020621875,0,0,0,6.4670165625,15.79862125,0,0,0,0,0,0.021701375,0,0,0,6.0980996875,1.3020840625,0,0,0,0,0,0.021701375,0,0,0,0.021701375,0,0,0,0,0,0,0,0,0
3530,C125605,1,18035,G08,0,0,0,0,0,0,0,14.7569465625,0,0,11.089420125,1.2803834375,7.9644125,2.9947923125,0,10.24303625,0,0,0,0,0,11.2630346875,0,0,0,0,0,0,0,0,0,7.8776053125,6.18489375,59.9826278125,11.4800510625,0,0,0,0,0,0,0,0,0,0,0,0,0,0.021701375
3530,C125605,1,18035,G09,0.021701375,0,0,0,0.282118125,0.54253575,0,0,0.086805625,0,0,0,0,0,0,0.1519096875,0,0,0,0,0,0,0,0,0,0,0,0,0,0,0,0,0,0,0,0,0,0,0,0,0,0,0,0,0,0,0,0,0
3530,C125605,1,18035,G10,0,7.508686875,0,9.98263125,1.866319625,0,8.6371521875,0.3689234375,0,0,13.4331580625,0.3255209375,0,0,7.0529536875,0,10.48176875,0.32552075,0,6.20659375,0,0,0,0,0,12.32637825,0,0,0,9.548622125,0,0.021701375,0,0,0,0,0,0,0,0,0,0,0,0,0,0,0,0,0
3530,C125605,1,18035,G11,0,0,0,5.729150625,0,5.555556875,1.1501735625,11.95744375,2.951389375,0,0,0,0,0,15.51649575,0,0,0,0,15.2777885625,0,0,0,0,0,0,15.473095125,0,0,0,0,7.595482625,0,0,0,0,0,0,0,0,0,0,0,0,0,0,0,0,0
3530,C125605,1,18035,G12,0,0,0,5.7508673125,0,0,0,0,30.143226375,0.3472221875,0,0,0,0,0,12.4566,0,0,13.43315625,0,0,0,0,10.177940625,0.2604165625,0,13.3897540625,0.0434028125,0,0,0,0,13.2378365625,18.8151228125,15.1692735625,0.3689234375,0,0,0,0,0,0,0,0,0,0,0,0,0
3530,C125605,1,18038,A01,2.3654523125,0.0434028125,0,0,0,0,0,0,0,2.105032125,2.03993125,0,0,0,0,0,0,0,2.1918375,0.82465375,0,0,0,0,0,0,0,0,0,0.3689235625,0,0,0,0,0,0,0,0,0,0,0,0,0,2.4956605625,0,0,0,0,0
3530,C125605,1,18038,A02,0,0,0.6076386875,0,0,0,1.54080075,0,0,0,0.0651040625,0.933160125,0,0,0,1.8012153125,0.021701375,0,1.4322925,0,0,0,0.1953125,0,0,0.086805625,0.6727441875,0,0,0.0651040625,1.150175,0,0,0,0,0,0,0,0,0,0,0,0,0,0,0,0,0,0
3530,C125605,1,18038,A03,0,2.30034825,0,0,0.390625,0,0.390625,0,0.3038191875,0,0,2.712675,0.4123265,0,2.018228125,2.3220488125,0,0,0,3.342012625,0,2.9079865625,0,0,0,0,0,0,0,0,4.361978875,0,0.021701375,0,0,3.710935125,4.014756375,0,0,0,0,0,0,0,0,0,0,0,0
3530,C125605,1,18038,A04,0,0,0,0,0,0,4.7743075,0,0,0,0,0,0,0,0,0,0,0,0.17361125,0,0,0,0,2.3220475,0.9982653125,0,0,0,0,0,0,0,0,0,0,0,0,0,0,0,0,0,0,0,0,0,0,0,0
3530,C125605,1,18038,A05,5.164932625,0,0,0,0,5.3819424375,0.17361125,0,0,0,4.4921760625,0,0,0,0,1.1718746875,0,0,1.041665625,0,0,0,5.598959375,1.5625,0.0651041875,0,0,0,5.381943875,0,5.7291673125,0.217013875,0,0,0,0,0,0,0,0,0,0,0,0,0,0,0,0,0
3530,C125605,1,18038,A06,0.3472225,0,0,0,0,0,1.3020854375,0,0.716145,0,0,0.390625125,0,0,1.4539943125,0.021701375,0,0,0,0.021701375,0,2.061631375,0,0,0.021701375,0.021701375,1.2803811875,0.021701375,0,0,0,0,0,0,0,0,0,0,0,0,0,0,0,0,0,0,0,1.8012145,0
3530,C125605,1,18038,A07,0,2.9513884375,0,0,0,0,0,0,3.2986103125,0.759550125,0,0,0,0.694443125,0,0,0,0,0,2.799480625,1.4973948125,0,0,0,0,0,4.07986075,0,0,0,0,3.016494375,0,0,0,0,0,0,0,0,0,0,0,0,0.021701375,0,0,0,0
3530,C125605,1,18038,A08,0,0,0,0,0,0,0,0,0,0,0,0,0,0,0,0,0,0,0,0.021701375,0.021701375,0,0,0,0,0,0,0,0,0,0,0,0,0,0,0,0,0,0,0,0,0,0,0,0,0,0,0,0
3530,C125605,1,18038,A09,1.996528125,0.434027625,0,0,3.472221875,0.41232775,0,0,0.911458125,0,0,0,0,4.361982,0.021701375,0,0,3.2986115625,0.021701375,0,0,3.385413875,0.2387153125,0,0,2.495659375,1.497393375,0,0,2.777780625,0.2170138125,3.4071179375,0.0651040625,0,0,0,0,0,0,0,0,0,0,0,0,0,0,0,0
3530,C125605,1,18038,A10,0,0,0,0,0,0,0,0,0,0,0,0,0,0,0,0,0,0,0,0,0,0,0,0,0,0,0,0,0,0,0,0,0,0,0,0,0,0,0,0,0,0,0,0,0,0,0,0,0
3530,C125605,1,18038,A11,0,0,0,0,0,0,0,0,0,0,3.125003875,0,0,0,0,4.8611125,2.0399316875,4.253471875,1.453992,0,0,5.295138875,0.0434028125,2.734375625,0,1.866321875,0.434026375,0,4.2534721875,0.282118125,2.9079898125,0.086805625,0,0,0,0,0,0,0,0,0,0,0,0,0,0,0,0,0
3530,C125605,1,18038,A12,0,1.323784375,0,0,0,0,0,0,0,0,0,0,0,0,4.9696179375,0,0,0,1.3888878125,1.562499625,0,0,0,0,3.19010625,0,0,5.5772568125,0.6510403125,0.021701375,0,0,0,0,0,0,0,0,0,0,0,0,0,0,0,0,0,0,0
3530,C125605,1,18038,B01,0,0,0,0,0,0,0,0,0,0,0,0,0,0,0,0,0,0,0,0,0,0,0,0,0,0,0,0,0,0,0,0,0,0,0,0,0.021701375,0,0,0,0,0,0,0,0,0,0,0,0
3530,C125605,1,18038,B02,0,0,0,0,0,9.4184125,0,3.55902775,0,3.211805625,0.868056875,0,8.57204875,0.130208125,4.3619799375,0.0651040625,0,0,0,0,0,0,2.45225625,0.868053875,0,7.5303873125,0,0,0,0,0.021701375,0,9.244794375,0.1736111875,0,0,6.336803125,0.021701375,0,0,3.1684026875,0.021701375,4.340276875,0.0434028125,0,0,0,0,0
3530,C125605,1,18038,B03,0,0,0,0,0,0,0,0,0,0,0,0,0,0,0,0,0,0,0,0,0,0,0,0,0,0,0,0,0,0,0,0,0,0,0,0,0,0,0.021701375,0,0,0,0,0,0,0,0,0,0
3530,C125605,1,18038,B04,0,0,0,0,0,0,0,0,0,0,0,3.407115625,0.021701375,0,0.021701375,0,0,5.750867,0,0,0,0,0,0,0,0.021701375,0,0,0,0,0,2.7126721875,0,0,0,0,0,0,0,0,0,0,0,0,0,0,0,0,0
3530,C125605,1,18038,B05,0,0,0,0,0,0,0,4.4921865625,0,0,0,0,6.44531,0,0.021701375,0,0,4.4921875,0.108506875,3.71093725,0,0.021701375,0,0,0,6.3368054375,0.021701375,0,0,0,2.018230125,0,0,0,0,0,0,0,0,0,0,0,0,0,0,0,0,0,0
3530,C125605,1,18038,B06,0,0,0,0,0,0,0,12.0225725,0,5.4904509375,0.0434028125,7.7256940625,0,0,12.196167,0,0,6.27170025,3.40711875,4.47048625,0,0,0,0,0,0,0,0,12.3914875,2.5390625,4.4704885625,0,0.021701375,0,0,0,0,0,0,0,0,0,0,0,0,0,0,0,0
3530,C125605,1,18038,B07,0,5.1866309375,3.8194465625,0.04340275,0,0,0,4.1015621875,0.0651040625,0,0,0,7.0529511875,0,4.9045153125,0,10.41667375,0.1519096875,0,3.862848125,0,1.627603125,0.8463528125,4.51389125,0.9114596875,0,0,5.2517345,0.5425345,4.4704871875,0.32552075,0,4.0147609375,0.7378468125,6.987849625,0,5.729169375,0.021701375,0,0,0,0.021701375,0,0,0,0,0,0,0
3530,C125605,1,18038,B08,0,4.29687625,0.0868054375,4.296864625,0.4340275,0,0,7.55208125,0.195312375,4.9044996875,0.303819375,0,0,0,0,0,4.81771875,1.8880221875,0,0,9.483507625,1.2152800625,0,0,0,0.021701375,0,0,0,0,0,3.125,5.4687438125,0,0,0,0,0,0,0,0,0,0,0,0,0,0,0,4.1015625
3530,C125605,1,18038,B09,0.7812491875,0,0,1.10677,0,0.73784825,0.021701375,0.434028125,0.73784875,0,0.802953125,0,1.0633686875,0,0.802952625,0,0,0,0,0,0.868054375,0.824651875,0,0,0,0,0.88975625,0.0651040625,0.802953125,0,1.1284728125,0,0.021701375,0,0,0,0,0,0,0,0,0,0,0,0,0,0,0,0
3530,C125605,1,18038,B10,0,1.909721875,1.7144094375,6.6406303125,0.325520625,0,0,0,0,0,0,6.3151055625,0,7.118049375,0,0,4.5572935625,0,0,0,0,0,5.056425,1.302082625,0,0,0,8.485242625,0,0,2.43055875,0,0,0,0,0,0,0,0,0,0,0,0,0,0,0,0,0,0
3530,C125605,1,18038,B11,0,0,0,0,5.83767325,0.390625125,0,0,9.2230871875,0,0,0,0,0,0,0,0,0,0,0,4.2968721875,0,0,0,0,0,4.44878325,0.3038195,0,0,5.8376844375,0,6.3368065625,0,0,0,0,0,0,0,0,0.021701375,0,0,0,0,0,0,0
3530,C125605,1,18038,B12,0,9.353290625,0.303819375,0,0,9.3316096875,0,4.8611125,0.021701375,0,0,0,0,8.15971875,0.8897575,2.604165625,0.04340275,0,0,0,0,8.767369375,0.086805625,0,4.9479184375,0,0,0,0,3.797740625,4.25347,0,0,0,0,0,0,0,0,0,0,0,0,0,0,0,0.021701375,0,0
3530,C125605,1,18038,C01,0,0,0,0,0,7.2048735625,0,0,0,0,0,8.2899325,0,0,0,0,0,0,0,2.99479375,0.021701375,0,0,0,6.1631928125,0,0,0,0,0,5.902790625,8.96266625,0,0,0,0,0,0,0,0,0,0,0,0,0,0,0,0,0
3530,C125605,1,18038,C02,0,0,0,0,0,0.04340275,0,8.5503375,2.9730921875,0,0,0,10.6337085625,0.13020825,0,0,0,9.5920266875,0,0,0,0,0,0,0,10.807285625,0.0651040625,0,0,0,0,0,0,0,0,0,0,0,0,0,0,0,0,0,0,0,0,0,0
3530,C125605,1,18038,C03,0,0,0,2.322046875,0,0,2.669272,0.737847125,4.47048525,0,4.1883674375,0,0,0,3.5156256875,0,0,0,0,0,0,0,1.3454848125,0,6.206595125,0.8680565625,5.4904479375,5.1432295,0.0651040625,0,0,0,0,0,0,0,0,0,0,0,0,0,0,0,0,0,0,0,0
3530,C125605,1,18038,C04,0,0,0,0,0,0,6.9878475,5.664063875,0,0,0,0,6.879340625,2.9947885625,0,0,0,0,0,0,0,7.595484375,0,0,0,0,6.8576366875,0,0,0,0,4.8828125,6.727431,12.8689290625,3.7543399375,0,0,0,0,0,0,0,0.021701375,0,0,0,0,0,0
3530,C125605,1,18038,C05,0,0,5.31685,10.0260375,0,0,0,0,0,0,0,16.4713640625,0,8.5069493125,2.582465625,11.545142125,0,0,0.021701375,0,0,8.1814109375,0.1519098125,0,0,0,7.2699691875,0,0,0,13.129333125,0,0,0,0,0,0,0,0,0,0,0,0,0,0.021701375,0,0,0,0
3530,C125605,1,18038,C06,0,0,0,0,0.021701375,9.830725,2.7126740625,0,0,0.021701375,0,0,11.306428125,0.2387151875,0,0,0.021701375,11.43663375,0.021701375,0,0.0651040625,10.4166696875,0,0,0,0.021701375,0,0,0,0,0,0,0,0,7.2265625,3.9496515625,0,0,0,0,0,0,0,0,0,0,0,0,0
3530,C125605,1,18038,C07,0,0.021701375,0,6.7925375,0,0,0,0,0,0,9.092878125,1.4539938125,0,5.164930625,0.2170138125,0,0,0,9.4184109375,0,0,6.0112771875,0.195312625,0,0,0,0.021701375,0,0,0,0,0,0,0,0,0,0,0,0,0.021701375,0,0,0,0,0,0,0,0,0
3530,C125605,1,18038,C08,0,0,0,15.017359375,0.3038195,0,0.021701375,0,0.021701375,0,0,0,0,0,0,0,8.11633575,0,0,5.4036375,10.0694316875,0,0,0,0,0,15.516482625,0,0,0,7.204868125,6.8793259375,0,0,0,0,0,0,0,0,0,0,0,0,0,0,0,0,0
3530,C125605,1,18038,C09,0,0.04340275,0,0,0,0,0,0,0,0.021701375,0,0,0,0,0,0.021701375,0,0,0,0,0,0,0.021701375,0,0,0,0,0,0,0,0,0,0,0,0,0,0,0,0,0,0,0,0,0,0,0,0,0,0
3530,C125605,1,18038,C10,0,0,0,0,0,12.391497,0.303819375,0,0,0,0,0,0,4.644090625,2.5390618125,2.5173625,0.7595491875,0,0,12.58679575,0,5.09983425,0,0,0,0,0,6.271704375,0.9982650625,0,0,0,0,0,0,0,0,0,0,0,0,0,0,0,0,0,0,0,0
3530,C125605,1,18038,C11,11.97915825,0.04340275,0,0,0,0,0,0,6.70573125,2.018228125,3.689234375,6.0763865625,0,0,0,0,0,0,0,0,0,0,0,0,0,0,0,12.28298325,0.021701375,0,0,0,0,0,0,0,0,0,0,0,0,0,0,0,0,0,0,0,0
3530,C125605,1,18038,C12,4.9262166875,0,0,0,11.1328065625,4.6223965625,0.0434028125,0,0,0,0,0,0,3.8628490625,0.0868055625,0,0,0,0,0,8.59374125,0.0651041875,0,0,0,0,3.6024310625,0,0,0,0,0,4.5572899375,0.108507,0,0,0,0,0,0,0,0,0,0,0,0,0,0,0
3530,C125605,1,18038,D01,0,0,0,0,0,11.675332625,0,0,0,0,0,0,15.5164971875,0,0,0,0,0,0,14.8654496875,0,0,0,0,0,0,0,0,5.36024375,0,0,0,15.01736625,0.737846875,0,0,0,0,0,0,0,0,0,0,0,0,0,0,0
3530,C125605,1,18038,D02,0,2.9730899375,0,0,2.886285,0.0651040625,0,2.9079871875,0,0,1.7361125,1.041667,0,0.17361125,2.3220478125,0,3.03819375,0,0,2.7560753125,0,2.690971875,0.086805625,0,2.799478125,0,1.0633698125,0,0,2.7994790625,0.021701375,0,0,0,0,0,0,0,0,0,0,0.021701375,0,0,0,0,0,0,0
3530,C125605,1,18038,D03,0,0,0,0,0,0,0,0,0,0,0,0,0,0,0,0,0,0,0,0,0,0,0,0,0.021701375,0,0,0,0,0,0,0,0,0,0,0,0,0,0,0,0,0,0,0,0,0,0,0,0
3530,C125605,1,18038,D04,0,17.81684125,0,0,0,0,7.63888375,0.21701375,0,0.021701375,0,0,0,0.021701375,0,0,0,0,13.997378125,0.368925,0,0.021701375,0.021701375,0,0,0,12.1527736875,0.15190975,0,11.8272384375,1.5407979375,0,0,0,0,0,0,0,0.021701375,0,0,0.021701375,0,0,0,0,0,0,0
3530,C125605,1,18038,D05,0,0,0,0,0.021701375,0,0,0,9.0060660625,0,0.021701375,0.04340275,4.27517325,0.17361125,8.2465228125,7.53037025,0,0,0,5.31683775,0,0.021701375,0,0,0,0,0,0,0,0,0,0,0,0,0,0,0,0,0,0,0,0,0,0,0,0,0,0,0
3530,C125605,1,18038,D06,0,0,0,0,0,0,0,0,0,0,0,0,0,0,0,0,0,0,0,0,0.021701375,0.021701375,0,0,0,0,0,0,0,0,0,0,0,0,0,0,0.021701375,0,0,0,0,0,0,0,0,0,0.021701375,0,0
3530,C125605,1,18038,D07,2.6692741875,0,0,0,5.3385448125,0,3.971357625,0.49913125,0.021701375,0,0,0,7.7039915625,0,0.021701375,0,2.669270125,0,3.01649375,3.776041375,0,0,5.38194375,2.14843825,0,0,0,0,0,6.6406265625,0,0,0,0,7.0963546875,0,0,0,0,0,0,0,0,0,0.021701375,0,0,0,0
3530,C125605,1,18038,D08,4.882812625,0,0,0,8.3767195,0,0,0,0,0,0,0,0,6.8142328125,0,0,0,0,0,0,7.0746578125,0.5425346875,0,0,0,1.15017325,7.1180571875,0,0,7.8125,0.238715125,0,0,0,0,0,0,0,0,0,0,0,0,0,0,0,0,0,0
3530,C125605,1,18038,D09,0,13.8454765625,0,0,0,0,0,13.4982778125,0,0,0,18.0121403125,0,0,0,7.79079775,0,0,0,7.1831534375,0,0,17.9470473125,0,0,0,0,0,0,0,0,0,0,0,0,0,0,0,0,12.304684375,7.5520828125,0,0,0,0,0,0.021701375,0,0
3530,C125605,1,18038,D10,0.3906259375,0,0,0,1.996528125,2.6692686875,0,7.291666375,0.021701375,0,0,0,0,0,3.9713528125,0,0,0,0.021701375,0,0,4.7526015,5.707465,0.4340291875,2.06163125,0.0651040625,0,0.303819375,4.405381625,0,3.9496540625,0,0,0,0,0,0,0,0,0,0,0,0,0,0,0,0,0,0
3530,C125605,1,18038,D11,0,0,5.468746875,0.7595486875,0,2.9730903125,0,0,0,0,3.906251375,7.4001715625,0,0,6.944449375,0,3.7977448125,0.36892375,0,0,0.368925,2.3003465,0,0,0,6.0980928125,7.660587625,0.021701375,0,3.05989375,1.9748255625,0,0,0,0,0,0,0,0,0,0,0,0,0,0,0,0,0,0
3530,C125605,1,18038,D12,0,0,0,0,0,0,0,0,0,0,0,0,0,0,0,0.021701375,0,0,0,0,0,0,0,0,0,0,0,0,0,0,0,0,0,0,0,0,0,0,0,0,0,0,0,0,0,0,0,0,0
3530,C125605,1,18038,E01,0,0,0,0,0,0,0,0,0,0,0,0,0,0,0,0,0,0,0,0,0,0,0,0,0,0,0,0,0,0,0,0,0,0,0,0,0,0,0.021701375,0,0,0,0,0,0,0,0,0,0
3530,C125605,1,18038,E02,0,0,0,0,0,4.2534728125,0.3906248125,0,0,0,0,0,0,8.63715625,1.3671878125,0,0,0,0,6.597221875,0.47743075,0,0,0,0,0,0,0,4.68749875,0.021701375,0,0,0,0,0,3.8194375,6.228301625,0,0,0,0,0,0,0,0,0,0,0,0
3530,C125605,1,18038,E03,0,0,0,0,0,0,0,0,0,0,0,0,0,0,0,0,0,0,0,0,0,0,0,0.021701375,0,0,0,0,0,0,0,0,0,0,0,0.021701375,0,0,0,0,0,0,0,0,0,0,0,0,0
3530,C125605,1,18038,E04,2.2786459375,2.7560754375,0,0,0,0,0,4.40538125,2.9730898125,0,0,0.04340275,0,0,0,0,10.0043245,0.021701375,0,0,0,5.1649323125,0,7.052949375,0,0,0,0,0,0,0,0,3.6675340625,0.3038195,0,0,0,0,0,0,0,0,0,0,0,0,0,0,0
3530,C125605,1,18038,E05,12.630210625,0,12.3264065625,0.021701375,0.021701375,0,7.335075,0.520833125,12.3263828125,0,0,0,0,0,0,0,0,0,7.118069375,0.7595484375,0,0,0,0,0,12.43491875,0,0,0,0,0,0,0,14.82203575,0,0,0,0,0,0,0,0,0,0,0,11.827240625,0.737849625,0,0
3530,C125605,1,18038,E06,0,0,0,0,0.021701375,0.021701375,4.839410375,0,2.191840625,7.98611325,0,5.381945125,0,0,0,0,0,0,4.947913875,0,7.595478125,5.946170875,6.1631948125,0.021701375,0,0,0,0,0,5.42534825,4.427084375,4.7526125,0,4.644096875,0.412326375,0,0,0,0,0,0,0,0,0,0,0,0,0,0
3530,C125605,1,18038,E07,0,0,0,0,0,0,2.1701399375,0,0,4.882821875,2.3437486875,0.021701375,0,0,0,0,0,0,0,0,0.6510415625,0,6.4887125,0,0.021701375,1.8880229375,0,0,0,0,0,0,0,0,0,0,0.021701375,0,0,0,0,0,0,0,0,0,0,0,0
3530,C125605,1,18038,E08,0,10.156236875,0.2387153125,0,0,0,0,0,5.533853125,0.108507,0,6.0763875,1.627603375,4.231771875,0.520832875,0,0,0,0,0.04340275,4.96961775,0,0,0,0,8.0946284375,0.2604166875,2.6909740625,0,0,0,0,0,9.331600875,0,0,0,0,0,0,0,0,0,0,0,0,6.05468825,0,0
3530,C125605,1,18038,E09,0.8246528125,0,0,19.2057375,0,0,0,0,0,0,0,13.085928125,3.559028875,8.3333234375,17.16579375,2.018228125,0,0,15.1258585625,0,0,0,0,0,0,18.07725625,0,0,0,0,0,15.538209625,0,8.3116315625,10.915788125,0.21701375,0,0,0,0,0,0,0,0,0,0.021701375,0,0,0
3530,C125605,1,18038,E10,0,8.52864025,1.953125,0,0,15.169278125,5.2517378125,0,0,0,0,17.68662125,0,0,0,0,0,0,16.861984375,2.51736125,11.7404625,0.93316,8.875864375,0.108506875,17.33942625,6.4887010625,1.953125,0,0,0,0,0,0,0,0,0,0,0,0,0,0,0.021701375,0,0,0,0,0,0,0
3530,C125605,1,18038,E11,0,0,0,0,0,15.4730954375,0,0,5.815979625,0,0,0,0,0,6.1197915625,0.6076384375,0,0,16.059053125,0,0,0,0,6.2716978125,0,0,0.021701375,0,0,0,18.402758125,0,0,0,0,0,0,0,0,0,0,0,0,0,0,0,0,0,0
3530,C125605,1,18038,E12,0,0,0,0,0,0,0,0.021701375,10.0911429375,0,0,0,0,0,5.577271875,3.1684029375,0,0,4.51388125,0.086805625,0,0,0,0,0,0,7.7473990625,14.8437436875,0,0,0,0,0,7.552071875,6.228304625,0.5859379375,0,0,0,0,0,0,0,0,0,0,0,0,0
3530,C125605,1,18038,F01,0,0,5.0130195,0,0,0,0,0,0.0651040625,6.1197823125,0,0,0,0,0,0,0,0,0,0,3.320314,0,0,0,0,6.01128125,0.8029525,0,0,0,0,0,0,0,0,0,0,0,0,0,0,0,0,0,0,0,0,0,0
3530,C125605,1,18038,F02,2.3003471875,0,0,4.4921879375,2.669269375,0,1.866317625,0,0,0,0,0,0,0,0,3.819442,0.759549375,3.8845471875,0.694444375,0,4.83940625,2.408855625,0,1.1067709375,3.27690875,0,0,0,1.8880210625,0,2.235245,0,0,0,0,0,0,0,0,0,0,0,0,0,0.021701375,0,0,0,0
3530,C125605,1,18038,F03,0,0,0.021701375,3.125,3.7109366875,0,0,0.86805625,3.4288191875,0,0,0,0,4.036459375,0.325521,0,3.4939235625,0.1953125,0,0,0,0,4.904512625,0.0434028125,0,0,0,3.993055625,0.6727445,0,0,0.021701375,0,6.380208375,0.021701375,0,0,0,0.021701375,0,0,0,0,0,0,0,0,0,0
3530,C125605,1,18038,F04,0,0,0,0,0,0,0,0,0,0,0,0,5.1649361875,0.021701375,0,0,0,0,0,0,11.1762040625,0.0651041875,0,7.9861141875,1.6493073125,0,0,0,0,0,0,0,0,0,0,0,0,0,0,0,0,0,0,0,0.021701375,0,0,0,0
3530,C125605,1,18038,F05,0,3.9713543125,0,0,0,0,0,3.5807296875,0,0,0,9.09288375,0.0651040625,0,0,0,0,0,9.7873221875,0,8.0512178125,0,0,0.021701375,4.5572934375,0.9548625,0,0,0.65104125,3.10329975,0,0,0,0,0,0,0,0,0,0,0,0,0,0,0,0,0,0,0
3530,C125605,1,18038,F06,0,0,0,0,0,0,0,0,0,0,0,0,0,0,0,0,0,0.021701375,0,0,0,0,0,0,0,0,0,0,0,0,0,0,0,0,0,0,0,0,0,0,0,0,0,0,0,0,0,0,0
3530,C125605,1,18038,F07,0,4.2751754375,0,1.7144115625,0.04340275,0,5.4687523125,0,0,0.108506875,0,0,4.253471875,0,4.5138884375,0,2.7126743125,0,0,4.0364554375,0,4.27517625,0.2604168125,0,4.0581596875,6.42361075,0.1302084375,0.021701375,3.4505210625,3.667536375,0,1.8880223125,0,3.4288196875,0,0.2387153125,0,0,0,0,0,0,0,0,0,0,0,0,0
3530,C125605,1,18038,F08,0,0,0,0,0,0,0,0,8.9192584375,0,0,0,0,0,0,0,8.376724375,0,3.81945625,1.302081875,0,9.6788035625,0,0,0,0,0,5.0564229375,0.021701375,0,0,8.0512160625,0.7378475,4.427080125,0.0434028125,0,0,0,0,0,0,0,0,0,0,0,0,0,0
3530,C125605,1,18038,F09,8.8541528125,2.1050368125,0,1.9965290625,1.822918875,0,8.5503490625,0.4991321875,1.7144096875,0,0,0,6.944455625,0.6510416875,0.8463545,6.5104165625,0,0,0,0,6.857627,0.5208331875,0,0,8.311635,0,0,6.879345125,3.51562725,0.021701375,0,0,6.640624375,0.021701375,6.879340625,1.041666375,0,0,0,0,0,4.8177075,0.6510415625,0.021701375,0,0,0,0,0
3530,C125605,1,18038,F10,0.021701375,0,0,0,0,0,0,0,0,0,0,0,0,0.021701375,0,0,0,0,0,0,0.021701375,0,0,0,0,0,0,0,0,0,0,0,0,0,0,0,0,0,0,0,0,0,0.021701375,0,0,0,0,0,0
3530,C125605,1,18038,F11,8.441838125,0.04340275,0,0,0,0,0,0,0,0,0,0,0,6.618919375,0,0,0,0,0,9.244788125,8.3984411875,0,0,0,6.55380625,0.0651041875,0,5.794264,0.021701375,10.0260421875,0,0,0,0,0,0,0,0,0,0,0,0,0,0,0,0,0,0,6.0980896875
3530,C125605,1,18038,F12,0,0,0,0,0,0,0,0,0,0,0,0,0,0,0.021701375,0,0,0,0,0,0,0,0,0,0,0,0,0,0,0,0,0,0,0,0,0,0,0,0,0,0,0,0,0,0,0,0,0,0
3530,C125605,1,18038,G01,0.4123275,0,0,0,0,0.3038195,0,0,0,0,0.3255210625,0,0,0,0,0.2821179375,0,0,0,0.5642375,0,0,0,0.32552075,0,0,0,0,0,0.4123260625,0,0,0,0,0,0,0,0,0,0,0,0,0,0,0,0,0,0,0
3530,C125605,1,18038,G02,0,0,0,0,0,0,0,0,0,0,0,0,0,0,0,0,0,0,0,0,0,0,0,0,0,0,0,0,0,0,0,0,0,0,0,0,0,0,0,0.021701375,0,0,0,0,0,0,0,0,0
3530,C125605,1,18038,G03,0,0,0.303819375,4.253471875,0.802951375,0.021701375,0,6.2933996875,0,0,0,0,0,0,0,4.18836875,1.605903125,0.108507,0,4.123265625,2.47396,4.57899375,0.2604165625,0,0,0,0,0,0,2.9296875,2.84288125,0,0,0,0.021701375,0,0,0,0,0,0.021701375,0,0,0,0,0,0,0,0
3530,C125605,1,18038,G04,0,0,0,0,0,4.253459375,3.8845459375,0,0,0,0,0,5.707464,0.0651040625,0,0,0,8.6805586875,0,0,0,4.6657985625,0,0,0.021701375,0,0,0,0,0,0,0,0,0,0,0,8.0078048125,0,0,0,0.021701375,0,0,0,0,0,0,0,0
3530,C125605,1,18038,G05,0,0,0,0,0,0,0,0,0,0,0,0,0,0,0.021701375,0,0,0,0,0,0,0,0,0,0,0,0,0,0,0,0,0,0,0,0,0,0,0,0,0,0,0,0,0,0,0,0,0,0
3530,C125605,1,18038,G06,12.0876679375,0,0,0,0,0,9.80901375,0.6510424375,0,0,0,0,0,0,0,0,4.926228125,4.014758125,0,6.705734375,0.28211775,0,0,0,0,0,0,10.1996621875,0,0,0.021701375,0,0,0,0,0,0,0,0,0,0,0,0,0,0,0,0,0,0
3530,C125605,1,18038,G07,0,0,0,0,0,0,0,0.021701375,6.98784675,0,0,11.458317,1.7795140625,0,0,18.250884375,0,0,0,0,0,0,0,0,19.878465,0,0,0,0,0,0,21.22393125,0,0,0,0,0,0,0,0,0,0,0,0,0,0,0.021701375,0,0
3530,C125605,1,18038,G08,0,0,3.667534375,0.412326375,0,14.1493274375,0,0,0,0,0,0,0,0,0,0,0,6.20659,1.0633665625,0,0,0,0,14.2794965625,3.2118059375,0,0,0,12.8689229375,0,0,0,0,0,0,0,0,0,0,0,0,0,0,0,0,0,0,0,0.021701375
3530,C125605,1,18038,G09,0,0,7.18315625,2.7560741875,17.1658004375,1.3454865625,0,0,0,3.90625,8.224820625,0,0,0,0,18.8802040625,0,8.07292375,0,4.817719375,11.1979295,7.8993,4.101561875,0,19.4878375,0,0,0,0,0,13.585065625,0.6293415625,3.4939375,20.3559128125,15.104161875,0,0,0,0,0,0,0,0,0,0,0,0,0,0
3530,C125605,1,18038,G10,0,0,0,0,0,0,0.9331603125,0,0,0.7595485625,12.5867991875,0,0,4.6223946875,0,0,10.59026625,0,0,0,0,0,0,0,0,0,0,6.7925340625,0,0,0,0,8.89757125,0,0,0,0,0,0,0,0,0,0,0,0,0,0,0,0
3530,C125605,1,18038,G11,0,0,0,4.2968725,0.9114596875,0,0,0,0,9.15796875,1.5624991875,0,0,0,0,5.0781210625,0,0,0,0,0,5.7508665625,0,0,0.021701375,0,0,0,9.830703125,0.130208125,0,0,0,5.36024375,0,0,0,0,3.7760428125,0.716145875,0,0,0,0,0,0,0,0,0
3530,C125605,1,18038,G12,0,1.7795146875,0,0.021701375,0,2.2569434375,0.5425348125,0.889758125,2.256942,0,0,0,0,4.2100654375,1.7578135625,1.90972275,4.0147578125,0,0,0,3.819447,0,2.3003461875,0,0,0,0,2.0399291875,1.08507,1.1935771875,0,4.4704865625,0,0,0,0.021701375,0,0,0,0,0,0,0,0,0,0,0,0,0
3530,C125605,1,18039,A01,0,0,0,0,0,5.381945625,3.6675346875,0,0,0,8.832459375,2.7994791875,0,0,0,0,0,0,0,8.4418346875,0,0,0,1.9748259375,8.832460625,0,0,0,0,7.7908003125,0.13020825,0,0,0,0,10.8289946875,0.0434028125,0,0,0,0,0,0,0,0,0,0,0,0
3530,C125605,1,18039,A02,0,0,3.3420149375,0,0,0,0,0.021701375,7.921005,0,0,0,1.974828125,0,0,0,0,0,0,0,0,4.6657985625,0,0,0,0,0,4.34027775,0,0,0,0,0,0,0,0,0,0,0,0,0,0,0,0,0,0,0,0,0
3530,C125605,1,18039,A03,0,0,6.271700625,0.3472221875,8.550359375,0.368923375,0,0,0,5.3819455625,0,6.3802103125,0,0,4.9045136875,0,0,0,0.716146875,6.835936375,0,0,0,0,0,8.9192678125,1.3888875,0,5.5338540625,0.71614575,0,0,2.4956604375,0.195312625,0,0,0,0,0,0,0,0,0,0,0,0,0,0,0
3530,C125605,1,18039,A04,1.7578115,0,0,0,0,14.9739560625,0,0,5.685761875,0,0,0.1302084375,5.2517379375,0,0,0,13.4331715625,0,7.9209971875,0,0,0,6.141493125,0.021701375,9.7222225,0,0,0,5.6423628125,0.021701375,0,0.021701375,0.390625,5.056410375,0,0,0,0,0,0,0,0,0,0,0,0,0,0,0
3530,C125605,1,18039,A05,0,7.052965625,0,0,0,0,0,0,0,0,6.2282946875,0,0,0,0,0,0,7.031259375,0,0,5.9244815625,0,0,0,0,0,0,0,0,0,0,0,0,0,0,0,0,0,0,0,0,0,0,0,0,0,0,0,0
3530,C125605,1,18039,A06,4.16666875,2.3654509375,5.9027796875,0,0,0,0,0,0,0,0,3.645834375,3.1250005625,0,5.1866303125,0,1.6059040625,0.0868055,0,0,0,9.6571253125,0.04340275,0,3.710938125,0,5.1866303125,0,0,0,0,0,0,0,0,0,0,0,0,0,0,0,0,0,0,0,0,0,0
3530,C125605,1,18039,A07,0,0,0,0,0,0,0,0,0,0,0,0,3.05989575,0,0,0,0,0,0,0,0,0,0,0,0,0,0,0,3.1684040625,2.3003479375,0.021701375,0,0,0,0,0,0,0,3.4505215625,0,0,0,0,0,0,0,0,0,0.021701375
3530,C125605,1,18039,A08,0.021701375,0,4.36197875,0.086805625,1.844617,0,0,0,0,0,0,0,0,0,2.777776,1.8012145,1.302082875,0,0,0,3.42882125,0.151909625,2.842884,0,0,4.9696175,0,0,2.2352434375,0.021701375,0.021701375,0,0,0,0,0,0,0,0,0,0,0,0,0,0,0,0,0,0
3530,C125605,1,18039,A09,0,13.693589625,0,0,0,13.3897575,0,0,0,0,0,0,0,0.021701375,0,0,0,0,11.631953125,1.8446174375,8.072904375,16.1675173125,1.2586778125,10.9157845,0,0,0,0,0,7.2916660625,0.021701375,0,0,0,0,0,0,0,0,6.0329878125,0,0,0,0,0,0,0,0,0
3530,C125605,1,18039,A10,0,0,3.9062521875,0.347222,0,0,0,7.9861098125,0,0,0,9.09286875,0.4557293125,0,0,0,6.0547028125,2.7560803125,0,7.725708125,0.021701375,0,5.2734375,1.1284735625,0,0,0,8.007809375,7.3350699375,0,0,0,0,8.7456594375,0,0,0,0.021701375,0,0,0,0,0,0,0,0,0,0,0
3530,C125605,1,18039,A11,0,5.62065725,0.021701375,0,0,0,9.5052090625,0.1953124375,4.926209375,8.919268375,0.130208375,0,0,0,0,0,0,0,0,0,8.528634375,0,0,3.363715625,0.13020825,0,0,0,0,0,5.1215284375,0,0,0,0,0,0,0,0,0,0,0,0,0,0,0,0,0,0
3530,C125605,1,18039,A12,0,0,4.644099375,0.021701375,0,0,1.0633678125,0,0,5.815972125,0,0,4.4487859375,0,0,0,0,0,0,2.5390625,5.6857625625,4.0364568125,0,0,0,0,5.3602415625,0.108506875,5.2083310625,0,7.660563125,0.520833375,0,0,0,0,0,0,0,0,0,0,0,0,0,0,0,0,0
3530,C125605,1,18039,B01,0,0,0,0,0,0,0,0,0.021701375,0,0,0,0,0,0,0,0,0,0,0,0,0,0,0,0,0,0,0,0,0,0,0,0,0,0,0,0,0,0,0,0.021701375,0,0,0,0,0,0,0,0
3530,C125605,1,18039,B02,0,0,9.0060785625,0,0,0,0,12.54339625,0,0,0,0,0,0,8.2465265,0,0,0,0,0,9.7873125,2.3220499375,4.3836821875,0.086805625,0,0,0,0,0,0,0,0,0,0,0,0,0,0,0,0,0,0,0,0,0,0,0,0,6.4670128125
3530,C125605,1,18039,B03,7.4652790625,0.021701375,0,3.689243125,7.4218878125,0,0,0,0,0,0,0,11.979167,2.3437510625,0.0651041875,0,0,0,0,13.802080625,6.3151028125,0.021701375,0,5.88108125,1.0199649375,11.154513875,0.130208125,0,0,0,0,0,0,0,0.021701375,0,0,0,0,0,0,0,0,0,0,0,0,0,0
3530,C125605,1,18039,B04,0,0,0,0,0,0,0,0,0,0,0,0,0,0.021701375,0,0,0,0,0,0,0,0,0,0,0,0,0,0,0,0,0,0,0,0,0,0,0,0,0,0,0,0,0,0,0,0,0,0,0
3530,C125605,1,18039,B05,4.665800625,0,0,0,7.3567841875,4.14496525,0.2604166875,0,0,0,0,0,0,0,0,4.0798605625,4.7960073125,9.50519625,0.021701375,0,0,0,0,0,0,0,0,0,0,0,0,0,0,0,0,0,0,0,0,0,0,0,0,0,0,0,0,0,0
3530,C125605,1,18039,B06,0,0,0,4.2968755625,0,0,0,0,0,7.18315825,0,0,0,9.44010325,0,0,0,0,0,0,0,0,0,0,0,8.333330625,0,0,0,0,0,0,0,0,0,0,0,0,0,0,0,0,0,0,0,0.021701375,0.021701375,0,0
3530,C125605,1,18039,B07,0,6.141503125,0,0,0,8.0295254375,0.0434028125,0,0,0,4.600696875,0.3689235625,0,2.582463375,0,0,6.857635625,0.0868054375,1.15017325,0.021701375,0,0,0,0,0,0,0,0,5.7291684375,0.021701375,0,0,0,0,0,0,0.021701375,0,4.1015625,0.021701375,0,0,0,0,0,0,0,0,0
3530,C125605,1,18039,B08,0,0,0,0,0,0,0,5.881076875,0,11.5017534375,0,0,0,5.70746875,1.2152790625,5.2734375,2.0399295,0,0,4.0581665625,8.44183225,0,0.021701375,0,10.9158,1.2586791875,0.021701375,0,0,7.13976,0.0651040625,0,0,0,0,7.834190625,1.30208125,0,0,0,0,0,0,0.021701375,0,0,0,0.021701375,0
3530,C125605,1,18039,B09,8.072926375,1.996527125,0,0,0,0,0,0,0,5.056422,0.13020825,0,0,1.714409375,0.998265125,0,8.0295241875,0.0434028125,4.4270853125,0.8897573125,0,0,0,0,3.537323875,0,0,0,0,0,0,0,0,0,0,0,0,0,0,0,0,0,0,0,0,0.021701375,0,0,0
3530,C125605,1,18039,B10,0,0,0,0,14.7135375,7.5737834375,0,0,0,20.2691121875,0.629340625,0,14.822038125,2.039930625,11.76214125,8.485237,0,11.089390625,0.13020825,1.041665625,25.13020875,0,0,0,0,0,0,0,0,0,0,0,0,0,0,0,0,0,0,0,0,0,0,0,0,0,0,0,0
3530,C125605,1,18039,B11,0,0,0,0,0,0,0,0,0,0,0,0,0,0,0,0,0,0,0,0,0,0,0,0,0,0,0,0,0,0,0,0,0,0,0.021701375,0,0,0,0,0,0,0,0,0,0,0,0,0,0
3530,C125605,1,18039,B12,0.2387153125,0,0,0,0.021701375,0.217013875,0,0,0,1.90972125,0,0,0.390625,0,0,0.217013875,0,0,0.672743125,0,0,0,0,1.757813125,0,0.3038195,0,0,2.19184125,0,0,0,0,0,0,0,0,0,0,0,0,0,0,0,0,0,0,0,0
3530,C125605,1,18039,C01,0,0,0,0,13.129353125,0.0434028125,3.9496541875,0,0,0,0,0,10.30815625,4.40538325,7.8559078125,0.564235,8.76735,0.3472221875,0,0,0,3.472224375,0.13020825,18.7065885,0,0,0,0,0,0,0,0.021701375,11.9140496875,5.729164,16.102432625,2.625867,0,0,0,0,0,0,0,0,0,0,0,0,0
3530,C125605,1,18039,C02,0,0,4.1666659375,0.086805625,5.70746875,5.598957375,0,0,0,0,0,0,0,0,4.5572923125,0.04340275,0,0,0,0,11.1328125,1.410591625,0,0,0,0,0,0,0,5.664053125,0.1302081875,0,0,4.7092,0.8246529375,0,0,0,0,0,0,0,0,0,0,0,0,0,6.467012
3530,C125605,1,18039,C03,4.3402790625,0.238715125,0.021701375,0,10.8723916875,0.0868054375,0,0,0,0,0,0,0,0,0,0,9.5703075,0,0,10.894110125,0.108507,0.021701375,0,7.48698275,0,0,11.80554825,0,0,0,0,0,0,0,0,10.2647534375,0,0,0,0,0,0,0.021701375,0,0.021701375,0,0,0,0
3530,C125605,1,18039,C04,4.2100665625,0,0.021701375,0,7.3350698125,0.0868054375,0,0,0,0,0,0,7.2048735625,0,0,0,3.6241324375,0.0651041875,0,5.316839,0.021701375,0.021701375,0,0,5.4253446875,0.2604168125,0,0,8.789071875,1.085068875,0,0,0,0,3.1249996875,0.021701375,0,0,0,0,0,0,0,0,0,0,0,0,0
3530,C125605,1,18039,C05,0,0,2.235245,0,0,0,0,0,0,0,2.5173603125,0,0,0,0,0,0,0,4.31857575,0,0,0,4.144967,0.021701375,0,0,4.0798628125,0.13020825,3.2986135625,0.3689234375,0,0,0,0,0,0,0,0,0,0,0,0,0,0,0,0,0,0,1.67100625
3530,C125605,1,18039,C06,0.694443875,0,0,0,0,0,0,0,0,0,10.1996524375,0,0,0,6.42360875,0,0,0,0,0,0,10.546876375,0,0,0,2.213540625,6.53210375,11.132830625,0,0,0,0,0,5.729168375,8.7456448125,1.236980125,7.0312478125,0.3038196875,0,0,0,0,0,0,0.021701375,0.021701375,0,0,0
3530,C125605,1,18039,C07,0,0,0,0,12.4782878125,0.021701375,0,0,0,0,0,8.224834375,0.5208331875,0,0,5.360242625,0.0434028125,0,0,11.6970378125,0.2387154375,5.0130228125,0.672743125,1.996528125,11.2630241875,2.9079834375,0,0,3.407120125,0.1953123125,0,0,0,0,0,0,0,0,0,0,0,0,0,0,0,0,0,0,0
3530,C125605,1,18039,C08,0,0,10.6987771875,0,0,0,3.01649625,0,2.539059375,0.4340275,5.3168398125,0.021701375,0,0,3.2769104375,0,0,3.2769115,0,0,9.960937125,0,0,2.625866625,1.0199640625,0,0,4.1666696875,0,0,0,0.021701375,0,2.495661125,7.552084375,1.9965278125,0,0,0,0,0,0,0.021701375,0,0,0,0,0,0
3530,C125605,1,18039,C09,0,0,0,0,0,0,0,5.5338541875,1.0199640625,0,6.944445875,0.108506875,0,0.021701375,0,0,9.0060759375,0.9114585625,0,0,10.785596875,1.1501734375,0,0,0,7.638884,0,0,0,0,0,8.116322625,0,0,0,0,0,0,0,0,0,0,0,0,0,0,0,0,0
3530,C125605,1,18039,C10,0.737847,0,8.702263875,1.9097215625,0,0,0,0,0,0,13.97569375,1.367188875,0,0,0,0,0,0,13.389739,0.021701375,0,0,17.53471875,2.4739571875,0,12.304692125,0,0,0,22.7213740625,0,0,0,8.940973875,0,0,0,0,0,0,0,0,0,0,0,0,0,0,0
3530,C125605,1,18039,C11,6.51042075,0,0,0,0,2.495661875,0,0,0,0,7.8993063125,0,0,0,0,0,0,0,0,0,6.662328125,0.108506875,2.53906325,0,0,0,0,5.3385415625,0.13020825,0,0,0,0,0,0,0,0,0,0,0,0,0,0,0,0,0,0,0,0
3530,C125605,1,18039,C12,0,0,0,2.82118125,0,0,0,5.121515,0,0,0,2.45225625,0,0,0,5.664063875,0,0,0,0.954860625,0,0,0,2.0399303125,0,0,0,0,0.9548596875,0,0,5.1649173125,0,0,0,0,0,0,0,0,0,0,0,0,0,0,0,0,0
3530,C125605,1,18039,D01,0,0,0,3.515625,7.204863875,0,0,0,14.257825,0,0,0,0,8.24653125,1.1501721875,0,0,14.9305398125,0,0,12.71701875,2.21354325,0,0,0,0,9.3533125,1.692710125,13.0642465625,2.365453125,0,0,0,5.18664375,1.2803821875,0,0,0,0,0,0,0,0,0,0,0,0,0,0
3530,C125605,1,18039,D02,0,5.5772523125,0,3.4722218125,0,0,0,11.545140625,0,0,0,0,0.021701375,0,0,0,0,0,0,0,0,5.9678846875,0,0,3.6024291875,0,0,0,9.743915625,1.302084375,4.9696215625,0.0434028125,0,0,0,0,0,0,0,0,0,0,0,0,0,0,0,0.021701375,0
3530,C125605,1,18039,D03,0,0,3.4071198125,0.45572875,0,5.208335625,1.215276875,0,0,0,0,0,0,0,7.0963546875,0.2170140625,0,0,5.7725696875,0,0.021701375,0,0,2.8862840625,2.061630625,0.13020825,0,0,0,8.5503480625,0,0,0,0,0,0,0,0,0,0,0,0,4.405381375,0,0,0,0,0,0
3530,C125605,1,18039,D04,0,6.3368025,0,0,0,0,0,0,0,0,0,0,0,0,0,0,0.021701375,0,0,5.5989711875,0.021701375,0,0,5.034709,0,0,6.879344375,0,0,0,0,5.3168323125,0,0.021701375,0,0,0,0,0,0,0,0.021701375,0,0,0,0,0,0,0
3530,C125605,1,18039,D05,0,0.021701375,0,0,5.57724825,1.4756965,0,0,0,0,0,0,0,0,13.3463666875,0.04340275,0,0,0,0,0,0,0,0,0,0,2.408853125,5.121527,0,5.18662625,0,0,0,0,0,0,0,0,0,0,0,0,0,0.021701375,0,0,0,0,0
3530,C125605,1,18039,D06,11.2196,1.5842021875,0,0,0,0,0,0,0,0,6.7491240625,0.021701375,6.2933996875,6.640625625,0,0,0,5.1649298125,0,0.021701375,0,14.496518125,0,7.6388935625,0,0,0,11.675359375,1.258678125,0,5.77257,0,0,0,0,0,0,0,0,0,0,0,0,0.021701375,0,0,0,0,0
3530,C125605,1,18039,D07,0,4.4704859375,0,1.9314245,0,4.101561875,0.021701375,0,0,0,0,0,0,0.824651375,1.953126375,0,0,0,0,6.2066,0,0,1.3671865,0,0,0.021701375,0,4.448784375,0,0,0,0,0,0,0,0,0,0,0,0,0.021701375,0,0,0,0,0,0,0,0
3530,C125605,1,18039,D08,0,0,0.303819375,8.897563375,0,8.5286448125,0,0,0,0,0,0,7.66058325,0,0,0.021701375,0,0,0,0,0,0,0,0,0,0,8.919259375,0.2387153125,0,0,0,0,0,0,0,0,0,0,0,0,0,0,0.021701375,0,0,0,0,0,0
3530,C125605,1,18039,D09,0,0.021701375,0,0,0,0,0,0,0,0,0,0.021701375,0,0,0,0,0,0,0,0,0.021701375,0,0,0,0,0,0,0,0,0,0,0,0,0,0,0,0,0,0,0,0,0,0,0,0,0,0,0,0
3530,C125605,1,18039,D10,0,0,0,0,0,0,0,0,0,0,0.021701375,0,0,0,0.021701375,0,0,0,0,0,0,0,0,0,0,0,0,0,0,0,0,0,0,0,0,0,0,0,0,0,0,0,0,0,0,0,0,0,0
3530,C125605,1,18039,D11,0,0,0,3.906253125,1.4756960625,3.84114375,0,0,2.929690625,0.499132,0,0,0,0,5.44705,0.542533375,0,0,0,0,4.3836779375,0,2.9947910625,0.0434028125,2.2135403125,0,0,0,6.46701325,0,0,2.1918415625,0,0,0,4.622396875,0,0,0,0,0,0,0,0,0,0,0,0,0
3530,C125605,1,18039,D12,10.0911535625,0,0,11.675353875,0,0,0,6.011296375,2.82118125,1.3671878125,1.8012121875,0,0,0,7.1831584375,0,0,4.557294375,0.80295,0,0,0,6.6623266875,0,0,0,3.92795,0.4340274375,0,0,9.982624375,0,0,0,0,0,0,0,0,8.55035275,0,0,0.021701375,0,0,0,0,0,0
3530,C125605,1,18039,E01,7.31337725,0,0,0,0,16.384553125,0.477430875,0,0,11.1544923125,0,0.455728125,14.149315625,0,0,0,0,11.0025946875,0,0,0,0,10.3949571875,7.986106375,0,0,0,0,0,0,0,17.230903125,17.144104625,41.73174775,28.6241266875,22.4175134375,2.148438125,0,0,0,0,0,0,0,0,0,0,0,0
3530,C125605,1,18039,E02,0,13.2378403125,0,0,0,11.91405,1.931423125,12.3481125,0.0434028125,0,0,0,10.3081709375,2.06163125,0,0,0,0,15.47306625,0.43402875,0,0,0,15.342880625,0,0,0,6.7057325,0,15.1692899375,0,0,1.193575,14.3880260625,8.1380184375,0,0,0,0,0,0,0,0,0,0,0,0,0,0
3530,C125605,1,18039,E03,0,0,0,4.947915625,0.0434028125,0,3.385415,0,3.19010275,0,0,0,6.0112854375,0,0,1.45399375,1.7795138125,5.09982375,0,0,4.0147571875,0.0651040625,2.3220490625,1.4539959375,0,3.2118071875,0,0,0,0,0,0,0,0,0,0,0,0,0,0,0,0,0,0.021701375,0,0,0,0,0
3530,C125605,1,18039,E04,0,0,0,0,5.3385409375,0,6.2717011875,3.862832,1.1284710625,0,0,0,0,0,0,0,3.7326284375,9.2230910625,0.47743075,0,0,0,2.8645830625,0.04340275,0,0,0,0,0,0,0,0,0,0,0,0,0,0,0,0,0,0,0,0,0,0,0,0,0
3530,C125605,1,18039,E05,0,0,0,0,14.5399321875,0.4991316875,0,0,0,0,10.177939625,0,15.993910125,0,5.49043975,0,0,0,0,0,0,0,0,14.930549375,0,0,0,10.069446875,0.1519096875,6.8576371875,0.1953125,0,0,0,0.021701375,0,0,0,0,0,0,0,0,0,0,0,0,0,0.021701375
3530,C125605,1,18039,E06,0,0,0,0,9.5486216875,0,0,0,21.46266875,0.499131875,0,0,0,0,0,0,13.519971375,0,0,13.5416516875,0,20.442693125,0,0,0,0,6.03299375,3.7326373125,0,0.021701375,0,0,0,0,0,0,0,7.465278375,0,0,0.021701375,0,0,0.021701375,0,0.021701375,0,0,0
3530,C125605,1,18039,E07,0,0,1.909721875,1.106770125,0.04340275,0.021701375,0,0.021701375,0,2.30034825,0,0,2.235243375,0,0,2.5390621875,0,0,0,0,5.8810798125,0.52083325,0,0.021701375,0,0,1.58420275,0.17361125,0.260416875,0,0,0,0,0,1.28038125,1.5842000625,0,0,0,0,0,0,0.021701375,0,0,0,0,0,0
3530,C125605,1,18039,E08,2.039932,0,0,0,1.84461875,0.0651040625,0,0,0.021701375,0,0,0,0,0,0,0,0,0,0,0,0,0,1.3671884375,0.021701375,0,0,0,0,0.434028125,1.6710065625,0,0,0.021701375,0,0,0,0,0,0,0,0,0,0,0,0,0,0,0,0
3530,C125605,1,18039,E09,0,7.009546375,0,17.556420125,0,0,0,0,0,0,0,0,0,0,0,11.4149346875,0.412325,0,0,0,0,18.923601375,0,0,0,0,0,0.347221875,19.7048396875,0,0,18.4462125,22.13544625,65.6684009375,38.085917,12.9340415625,0,0,0,0,0,0,0,0,0,0,0,0,0
3530,C125605,1,18039,E10,10.0477415,0.108507,0,9.50521,0,0,8.2031246875,0.911459375,0,0,0,0,0,9.2013895,0,11.697056875,0.1953123125,0,0,0,0,0,5.685765625,1.8663195,14.7569509375,0,0,0,7.1397584375,5.6423615625,1.7795116875,0,6.575523125,0,0,0,0,0,0,0,0,0,0,0,0,0,0,0,0
3530,C125605,1,18039,E11,0,5.6206625,1.90972275,0,0,0,0,0,0,8.463541375,0,0,0,0,0,0,6.9661441875,0,0,0,11.610249,0,0,0,0,11.1111259375,0,0,0,0,0,0,21.5928625,2.951388125,0,0,0,0,0,0,0,0,0,0,0,0,0,0,0
3530,C125605,1,18039,E12,0,0,0,0,1.6276028125,0,0,0.303819375,0.976561375,0,0,0,0,0,0,0,0,0,0,0,0,2.170138875,0,0,1.1501746875,0.021701375,0,0,1.2803821875,0,0,0,0,0,0,0,0,0,0,0,0,0,0,0,0,0,0,0,0
3530,C125605,1,18039,F01,0.4557291875,0,0,0,0,1.25868125,0.021701375,0.520834375,0,0,0.2821178125,0,0,0,0,0,0,0,0,0,0,0,0,0.7595490625,0,0,0,0,0,0,0,0,0,0,0,0,0,0,0,0,0,0,0,0,0,0,0,0,0
3530,C125605,1,18039,F02,0,0,5.85937575,0.04340275,0,0,0,0,0,0.04340275,8.0295134375,0,0,0,0,6.0329859375,0,0,0,0,0,3.407119,0,7.4435753125,0,0,0,0,0,0,4.6223971875,0,4.448784375,1.4973965625,0,0,0,0,0,0,0,0,0,0,0,0,0,0.021701375,0
3530,C125605,1,18039,F03,1.62760525,0,0,4.210071,0.1953125,0,0,0,0,3.1467010625,0,0,4.3185755625,0,0,0,0,1.931425,0.0651040625,4.7743059375,0.0651041875,0,0,0,4.96961825,0.021701375,0,0,3.0164940625,0,0,0,0,0,0,0,0,0,0,0,0,0,0,0.021701375,0,0,0,0,0
3530,C125605,1,18039,F04,0,0,4.6657996875,0.108507,0,0.086805625,8.0295099375,0,0,0,0,0,7.269960625,0.32552075,0,0,0,0,0,0,0,0,2.84288125,4.4487849375,0,0,0,0,7.74738575,0.6293398125,0,4.861109375,4.9479153125,2.4088554375,0,0,0,0,0.021701375,0,0,0,0,0,0,0,0,0,5.902762125
3530,C125605,1,18039,F05,5.772571875,0,0,0,6.770830875,0,0,0,0,0,0,0,0,0,0,0,0,0,4.861124375,0.108507,2.34375,2.0616325,0,0,3.298609375,0.173611,0,0,0,0,0,0,0,0,0,0,0,0,6.27169825,0,0,0.021701375,0,0,0,0,0,0,0
3530,C125605,1,18039,F06,0,0,7.9209978125,0.802951375,0,0,0,8.8541766875,0.021701375,1.106771875,3.9062504375,2.23524375,3.7109396875,7.8993190625,0,8.680567,0,7.421875125,0,0,0,8.6805565625,8.2248259375,0,0,0,7.573782625,0.238715125,0,0,0,0,0,0,0,0,0,1.9097241875,0.217013875,0,0,0,0,0,9.874134375,9.2664978125,0,0,0
3530,C125605,1,18039,F07,0,0,0,10.13453575,0,0,0,0,0,0,0,5.4904534375,0.021701375,0,0,0.1302084375,8.441837625,0,0,0.021701375,0,0,0,0.021701375,0,0,1.974825,4.8611034375,5.4904630625,0.021701375,0,0,0,0,12.4999923125,0,0,0,0,0,0,0,0,0,0,0,0,0,0.021701375
3530,C125605,1,18039,F08,0.5642353125,0,0,17.9470729375,0,0,0,0,8.63714375,0,8.550332875,0,0,19.1406296875,0.5859371875,0,0,0.021701375,0,0,16.18921875,1.779513875,0,0,0,0,0,0,21.375878125,1.085071875,0,0,0,0,0,0,0,0,0,0,0,0,0,0,0,0,0,0,0
3530,C125605,1,18039,F09,0,7.595488125,0,0,0,0,0,6.5321165625,0.6076388125,0,0.021701375,0,7.4652725,0.2387153125,0,0,0,3.21180625,0.499132,0,0,0,0.2387153125,3.10329825,0,0,0,10.1779493125,0.0651040625,0,0,9.3967,0.21701375,0,0,0,0,0,0,0,0,0,0,0,0,0,0,0,0
3530,C125605,1,18039,F10,0,2.191838875,0,0,2.03993125,0,0,0,1.779513875,0.1953123125,0,0.8680554375,0,0,0,0,1.627605,0,0.021701375,0,0.6293390625,0,0,0.17361125,0,0,1.1718735625,0.021701375,0,0,1.2803815625,0,0,0,0,0,0,0,0,0,0,0,0,0,0,0,0,0,0.976562
3530,C125605,1,18039,F11,0,0,8.5720434375,0,0,0,0,0,0,16.68836525,0,0,0,0,0,0,0,7.9644116875,0,0,7.0095553125,0.0651041875,0,0,10.2647468125,0,0,0,0,0,0,0,0,9.59201375,0,0,0,0,0,0,0,0,0,0,0,0.021701375,0,0,0
3530,C125605,1,18039,F12,0,0,0,0,0,0,7.964409375,1.4973959375,0,0,1.6710071875,0,0,0,0,0,0,0,0,5.7942625,2.99479125,0,0,0,0,0,0,0,7.9861096875,0,0,0,0,0,0,0,0,0,0,0,0,0,0,0,0,0,0,0,0
3530,C125605,1,18039,G01,0,0,0,1.7361125,5.7508685625,0,0,0,0,1.3671875,6.532116875,0,0,7.291667,11.4149295,0,0,0,0,0,0,0,0,0,0,0,10.7638853125,0,0,0,0,6.5538196875,0,0,0,0,0,7.052953125,4.55729275,0,0,0,0,0,0,0,0,0,0
3530,C125605,1,18039,G02,0,0,18.81509375,3.081596875,8.355026375,0,0.9982625,10.286435,0,0,0,16.9487875,2.473960625,0,0,0,0,18.8151309375,0,0,0,0,14.6267178125,3.5590295,0,9.87412875,0,10.22134125,0,0,19.921876875,0,0,0,0,0,0,0,0,0,0,0,0,0,0,0,0,0,0
3530,C125605,1,18039,G03,0,0,13.433165625,1.5407990625,0,0,7.1397560625,0,0,0,14.149323125,0,8.138025,1.0850696875,0,0,0,12.26129375,2.994792625,4.8828125,2.430558125,0,0,0,0,14.5182371875,0,0,0,0,15.1909795,0.0434028125,0,0,0,0,0,0,0,0,0,0,0,0,0,0,0,0,0
3530,C125605,1,18039,G04,7.5303816875,0,0,0,0,4.21006875,1.7361093125,0,0.021701375,4.730902625,0,0,6.1197859375,0,0,0,0,0,0,0,0,0,0,0,5.6206598125,0,0,0,0,0,0,0,0,0,8.6154446875,0,0,0,0,0,0,0,0,0,0,0,0,0,0
3530,C125605,1,18039,G05,0,0,0,0,0,0,0,0,0,0,0,0,0,0,0,0,0,0,0,0,0,0,0.021701375,0,0,0,0,0,0,0,0.021701375,0,0,0,0,0,0.021701375,0,0,0,0,0,0,0,0,0,0,0,0
3530,C125605,1,18039,G06,0,0,0,0,0,0,0,0,4.9479125,0.108506875,0,0.04340275,0,0,0,0,0,0,4.42708075,0.021701375,0,0,0,0,4.991334375,0.1519098125,0,0,0,0,0,0,0.021701375,0,0,0,0,0,0,0,0,0,0,0,0,0,0,0,0
3530,C125605,1,18039,G07,0,0,0,0,0,0,0,0,0,0,0,2.756075,1.5842003125,0,0,8.919270625,0,0,0,0.021701375,0,0,10.4166684375,4.7092016875,0.4123265625,0,0,0,0,0,0,0.021701375,0,0,0,0,0,0,0,0,0,0,0,0,0,0,0,0,0
3530,C125605,1,18039,G08,5.81597125,0.303819375,15.299450625,0,0,8.159715125,0,0,18.641486375,0,0,3.62413125,5.013035,0,0,0,18.2508521875,0,10.3081516875,0,0,0,0,16.710075875,0.0651040625,0,7.3133680625,0.5859384375,0,0,19.2057246875,9.4184,36.6536328125,30.750846875,24.435757625,6.4887013125,8.3767474375,0,0,0,0,0,0,0,0,0,0,0,0
3530,C125605,1,18039,G09,0,0,0,0.651040625,2.539060625,0,0,12.0442641875,0,0.021701375,0,5.9678685625,0,0.021701375,0,21.766501875,0,0,0,21.679684375,0.8897565625,0,17.4479065625,0,0,0,8.5069545,1.8229166875,0,0,0,0,0,0,0,0,0,0,0,0,0,0,0,0,0,0,0,0,0
3530,C125605,1,18039,G10,0,7.94269375,6.423619375,0,0,10.0043465625,2.25694625,0,0.1302084375,7.4869721875,0,0,0,0,13.302974625,0,0,0.021701375,13.650153125,0,0,0,0,0,13.4982659375,0,0,0,0,0,11.8706545,0,0,0,0,0,0,0,0,0,0.021701375,0,0,0,0,0,0,0,0
3530,C125605,1,18039,G11,0,0,0.824653125,2.951388125,0,0,0,0,0.0651040625,10.6336678125,0,0,0,13.1076491875,0,0,0,3.081596875,6.0112865625,0,0,0,0,7.0095478125,0,0,0,11.34984,0,0,0,0,6.3802096875,0.1736111875,0,0,0,0,0,0,0,0,0,0,0,0,0,0.04340275,0
3530,C125605,1,18039,G12,0,0,0,0,0,18.90193125,0,0,0,18.09893125,0,0,0,0,0,0,0,5.6640540625,0.889758125,15.51651,0.347221875,0,0,0,0,0,0,0,18.381102,0,0,0,0,0,0,0,0,0,0,0,0,0,0,0,0,0,0,0,0
