chemical.id,bottle.id,conc,plate.id,well,t1,t2,t3,t4,t5,t6,t7,t8,t9,t10,t11,t12,t13,t14,t15,t16,t17,t18,t19,t20,t21,t22,t23,t24,t25,t26,t27,t28,t29,t30,t31,t32,t33,t34,t35,t36,t37,t38,t39,t40,t41,t42,t43,t44,t45,t46,t47,t48,t49,t50
3529,C844503,0,18099,H01,0,0,24.5225465625,0,0,0,0,0,0,0,22.3958340625,0,0,0,0,0,0,22.7430545,0,0,0,12.2612940625,0,0,0,5.8376840625,15.039063875,0,0,0,0,0,0,0,0,0,0,0,0,0,0,0,0,0,0,0,0,0,0,0
3529,C844503,0,18099,H02,0,0,0,0,0,0,0,0,0,0,0,0,18.489572625,0,1.106771875,15.75521025,0,0,0,0,0,13.715267,0,0,0,0,17.317703125,1.7578125,0,0,0,0,0,0,0,0,0,0,0,0,0,0,0,0,0,0,0,0,0,0
3529,C844503,0,18099,H03,0,0,0,0,10.5468846875,0.9331596875,0,18.14234375,0.585937625,0,10.850696875,0.8029515625,0,0,0,10.7421860625,0,0,0,10.4600803125,4.62239625,0,3.1033,9.44010875,0,0,0.086805625,12.63022475,0,0,0,0,10.329852,15.6683978125,0.62934125,0,0,0,0,0,0,0,0,0,0,0,0,0,0,0
3529,C844503,0,18099,H04,0,0,13.476554625,0,0,0,0,11.024305625,0,0,0,16.6015646875,0,0,0,0,0,0,9.9392434375,0,0,15.4947915625,0.911457,0,0,0,10.915788125,14.1709875,2.126735125,18.337670125,0.86805625,0,0,0,12.67361525,11.2630278125,0,0,0,0,0,0,0,0,0,0,0,0,0,0
3529,C844503,0,18099,H05,0,3.537325625,15.25607075,0,0,0,0,0,0.021701375,0,0,0,0,0,5.98958375,0,0,0,0,0,12.2612910625,0,0,4.81771875,1.9965271875,13.1510375,0,0,0,0,0,0,6.1848934375,28.385421,13.17274075,0.021701375,0,0,0,0,0,0,0,0,0,0,0,0,0,0
3529,C844503,0,18099,H06,0,0,0,0,0,0,0,0,16.362853125,1.19357575,9.59203125,5.3168384375,0,0,0,0,0,0,0,0,0,0,16.210926875,0,0,12.7821196875,1.106769375,0,0,3.8628454375,0,0,0,0,0,0,0,0,0,0,0,0,0,0,0,0,0,0,0,0
3529,C844503,0,18099,H07,0,6.662340625,6.163178125,0,0,0,0,0,0,12.4348909375,0,0,0,0,16.0590209375,0,5.98958375,0,0,0,13.172743125,0,0,0,0,0,4.318576875,0,0,12.3915,0.737846875,12.717,49.891515625,45.5512040625,12.1310760625,16.0373375,0,0,0,0,0,0,0,0,0,0,0,0,0,0
3529,C844503,0,18099,H08,0,7.87760375,2.430555875,0,0,0,11.1111071875,0.021701375,0,13.56336875,0.021701375,0,5.2517359375,0,11.675334375,0.021701375,0,0,10.915785125,0,0,0,0,4.8394066875,0,0,0,10.8289834375,0,0,5.924481875,0.694444375,0,0,0,0,0,0,0,0,0,0,0,0,0,0,0,0,0,0
3529,C844503,0,18099,H09,0,0,0,2.8428798125,0,0,4.94791825,0,0,0.021701375,0,2.018228125,0.1302081875,0,2.9296884375,0.2387153125,0,0,0,0.1953125,3.559026375,0,0,3.2986125,0,0,0,0.021701375,3.6458338125,0,0,0,0,0,0,0,0,0,0,0,0,0,0,0,0,0,0,0,0,0
3529,C844503,0,18099,H10,0,0,0,6.0329855,0,0,0,0,5.64236375,0,0,0,0,0,0,0,0,0,0,0,4.492187625,0.1302084375,0,0,0,8.3984353125,0,0,0,0,0,0,0,0,0,0,0,0,0,0,0,0,0,0,0,0,0,0,0,0
3529,C844503,0,18099,H11,4.8177084375,0,0,0,4.4053834375,0,0,0,2.5173609375,0,0,2.03993125,2.7126754375,0,0,0,0,0,5.05642325,0,0,0,0,0,3.2986121875,0.2604168125,0,0.4991318125,0,0,5.3385425,0,0,0,0,0,0,0,0,0,0,0,0,0,0,0,0,0,0,0
3529,C844503,0,18099,H12,0,0,0,7.3350753125,0,0,9.396724375,0,0,0,0,0,7.4652809375,0,0,0,0,2.105034375,1.17187575,0,0,0,1.041665625,9.375007,0,0,0,0,0,3.233508,0,0,2.6909709375,1.974827,0,0,0,0,0,0,0,0,0,0,0,0,0,0,0,0
3529,C844503,0,18100,H01,0,0,0,0,0,6.5321175,0,0,0,0,0,5.2300371875,0,0,0,0,10.286460625,0,0,0,0,0.542534375,5.25173575,0,0,0,0,7.660603125,0.4774305625,0,0,0,0,8.311632625,0.021701375,0,0,0,0,0,0,0,0,0,0,0,0,0,0,0
3529,C844503,0,18100,H02,0,2.45225625,2.604165625,0,11.3064375,0,0,0,0,6.0112875,0,0,0,9.722224375,0,0,0,0,0,5.230036875,0,3.776042,3.168403125,7.074659375,0,0,0,0,0,4.6657985625,0,0,5.72916875,0,0,0,0,10.3081625,0,0,0,0,0,0,0,0,0,0,0,0
3529,C844503,0,18100,H03,0,0,0,0,0,0,0,0,0,0,0,0,0,0,0,0,0,0,0,0,0,0,0,0,0,0,0,0,0,0,0,0,0,0,0,0,0,0,0,0,0,0,0,0,0,0,0,0,0,0
3529,C844503,0,18100,H04,0,0,0,0,0,0,0.672743125,0.1519096875,0,0,0,0,0.2387153125,0.2604165625,0,1.6059024375,0,2.191843125,0,0,0,0,0.911459375,1.25868075,0,0,0,0,3.5590275,0.108507,0,0,0,0,0,1.888021875,2.60416375,0,0,0,0,0,0,0,0,0,0,0,0,0
3529,C844503,0,18100,H05,0,0,0,0,0,0,0,0,0,0.108506875,0.5208329375,0,0,0,0,0.5859373125,0,0,0.17361125,0,0,0,0,1.4756949375,0,0.2170139375,0,0,0,0,0,0,0,0,0,0,0,0,0,0,0,0,0,0,0,0,0,0,0,0
3529,C844503,0,18100,H06,0,0,0,0,0,0,0,0,0,0,0,0,0,0,0,0,0,0,0,0,0,0,0,0,0,0,0,0,0,0,0,0,0,0,0,0,0,0,0,0,0,0,0,0,0,0,0,0,0,0
3529,C844503,0,18100,H07,0,0,0,0,0,0,0,0,0,0,0,0,0,0,0,0,0,0,0,0,0,0,0,0,0,0,0,0,0,0,0,0,0,0,0,0,0,0,0,0,0,0,0,0,0,0,0,0,0,0
3529,C844503,0,18100,H08,0,0,0,0,0,0,0,0,0,0,0,0,0,0,0,0,0,0,0,0,0,0,0,0,0,0,0,0,0,0,0,0,0,0,0,0,0,0,0,0,0,0,0,0,0,0,0,0,0,0
3529,C844503,0,18100,H09,0,0,0,0,2.7777784375,0,0,3.754342125,0,0,0,0,0,0,0,0,0,2.34375,2.300345125,0,0,0,0,0,3.3420134375,0,0,0,0,0,0,0,0,0,0,0,0,0,0,0,0,0,0,0,0,0,0,0,0,0
3529,C844503,0,18100,H10,0,0,7.031253125,11.328141375,0,0,0,0,0,0,0,0,0,6.9878315625,0,0,0,15.03905375,0,0,0,0,0,0,0,24.9999845,0,0,0,0,0,0,0,0,0,0,0,0,0,0,0,0,0,0,0,0,0,0,0,0
3529,C844503,0,18100,H11,9.049485,0,0,0,0,0,0,0,0,0,2.5173610625,0,0,0,0,0,0,0,0,0,0,0,0,0,0,0,0,0,14.2143978125,0,0,0,0,0,0,0,0,0,0,0,0,0,0,0,0,0,0,0,0,0
3529,C844503,0,18100,H12,0,0,0,0,0,0,0,5.44705,0.6727430625,0,0,12.868917,0,0,0,0,0,0,0,0,0,0,8.8324565625,15.104167,0,0,0,0,0,0,0,0,7.638873875,0,0,0,0,0,0,0,0,0,0,0,0,0,0,0,0,0
3529,C844503,1,18099,A01,0,0,0,0,0,0,0,0,0,0,0,0,2.7343766875,0,0,7.46526875,3.47222125,0,0,0,0,0,0,3.86284375,8.28993825,6.2282915625,0.60764,0,0,0,2.32205,12.0225840625,0,16.7534746875,0.4991304375,0,0,0,0,0,0,0,0,0,0,0,0,0,0,0
3529,C844503,1,18099,A02,0,3.23350625,0,0,13.5199625,1.1501745,0,0,0,0,0,6.271710125,0,12.9774509375,0.108506875,0,0,0,0,0,0,0,0,5.794271875,0.2387153125,0,0,0,18.77167625,0.021701375,0,1.9097225,28.6458115625,37.84724,20.920123125,11.8923628125,0,0,0,0,0,0,0,0,0,0,0,0,0,0
3529,C844503,1,18099,A03,0,0,0,0,7.335066875,9.80902375,9.61371875,0.3255209375,0,0.78125,6.4019123125,0,0,0,10.828991375,0,0,0,0,0,0,0,0,0,0,0.021701375,10.50346125,0,0,0,0,0,8.94097125,0.84635575,0,0,0,0,0,0,0,0,0,0,0,0,0,0,0,0
3529,C844503,1,18099,A04,4.79600625,1.69270825,0,0,0,3.2335103125,12.4348959375,0,0,0,0,18.85851,5.51215375,0,0,0,0,0,17.25259,0,0,0,0,0,8.615460625,6.0763903125,0,0,0,0,14.930551375,0,17.4479241875,0.021701375,0,0,0,0,0,0,0,0,0,0,0,0,0,0,0,0
3529,C844503,1,18099,A05,0,0,0,3.472222625,0,8.767376875,0,0,0,0,0,1.280382125,0,0,0,0,0,0,0,0.7378479375,8.3767221875,1.3454865,0,0,0,0,0,0,0,0,0,0,0,0,0,0,0,0,0,0,0,0,0,0,0,0,0,0.021701375,0,0
3529,C844503,1,18099,A06,0,0,0,0.021701375,3.4939235625,0,0,0,0,0.021701375,0,0,4.492200875,0.021701375,0,0,0,0,4.513888875,0.4340274375,0,0,4.4053815625,0,0,0,0,0,4.9913205,0,0,0,0,0,0,0,0,0,0,0,0,0,0,0,0,0,0,0,0,0
3529,C844503,1,18099,A07,0,3.906248875,0,0,0,4.6657991875,14.9956554375,0,0,0,0,0,6.684021875,0.13020825,11.00260875,1.236976375,0,0,0,12.890625,1.3671899375,0,0,0,0,7.248263125,0.0651041875,0,0,0,0,0,0.347221875,11.89238575,0,0,0,0,0,0,0,0.021701375,0,0,0,0,0,0,0,0
3529,C844503,1,18099,A08,0.1302084375,0,0,0,1.019965625,18.402775,0,0,0,0,0,6.076390625,0,0,0,9.72221875,6.618910625,0,0,0,0,0,0,0,0,0,17.730025,0.021701375,0,0,0,0,17.491321875,5.0998278125,0,0,0,0,0,0,0,0,0,0,0,0,0,0,0,0
3529,C844503,1,18099,A09,0,7.5303846875,0,11.82725125,0.1519096875,0,0,0.021701375,0,0,0,0,0,0,0,6.011287625,0.0651040625,0,6.6406268125,0,0,0,0.390625,9.9392435625,0,0,0,5.9678834375,0.0651040625,0,0,0,0,0,0,0,0,0,0,0,0,0,0,0,0,0,0,0,0,0
3529,C844503,1,18099,A10,0.824651375,3.9279524375,0.3472223125,0,0,0,0,0,4.513887125,0,0,0.021701375,2.1701391875,0,0,0,0,2.734375,0.88975825,0,1.4539925,2.039932,0,3.754337625,0.1519095,0,0,0,2.647568125,0,2.4088541875,0.021701375,0,0,0,0,0,0,0,0,0,0,0,0,0,0,0,0,0,0
3529,C844503,1,18099,A11,0,0,0,0,0,0,15.36459,1.9097225,0,0,0,0,4.036451375,12.348075,0,0,0,0,19.032109375,0.086805625,0,0,0,0,0,0,16.40625625,0,0,0,0,0,16.4713604375,0,7.682291875,0,0,0,0,0,0,0,0,0,0,0,0,0,0,0
3529,C844503,1,18099,A12,3.971353875,5.555555625,3.3420153125,0,0,0,12.304685625,0.954859625,0,0,0,0,0,0,10.2213484375,0.021701375,0,12.5000009375,0,0,0,0,0,0,0,12.0225823125,0,0,0,14.2144009375,0,3.7760409375,22.2005141875,15.8854223125,10.5685635625,0.0434028125,0,0,0,0,0,0,0,0,0,0,0,0,0,0
3529,C844503,1,18099,B01,0,6.011271875,3.7326390625,0,0,0,6.857634375,1.1501744375,0,4.8611111875,0,7.0095379375,0,0,3.342013375,0,0,0,5.55555625,1.106770125,0,0,0,0,5.23003575,0.13020825,0,0,0,0,3.42881875,0.9765625,0,0,0,0,0,0,0,0,0,0,0,0,0,0,0,0,0,0
3529,C844503,1,18099,B02,0,0,0,0,0,0,0,0,0,10.0477290625,0.47743075,0,0,0,0,10.590265625,0.3472221875,0,0,0,0,0,9.3967040625,0,0,0,0,0,2.86458375,0.1953125,0,0,0,0,0,0,0,0,0,0,0,0,0,0,0,0,0.021701375,0,0,0
3529,C844503,1,18099,B03,0,16.536446875,5.078124625,0,0,0,0,0,0,16.4279125,3.4505194375,0.065104125,0,0,0,26.0199966875,5.8376771875,0,0,0,0,21.20224825,0,0,0,0,0,20.9852545,0,0,0,8.420128125,84.2664875,34.0494809375,5.186630125,0,0,0,0,0,0,0,0,0,0,0,0,0,0,0
3529,C844503,1,18099,B04,0.6727416875,0,6.6406253125,0.8029525,0,0,0,0,0,0,0,0,0,2.7560759375,0,0,0,8.7239634375,0.021701375,0,0,0,0,5.59894375,4.9045275,0,0,0,0,8.89756875,0,0,0,0,0,0,0,0,0,0,0,0,0,0,0,0,0,0,0,0
3529,C844503,1,18099,B05,0,0,18.164052,0,0,0.021701375,0,0,0,0,14.930557,0,0,0,14.47483125,1.497395125,0.021701375,0,10.4817710625,0.95486075,0,18.793396875,0,0,0,5.099828125,1.801213875,0,0,0,7.421884375,4.5138915625,0,0,0,0,0,0,0,0,0,0,0,0,0,0,0,0,0,0
3529,C844503,1,18099,B06,0,0,0,0,0.021701375,8.5937403125,0.0434028125,0,0,0,12.5433846875,0,1.84461875,3.5156241875,0,0,8.50694375,0.4991318125,0,0.021701375,10.3298840625,0,0,0,7.7257051875,0,0,7.70399325,0,9.54860825,0,0,0,0,0,0,0,0,0,0,0,0,0,0,0,0,0,0,0,0
3529,C844503,1,18099,B07,0.021701375,0,0,0,0,0,0,0,0,0,0,0,0,0,0,0,0,0,0,0,0,0,0,0,0,0,0,0,0,0,0,0,0,0,0,0,0,0,0,0,0.021701375,0,0,0,0,0,0,0,0,0
3529,C844503,1,18099,B08,0,0,0,12.08766075,0,0,0,0,0,0,0,0,5.62066075,0,0,0,0,0,13.1076254375,0,0,4.7960078125,0,3.6675360625,0,0,8.7239454375,0,0,0,0,0,0,0,0,0,0,0,0,0,0,0,0,0,0,0,0,0,0,0
3529,C844503,1,18099,B09,0,0,0,0,1.8663179375,0,0,17.66495625,0,0,0,0,0,0,18.424463875,0,0,0,8.572040625,9.30989875,0,0,0,0,0,5.83767275,0,0,0,0,0,14.084205,10.481759375,16.4713434375,21.96179125,0,0,0,0,0,0,0,0,0,0,0,0,0,0,0
3529,C844503,1,18099,B10,0,0,2.9079865,0,0,0.021701375,5.4904515625,1.1718748125,0,0,0,1.974826375,0.021701375,0,0,2.1701368125,0,0,0,6.6623261875,0.21701375,0,0,0,0,6.271700125,2.170138125,0.086805625,0,0,0,0,0,0,0,0,0,0,0,0,0,0,0,0,0,0,0,0,0,0
3529,C844503,1,18099,B11,0,5.9244816875,0.1953124375,0,4.9913175,0.390626375,9.613725125,0,0,0,0,0,2.756075,4.0364579375,0,0,0,8.7890696875,3.276908125,0,0,3.125,1.8446160625,0,4.49218625,0,0,12.1093728125,0.8029515625,0,0,0,0,0,0,0,0,0,0,0,0,0,0,0,0,0,0,0,0,0
3529,C844503,1,18099,B12,2.7560745,8.2248190625,4.6440984375,0.217013875,0,0,0,0,5.6423721875,0.0434028125,3.710935125,0,0,0,10.004363875,0,5.4470335625,0,8.7239559375,10.1996534375,0.021701375,0,0,0,0,5.7291529375,0,0,0,6.72743,0.195312625,0,0,0,6.4453104375,0,0,0,0,0,0,0,0,0,0,0,0,0,0,0
3529,C844503,1,18099,C01,0,5.967884375,2.8428809375,0,0,0,0,0,0,0,5.533854625,0,0,5.81597125,0,0,0,0,0,0,0.0651040625,10.59029125,0,0,0,0,0,4.81770825,0,6.445315,0,0,0,0,0,0,0,0,0,0,0,0,0,0,0,0,0,0,0,0
3529,C844503,1,18099,C02,0,0,0,0,0,0,0,11.0460125,0.1519096875,0,0,0,0,0,0,5.9027625,11.4149375,0,0,0,0,0,0,8.4418375,12.044274375,0,0,0,0,18.771703125,0.0434028125,0,20.594616875,40.1910125,21.31077875,0,0,0,0,0,0,0,0,0,0.021701375,0,0,0,0,0
3529,C844503,1,18099,C03,0,16.145826875,0,0,0,0,0,0,0,0,19.1623621875,0,0,0,0,0,0,0,0,0,0,0,21.5060709375,10.00433375,12.282967,9.70051075,1.150173875,0,0,0,0,0,12.1527903125,40.5815946875,39.1058978125,7.269965,2.32205,0,0,0,0,0,0,0,0,0,0,0,0,0
3529,C844503,1,18099,C04,0,0,9.331584375,0.021701375,0,0,0,0,0,0,0,0,0,0,0,0,0,0,9.657106875,0.04340275,0,0,6.83594,0,0,0,0,0,0,0,0,0,0,0,0,0,0,0,0,0,0,0,0,0,0,0,0,0,0,0
3529,C844503,1,18099,C05,0,0,0,14.3012085625,0,5.83767325,11.7838496875,3.949653125,0,0,0,0,0,14.80036875,0.0434028125,0,0,14.47484125,0,6.61890875,0,0,0,0,0,7.5954743125,0,0,0,13.9539968125,12.912321875,1.085070125,0,0,0,0,0.021701375,0,0,0,0,13.563392,0,0,0,0,0,0,0.021701375,0
3529,C844503,1,18099,C06,0,0,0,0,0,0.021701375,0,0,0,0,0,0,0,0,0,0,0,0,0,0,0.021701375,0.0434028125,0.021701375,0,0,0.021701375,0,0,3.49392325,0,0,0,0,0,0,0,0,0,0,0,0,0,0,0,0,0,0,0,0,0
3529,C844503,1,18099,C07,0,0,0,0.21701375,13.1293528125,0,0,15.3863071875,0.21701375,0,0,0,0,17.426204375,0,0,0,18.337695125,0,0,0,13.107640625,3.667534375,0,0.021701375,0,18.1423934375,0,0,0,0,0,14.8003573125,17.079003125,2.8428840625,0,0,0,0,0,0,0,0,0,0,0,0,0,0,0
3529,C844503,1,18099,C08,0,0,0,0,0,6.3802079375,0,0,0,0,0,0,0,0,0,0,5.0781253125,0.911458125,0,2.6909715625,6.1848934375,0,0,2.32205,6.66232625,0,0.021701375,7.9210095,0,0,0,0,0,0,7.94271075,0,0,0,0,0,0,0,0,0,0,0,0,0,0,0
3529,C844503,1,18099,C09,0,0,0,0,0,9.6788090625,5.6640485625,0,0,0,12.7387009375,0,0,0,0,15.06074625,0,0,0,0,0,0,0,0,0,12.3915010625,0,0,0,0,0,0,11.58853125,0.607638875,0,0,0,0,0,0,0,0,0,0,0,0,0,0,0,0
3529,C844503,1,18099,C10,0,4.5355925,0,0,0,0,0,11.7838660625,0,0,0,0,11.5017328125,0,0,0,9.114575,3.9496529375,0,0,0,0,1.953125,6.4887135625,0,0,0,0,0,0,0,12.91230875,0,0,0,0,0,0,0,0,0,0,0,0,0,0,0,0,0,0
3529,C844503,1,18099,C11,0,0,0,0,0,0,15.907099375,16.6449798125,0,0,0,0,0,0,20.5078184375,0,0,0,0,0,0,3.255209375,2.105032625,20.70312875,0,0,9.0494625,1.888020625,0,0,0,0,0,0,0,0,0,0,0,0,0,0,0,0,0,0,0,0,0,0
3529,C844503,1,18099,C12,0,0,0,0,0,0,5.230034375,1.801215625,0,0,0,0,12.651895625,0.1302084375,0,0,0,0,0,0,0,13.498249,0,0,0,15.169259375,0.585936875,0,0,0,0,11.50173125,36.5017303125,57.552025,12.478301375,0,0,0,0,0,0,0,0,0,0,0,0,0,0,0
3529,C844503,1,18099,D01,0,0,3.059895,0,0,14.2360965625,0.325520875,0,0,0,0,0,8.7456603125,0,0,6.85765,1.6059016875,0,0,0,0,7.378475125,0,0,9.309889375,1.367188125,0,0,0,5.598959375,2.669269375,0,17.5347260625,18.2074609375,10.8289940625,0.021701375,0,0,0,0,0,0,0,0,0,0,0,0,0,0
3529,C844503,1,18099,D02,0,6.16319375,1.2586809375,0,0.49913125,6.3151048125,5.729165125,0,12.8472453125,2.430555625,3.5590325,4.9045186875,5.9895909375,0,0,3.45051875,1.9748285625,0,1.86631875,2.387153125,1.714409375,0.2387154375,0,0,0,1.302084625,0,11.045999375,0,5.1215266875,0,0,0,0,0,0,0,4.296873875,0,0,0,0,0,0,0,0,0,0,0,0
3529,C844503,1,18099,D03,0,0,0,6.5755241875,0,3.25521875,13.954009375,0,0,0,0,0,0,0,0,13.2812690625,0.021701375,0,0,0,0,0.412325,25.15190625,0,0,0,0,0,0,0,46.5494615625,0.021701375,0,2.669271875,5.316843125,0,0,0,0,0,0,0,0,0,0,0,0,0,0,0
3529,C844503,1,18099,D04,0,0,0,0,0,0,0,0,0,12.283,11.675340625,0.1302084375,4.014759375,0,11.762168125,0,0,0,2.582463875,11.8489495,0.303819625,0.1519096875,12.60850625,10.568574375,0,0,9.895834375,1.6493048125,10.3515741875,0,0,0,0,0,0,0,0,0,0,0,0,0,0,0,0,0,0,0,0,0.021701375
3529,C844503,1,18099,D05,5.230031375,0.021701375,8.5069375,2.517362,0,0,0,0,0,0,0,0,0,0,4.470484,0,0,3.385417,0,0,0,10.3081738125,0,0,0.021701375,0,3.10329825,0,9.5269235625,0,4.2534709375,0.2821178125,0,0,0,0,0,0,0,0,0,0,0,0,0,0,0,0,0,0
3529,C844503,1,18099,D06,1.01996375,0,0,0,0,0,0,0,11.002590625,1.5624996875,0.021701375,8.2465246875,0,0,0,0,0,0,0,0.520834375,13.2812536875,0,0,0,0,0,9.1145721875,0,0,0,0,0,0,0,0,0,0,0,0,0,0,0,0,0,0,0,0,0,0,0
3529,C844503,1,18099,D07,0,3.1249996875,1.7361094375,2.6258690625,0.412326375,4.1883715625,6.966147,0,0,0,0,0.455728125,5.403651875,1.6276034375,3.1032985625,0,0,3.493925,0.607639,0,0,3.4071168125,0.0651040625,2.9296885625,0,0,0,4.144967125,0,3.8628465,0.130208375,0,0,1.323787125,0,0,0.021701375,0,0,0,0,0,0,0,0,0,0,0,0,0
3529,C844503,1,18099,D08,0,0,4.318575,1.801216,0,0,0.021701375,0,0,4.188367,0,5.4036454375,0,0,0,0,0,0,2.21354,0,0,4.5572909375,0.021701375,0,0,1.06336875,0,0,0,0,0,0,0,5.295139625,0,0,0.021701375,0,0,0,0,0,0,0,0,0,0,0,0,0
3529,C844503,1,18099,D09,0,1.7361134375,0.36892375,0,0,0,0,0,0,0,0,0.4557290625,0,0,0,2.126735125,0.1736109375,0,0,0,0,2.1050321875,0.3472221875,2.0833346875,0,0,0,0,0,0,0,0,0,0,0,0,0,0,0,0,0,0,0,0,0,0,0,0,0,0
3529,C844503,1,18099,D10,0,0,0,0,0,5.0998125,8.2899325,0,0,0,0,0,10.63367125,0,0,0,0,12.0659778125,1.497396875,0,0,0,0,0,0,0,6.011286875,0.021701375,0,9.9175390625,0,0,0,0,0,0,0,0,0,0,0,0,0,0,0,0,0,0,0,0
3529,C844503,1,18099,D11,0,0,0,0,10.785589375,0,0,5.6423609375,0,0,0,13.7369959375,1.04166625,0,0,0,0,0,0,5.53384375,11.4366134375,0,4.2751728125,2.27864625,0,0,0,0,12.5434040625,0,0,0,3.6458340625,3.2335075,21.1154396875,0,0,0,0,0,0,0,0,0,0,0,0,0,0,0
3529,C844503,1,18099,D12,0,0,10.438371875,0.3906248125,0,0.0434028125,9.46179025,0,0,0,0,6.72743125,0.9331595,0,0,0,0,5.3385484375,0,0,0,0,0,0,6.2933959375,0,7.20486,0.390625,0,0,0,2.0399295,0,0,0,0,0,0,0,0,0,0,0,0,0,0,0,0,0,0
3529,C844503,1,18099,E01,0,0,0,0,0,0,0,0,0,0.911459375,7.7690816875,0,0,0,0,0,0,0,0,0,0,6.7274328125,0,0,0,0,5.555555625,0.2170140625,0,0,0,0,0,0,0,0,0,0,0,0,0,0,0,0,0,0,0,0,0,0
3529,C844503,1,18099,E02,0,0,0,0,0,0,0,0,0,0,0,0,0,1.28038125,3.4722248125,7.356775,0.62933875,0,0,0,0,0,0,0,0,0,0,0,0,5.29513575,3.081594375,0,0,0,0,0,0,0,0,0,0,0,0,0,0,0,0,0,0,0
3529,C844503,1,18099,E03,0.021701375,12.6301875,3.841146875,0,8.7673545,6.9661340625,0,0,0,0,12.4348859375,0,0,0,15.017389375,0,0,0,0,0,7.899303125,3.9062495,0,0,0,0.9982625,5.2517378125,0,4.058161875,9.83075,0,1.150175,30.1432525,22.829884375,17.0789923125,0,0,0,0,0,0,0,0,0,0,0,0,0,0,0
3529,C844503,1,18099,E04,0,0,0,0,0,0,0,0,0,5.7291691875,17.274325,0,0,0,0,0,0,7.8776028125,0,17.0139071875,0,0,0,19.1406296875,0,0,0,0,15.234384375,1.3671871875,0,0,0,0,0,0,0,0,0,0,0.021701375,0,0,0,0,0,0,0,0,0
3529,C844503,1,18099,E05,0,6.2717125,0.3906246875,6.22830525,0,0,0,0,6.879348875,0,0,1.0416659375,0,0,0,7.986109375,0.0434028125,0,0,1.7361109375,0.021701375,0,5.447063875,0.5642359375,6.6189290625,0,0,0,0,6.727445125,0,0,0,0,0,0,0,0,0,0,0,0,0,0,0,0,0,0,0,0
3529,C844503,1,18099,E06,0,18.6849134375,0,0,0,0,0,21.0069315625,15.538203875,3.493924625,0,0,0,0,0,13.1727284375,0,0,0,0,0,0,0,0,7.8776128125,0.412326375,0,0,17.5781334375,0,0,0,0,0,0,0,0,0,0,0,0,0,0,27.58248125,9.9609375,0,0,0,0,0
3529,C844503,1,18099,E07,0,0,0,0,0,0,0,4.4270845,0,0,0,0,0,0,15.7335084375,0,0,0,0.021701375,0,0,0,0,0,12.5868109375,0,0,0,0,17.66492325,0,0,0,0,0,0,0,0,0,0,0,0,0,0,0,0,0,0,0,0
3529,C844503,1,18099,E08,0,0.217013875,0,0,0,3.081599375,0,0,3.2118045,8.854151875,1.51909625,0.021701375,4.68750375,0,0,0,0,0,0,0,0,0,14.2795015625,0,7.443585,15.342872625,0.7161443125,0,0,0,0,0,13.8237934375,13.736982625,6.7274295,6.5104161875,0.889757125,0,0,0,0,0,0,0,0,0,0,0,0,0
3529,C844503,1,18099,E09,0,0,0,0,0,0,17.8602460625,0,0,0,0,0,18.12066875,6.6406246875,0,0,0,0,0,2.82118125,16.5147823125,0,0,0,5.7725679375,0,0,0,16.7317585625,0,0,0,0,0,0,0,0,0,0,0,15.23436325,0,0,0,0,0,0,0,0,0
3529,C844503,1,18099,E10,0,0,0,0,0,10.611975,0,0,0,0,0,10.004345625,0.0434028125,0,0,0,0,0,0,0,0,0,9.8958360625,0,9.0060896875,0,0,0,0,0,9.136275,0.889756875,0,0,0,0,0,0,0,0,0,0,0,0,0,0,0.021701375,0,0,0
3529,C844503,1,18099,E11,0,0,0,7.0963545,0,0,0,0,0,0,0,0,0,0,0,4.1015625,4.4921871875,0,0,0,0,0,0,0,0,0,0,0,0,0,0,0,0,0,0,0,0,0,0,0,0,0,0,0,0,0,0,0,0,0
3529,C844503,1,18099,E12,13.194461375,0,0,0,0,0,0,12.500025,0.412326375,0,0,0,0,13.780374,0,0,0,0,0,0,0,0,13.3029454375,0,0,0,0,11.328115625,2.560763875,0,0,0,0,0,0,0,0,0,0,0,0,0,0,0,0,0,0,0,0,0
3529,C844503,1,18099,F01,0,0,0,0,0,0,0,0,0,0,0,0,1.150175,10.7421803125,0,0,0,0,0,0,0,0,0,0,0,0,0,0,0,7.5955,4.12326375,0,0,0,0,0,0,0,0,0,0,0,0,0,0,0,0,0,0,0
3529,C844503,1,18099,F02,0,2.061631875,0,13.085930625,0,0,0,0,0,0,1.888021875,1.3454865625,14.23612325,0,0,0,0,0,2.01823,12.6519104375,0.108506875,0,0,0,0,0,2.6475715625,0,3.7760428125,0,11.45831875,1.888023125,4.1015616875,3.1032991875,2.4956591875,3.25521,1.01996625,0,0,0,0,0,0,0,0,0,0,0,0,0
3529,C844503,1,18099,F03,4.427083125,0,0,0,0,0,4.8177090625,1.1284735625,13.368053125,1.2369779375,0,0,0,0,0,0,0,17.165785,0,0,0,0,19.6180528125,0,0,0,0,0,24.066841375,0,0,0,7.5303815625,16.6666493125,6.987851375,0,0,0,0,0,0,0,0,0,0,0,0,0,0,0
3529,C844503,1,18099,F04,5.056424625,0.4557291875,0,4.817709375,0.716145875,0,0,5.88106825,4.9913215,0.6944453125,11.263034125,0,0,0,0,0,0,0,0,7.161461375,0.1302084375,0,6.684026375,2.517361875,4.6440975,0.0434028125,0,0,0,0,2.5824665625,0,0,0,0,0,0,0,0,0,0,0,0,0,0,0,0,0,0,0
3529,C844503,1,18099,F05,0,0,0,0,0,0,0,0,0,17.7083240625,0,0,0,19.16234,0,0,0,0,0,0,0,0,18.4244853125,0.021701375,0,0,0,0,12.934025,7.009551875,0.021701375,0,23.8064240625,10.9375148125,0,0,0,0,0,0,0,0,0,0,0,0,0,0,0,0
3529,C844503,1,18099,F06,1.367186375,0,7.877603875,0,0,0,0,5.8810765625,0.1953125,2.19184,6.1848950625,0,0,7.11805775,0,0,0.021701375,7.638892,0,0,2.8211809375,2.4739591875,3.3637125,1.4973959375,3.9062484375,0,0,0,8.5720465,0.04340275,5.772571875,0.2604165625,0,0,0,0,0,0,10.13455,0.62934,0,0,0,0,0,0,0,0,0,0
3529,C844503,1,18099,F07,11.8706471875,0,6.054690625,7.6605978125,0,0,0,14.7786415625,0.021701375,0,0,0,0,0,0,0,0,0,4.6223953125,0,0,4.926213125,0,0,5.0347235625,0,0,16.2109546875,0.1519098125,0.04340275,0.021701375,0.0868055,0.021701375,0,0,0,0,0,0,0,0,0,0,0,0.021701375,0,0,0,0,0
3529,C844503,1,18099,F08,0,0,1.7361096875,6.336804375,0,0,0,8.4852375,4.774295125,0,8.116308125,0,0,0,3.710938875,0.1953125,0,0,0,0,0,0,0,9.7222375,0.0434028125,1.909721875,3.125000375,0,0,0,0,0,0,12.8689354375,0.434028125,0.021701375,0,0,0,0,0,0,0,0,0,0,0,0,0,0
3529,C844503,1,18099,F09,0,0,0,8.15971,0,1.8663184375,0,0,2.235245125,0,0,0,0,0,0,0,7.8993054375,0,2.2135423125,0,0,0,0,0,0,0,0,4.07986325,0,0,0,0,0,0,0,0,0,0,0,0,0,0,0,0,0,0,0,0,0,0
3529,C844503,1,18099,F10,0,0,0,0,0,0,0,0,7.6388873125,0,0,0,0,7.465275,0.3472221875,0,0,0,0,0,0,6.68403025,0,0,0,0,7.8342011875,0,0,0,0,0,0,7.486978125,0,0,0,0,0,0,0,0,0,0,0,0,0,0,0,0
3529,C844503,1,18099,F11,0.9548585625,0,0,0,0,0,0,10.0694293125,0,0,9.895815625,1.1935773125,0,0,4.6223973125,0,0,0,10.611984375,1.1718740625,0,6.076396875,0.3472221875,0,0,5.23003325,0,0,10.63369,0.6293390625,0,0,0,0,0,0,0,0,0,0,0,0,0,0,0,0,0,0,0,0
3529,C844503,1,18099,F12,0,0,0,0,0,0,13.7369853125,0.1302084375,0,0,0,0,9.3098979375,0,0,0,0,17.1441104375,0,0,0,0,0,0,0,0,4.9262184375,1.2369798125,0,13.7152773125,0,0,5.8810790625,17.708335125,33.203146875,0.130208375,0,0,0,0,0,0,0,0,0,0,0,0,0,0
3529,C844503,1,18099,G01,0,0,0,0,0,14.756956375,0,0,0,0,0,0,0,0,0,0,0,7.790804375,0.1736109375,0,0,8.50695375,0,0,0,0,0,0,1.0633678125,6.85762625,0,0,0,0,0,0,0,0,0,0,0,0,0,0,0,0,0,0,0,0
3529,C844503,1,18099,G02,0,0,0,0,0,15.6032978125,0,0,0,0,0,0,0,0,0,0,0,13.6067795,1.171873875,0,0,0.021701375,13.02084125,0,0,0,0,0,0,0,8.6154625,4.9479146875,5.9895828125,0,0,0,0,0,0,0,0,0,0,0,0,0,0,0,0,0
3529,C844503,1,18099,G03,36.5885415625,0,0,0,0,0,0,0,0,0,0,0,0,0.629340625,19.76997325,0,0,0,0,0,0,0.021701375,0,0,0,18.83681875,4.513895,0,0,0,0,0,0,0,0,0,0,0,0,0,0,0,0,0,0.021701375,0,0,0,0,0
3529,C844503,1,18099,G04,0,0,0,0,0,0,0,0,0,0,0,0,0,0,0,0,0,0,0,0,0,0,0,0,0,0,0,0,0,0,0,0,0,0,0,0,0,0,0,0,0,0,0,0,0,0,0,0,0,0
3529,C844503,1,18099,G05,0.8897575,0,0,12.0876571875,0,2.84288125,0.434026375,0,0,11.19793575,0,0,0,0,0,0,0,0,0,12.348065,0,0,0,2.8645854375,0,8.441826375,2.6475690625,0,3.7760421875,0.9765625,0,0,0,0,0,0,0,0,0,0,5.59895,5.83767125,0,0,0,0,0,0,0,0
3529,C844503,1,18099,G06,0,0,0,10.720485,0,0,0,0,0,0,0,0,0,18.467866875,0.36892325,0,0,0,0,0,0,6.944441,0,0,0,11.0460071875,0,0,0,0,0,0,0,0,0,0,0,0,0,0,0,0,0,0,0,0,0,0,0,0
3529,C844503,1,18099,G07,0,0,0,0,14.1058903125,0,0,0,0,2.994791875,0,17.3828103125,0,0,0,0.108506875,14.973963875,0,0,0,0,23.350692,0,0.390625,8.6588525,0,0,0,0,0,0,0,0,0,0,0.021701375,0,0,0,0,0,0,0,0,0,0,0,0,0,0
3529,C844503,1,18099,G08,0,0,0,0,0,0,0,0,0,0,0,16.753459375,1.974825,0,6.4235978125,1.106771875,0,19.683146875,0.021701375,0,0,0,0,0,0,0,0,0,0,0,9.809029375,0,0,0,0,0,0,0,0,0,0,0,0,0,0,0,0,0,0,0
3529,C844503,1,18099,G09,0,6.901028125,0,0,0,0,0,0,0.021701375,0,0,0,0,0,0,0,0,0,7.552072,0,0,0,0,0,0,0,0,0,0,0,0.021701375,0,0,0,0,0,0,0,0,0,0,0,0,0,0,0,0,0,0,0
3529,C844503,1,18099,G10,0,0,0,0,0,0,21.202259375,0,0,0,14.5833375,0.390625,22.330728125,0,0,0,0,0,3.4939375,9.570319375,0,0,0,14.019096875,9.52690625,11.046013125,0,0,0,0,0,0,0,0,25.325532625,0,0,0,0,0,0,0,0,0,0,0,0,0,0,0
3529,C844503,1,18099,G11,0,0,0,0,0,0,0,0,0,0,0,0,0,0,0,0,0,0,0,0,0,0,0,0,0,0,0,0,0,0,0,0,0,0,0,0,0,0,0,0,0,0,0,0,0,0,0,0,0,0
3529,C844503,1,18099,G12,10.026051375,0,0,0,9.6137053125,0,0,0,0,0,0,12.67360625,0.0434028125,0,5.79426875,4.058158125,0,0,0,11.805559375,0,0,10.481773125,0,0,0,0,0,1.86631875,1.75781075,0,0,0,12.0442575,0,0,0,0,0,0,0,0,0,0,0,0,0,0,0,0
3529,C844503,1,18100,A01,0,0,0,0,0,0,0,0,0,0,0,0,3.03819575,0,0,0,0,0,0,0,0,3.776043125,0.2821179375,0,0,0,0,0,0,0,0,0,0,0,0,0,3.927953375,0,0,0,0,0,0,0,0,0,0,0,0,0
3529,C844503,1,18100,A02,0,0,0,0,0,0,0,0,0,0,0,1.7795159375,8.0078134375,0,0,0,0,0,0,0,0,0,0,0,0,0,0,0,0,0,0,0,0,0,0,0,0,0,0,0,0,0,0,0,0,0,0,0,0,0
3529,C844503,1,18100,A03,0,0,0,0,0,3.1901025,0,6.011290625,0.1519095,0,0,0,6.55381875,0,0,0,0,0,5.099827,0,0,0,0,0,6.61892125,5.598953125,0,0,0,0,7.226565,0,5.164928125,1.215278125,0,0,0,0,0,0,0,0,0,0,0,0,0,0,0,0
3529,C844503,1,18100,A04,0,0,0,0.347222,0,0,0,0.846355,0.4991309375,0,0,0.021701375,0.41232625,0,0,0.108507,0,0,0,0,0,0,1.323784375,0,0,0,0,0,0,0,0,0,0,0,0,0,0,0,0,0,0,0,0,0,0,0,0,0,0,0
3529,C844503,1,18100,A05,0,0.021701375,0,0,0,0,0,0,0,0,0,0,0,0,0,0,0,0,0,0,0,0,0,0,0,0,0,0,0,0,0,0,0,0,0,0,0,0,0,0,0,0,0,0,0,0,0,0,0,0
3529,C844503,1,18100,A06,0,0,0,0,0,0,0,0,0,0,0,0,0,0,0,0,0,0,0,0,0,0,0,0,0,0,0,0,0,0,0,0,0,0,0,0,0,0,0,0,0,0,0,0,0,0,0,0,0,0
3529,C844503,1,18100,A07,0,0,0,0,0,0,0,0,0,0,0,0,0,0,0,0,0,0,0,0,0,0,0,0,0,0,0,0.021701375,0,0,0,0,0,0,0,0,0,0,0,0,0,0,0,0,0,0,0,0,0,0
3529,C844503,1,18100,A08,0,0,0,0,0,0,0,0,0,0,0,0,0,0,0,0,0,0,0,0,0,0,0,0,0,0,0,0,0,0,0,0,0,0,0,0,0.021701375,0,0,0,0,0,0,0,0,0,0,0,0,0
3529,C844503,1,18100,A09,0.021701375,0,0,0,0,0,0.1953125,0,0,0.021701375,0,0,0,0,0,0,0,0.5208348125,0,0,0,0,0.21701375,0,0,0,0,0,0,0,0.282118,0,0,0,0,0,0,0,0,0,0,0,0,0,0,0,0,0,0,0.086805625
3529,C844503,1,18100,A10,8.680550625,0.0651040625,0,0,0,0,8.4201340625,0.5208334375,8.138034375,1.9097235625,0,12.3480804375,2.1918390625,0,9.982634375,0.347221875,0,0,0,0,0,3.667534375,3.21180625,0,9.3967,0,0,4.99132,0,0,0,0,1.7578128125,14.952251375,15.755217625,2.73437575,0.5208346875,0,0,0,0,0,0,0,0,0,0,0,0,0
3529,C844503,1,18100,A11,0,0,0,0,0,0,0,0,0,0,0,0,11.8923659375,0,0,0,0,0,0,0,0,15.2126596875,0,0,5.64236875,1.5842,0,0,0,0,19.4010425,0,0,0,0,0,0,0,0,0,0,0,0,0,0,0,0,0,0,0
3529,C844503,1,18100,A12,0,0,0,4.318578125,3.7109375,0,10.1996368125,0,0,0,7.6171875,2.3437496875,0,0,0,10.004356875,0,0,0,1.106771875,3.9930534375,0,0,0,0,0,2.756075625,5.6206590625,0,0,0,3.906243125,7.9644104375,5.3602413125,4.014757625,0,0,0,0,0,0,0,0,0,0,0,0,0,0,0
3529,C844503,1,18100,B01,7.9210041875,0,5.9244785625,1.2586821875,0,0,8.398436375,2.7994795,6.03298575,0,0,0,0,7.0746534375,1.43229125,0,0,4.535592,0.04340275,7.6605874375,0,0,0,0.80295,1.2803825,9.7222215625,0,0,0,0,10.91578625,0,0,6.2065975,0.3689235625,0,0,0,0,0,12.02258275,0,0,0,0,0,0,0,0,0
3529,C844503,1,18100,B02,0,0,0,3.754344,0,0,0,0,7.269967625,0,0,0,1.5407975,4.188369,0,0,0,0,0,5.837675,1.041665875,0,0,0,0,0,0,1.0850696875,3.2118050625,0,0,6.74913075,0,0,0,0,0,0,0,0,0,0,0,0,0,0,0,0,0,0
3529,C844503,1,18100,B03,0,0,0,0,0,0,0,0,7.96441,6.011287,0.607638875,5.5555565625,0,12.47827625,0.0434028125,8.61545625,15.60331875,0,13.585085125,4.340276375,2.53906125,0,0,9.5051978125,0.195312625,0,5.5772560625,0.021701375,0,0,0,0,0,0,9.5052165,0,0,0,0,0,0,0,0,0,0,0,0,0,0,0
3529,C844503,1,18100,B04,0,0,0,0,0,0,6.09808575,0,0,0,0,0,0,0,0,0.21701375,2.387151375,0,0,0,0,0,7.55208125,0,0,0,0,0,0,0,0,3.5590290625,0,0,0,0,0,0,0,0,0,0,0,0,0,0,0,0,0,0
3529,C844503,1,18100,B05,0,0,0,0,0.021701375,0,0,0.021701375,0,0,0,0,0,0,0,0,0,0,0,0,0,0,0,0,0,0,0,0,0,0,0,0,0,0,0,0,0,0,0,0,0,0,0,0,0,0,0,0,0,0
3529,C844503,1,18100,B06,0,0,0,0,0,0,0,0,0,0,0,0,0,0.021701375,0,0,0,0,0,0,0,0,0,0,0,0,0,0,0,0,0,0,0,0,0,0,0,0,0.021701375,0,0,0,0,0,0,0,0,0,0,0
3529,C844503,1,18100,B07,0,0,0,0,0,0,0,0,0,0,0,0,0,0,0,0,0,0,0,0,0,0,0,0,0,0,0,0,0,0,0,0,0,0,0,0,0,0,0,0,0,0,0,0,0,0,0,0,0,0
3529,C844503,1,18100,B08,0,0,0,0,0,0,0,0,0,0,0,0,0,0,0,0,0,0,0,0,0,0,0,0,0,0,0,0,0,0,0,0,0,0,0,0,0,0,0,0,0,0,0,0,0,0,0,0,0,0
3529,C844503,1,18100,B09,4.340278875,0,0,0,0,0,0,0,0,0,0,2.12673825,0,0.585937125,0,3.3854141875,0,0,0,0,0,1.801216875,0,1.71440975,0,0,0,0,0,0,0,0,0,0,0,0,0,0,0,0,0,0,0,0,0,0,0,0,0,0
3529,C844503,1,18100,B10,0,0.021701375,0,0,0,0,0,0,0,0,0,0,0,2.473958125,0,0,0,0,0,0,0,0,0,0,0,0,0,0,0,0,0,0,0,0,0,0,0,0,0,0,0,0,0,0,0,0,0,0,0,0
3529,C844503,1,18100,B11,14.2361090625,2.1918409375,0,0,0,0,0,0,0,0,0,13.628496875,1.6710059375,0,0,0.021701375,11.5668398125,0,0,0,0,0,0,0,0,11.7621466875,0,0,9.9392345,0,0,0,0,0,0,0.0651040625,4.6657959375,0,0,0,0,0,0,0,0,0,0,0,0,0
3529,C844503,1,18100,B12,0,0,0,0,0,0,0,0,3.667538125,0.8680545,2.27864375,0,0,5.664061375,0,1.62760375,0,0,0,0,0,0,0,0,0,0,0,0,0,0,0,4.796013875,0,0,0,0,3.7109375,0,0,0,0,0,0,0,0,0,0,0,0,0
3529,C844503,1,18100,C01,0,0,0,0,0,5.51215,3.9496553125,0,0,0,0,9.7439209375,0.1302084375,0,0,0,0,0,0,0,0,12.1744934375,6.922745625,2.4739545,0,0,0,0,0,0,4.709203125,2.7126721875,0,5.078125,0.9765625,0,0,0,0,0,0,0,0,0,0,0,0,0,0,0
3529,C844503,1,18100,C02,0,0,0,11.9357625,1.7361125,0,0,6.3368090625,8.1814125,7.1831603125,0,2.4305545,5.924473875,0,5.5555541875,0,0,15.34288125,1.692707375,6.0546890625,0.021701375,0,0,11.892356875,0,0,0,0,0,0,2.4956590625,0,14.040789375,4.513890625,0.6510410625,0,0,0,0,0,0,0,0,0,0,0,0,0,0,0
3529,C844503,1,18100,C03,15.0607510625,0,0,0,0,0,0,0,0,0,4.036457625,12.0659871875,2.2352425,0,0,0,0,0,0,0,0,0,0,0,0,0.021701375,0,15.342870625,0,0,0,0,0,6.792533375,14.9305690625,1.280380875,0,0,0,0,0,0,0,0,0,0,0,0,0,0
3529,C844503,1,18100,C04,0,0.282118125,7.7690946875,0,0,5.53385625,0.88975625,0,0,0,0,0,0,0,7.7039943125,0.065104125,1.822917,4.44878625,0,0.17361125,2.669269375,0,0,0,0,0,0,0,1.3020821875,0.694444375,0,0,0,2.62586875,2.23524375,0,5.1432271875,0,0,0,0,0,0,0,0,0,0,0,0,0
3529,C844503,1,18100,C05,0,0,0,0,0,0,0,0,0,0,0,0,0,0,0,0,0,0,0,0,0,0,0,0,0,0,0,0,0,0,0,0,0,0,0,0,0,0,0,0,0,0,0,0,0,0,0,0,0,0
3529,C844503,1,18100,C06,0,0,0,0,0,0,0,0,0,0,0,0,0,0,0,0,0,0,0,0,0,0,0,0,0,0,0,0,0,0,0,0,0,0,0,0.021701375,0,0,0,0,0,0,0,0,0,0,0,0,0,0
3529,C844503,1,18100,C07,0,0,0,0,0,0,0,0,0,0,0,0,0,0,0,0,0,0,0,0,0,0,0,0,0,0,0,0,0,0,0,0,0,0,0,0,0,0,0.021701375,0,0,0,0,0,0,0,0,0,0,0
3529,C844503,1,18100,C08,0,0,0,0,0,0,0,0,0,0,0,0,0,0,0,0,0,0.021701375,0,0,0,0,0,0,0,0,0,0,0,0,0,0,0,0,0,0,0,0,0,0,0,0,0,0,0,0,0,0,0,0
3529,C844503,1,18100,C09,0,0,0,0,0,0,0,0,0,0,0.021701375,0,0,0,0,0.4991316875,0,0,0,0.303819375,0,1.3671878125,0,0.1953125,0,1.73611075,1.8446171875,0,0.021701375,0,0,0,0,0,0,0,0,0,0,0,0,0,0,0,0,0,0,0,0,0
3529,C844503,1,18100,C10,0,0,8.550345125,0,6.1631846875,0.108507,0,0,0,0,3.6675335625,10.4166716875,1.86632075,0,0,0,0,0,3.667533875,0,0,3.6024316875,0,0,6.163196875,3.884546875,0,0,4.03645625,2.53906075,0,0,0,0,0,0,0,3.1901045,0,0,0,0,0,0,0,0,0,0,0,0
3529,C844503,1,18100,C11,0,0,7.638892,0.0434028125,6.163195,0.28211825,0,0,0,8.832472875,0,0,0,0,0,5.27344,0,0,0,6.8359346875,0.0434028125,0,4.7960035625,0.5425348125,7.5086928125,8.702255875,2.9947928125,0,0,3.124998125,0.282118125,0,0,0,0,0,0,0,0,0,0,0,0,0,0,0,0,0,0,0
3529,C844503,1,18100,C12,3.7543375,2.3654534375,0,0,0,5.815971375,0,0,0,0,0,0,0,0,0,5.0564253125,0.5859378125,0,0,6.0329746875,0,0,2.5607635625,0,0,0,0,0,0,4.231771875,1.9097209375,0,0,0,0,3.949653125,2.322046875,0,0,0,0,0,0,0,0,0,0,0,0,0
3529,C844503,1,18100,D01,0,0,0,0,0,1.32378575,0,0,0,0,0,0,0,0,0,0,0,0,0,1.302083125,0.2821178125,0,0,0,0,0,0,0,0,0,0,0,0,0,0,0,0,0,0,0,0,0,0,0,0,0,0,0,0,0
3529,C844503,1,18100,D02,7.0963525,0.21701375,0,0,13.910589375,12.5216978125,0.5859384375,0,0,0,0,0,0,0,0,0,10.9809028125,1.4756929375,0,10.503476375,0.4557290625,0,0,0,0,0,0,0,0,6.7491305625,7.33507325,1.7578134375,0,0,0,0,0,4.0364585625,0,0,0,0,0,0,0,0,0,0,0,0
3529,C844503,1,18100,D03,0,0,0,0,0,0,0,0,0,0,0,0,0,0,0,0,0,0,0,0,0,0,0,0,0,0,0,0,0,0,0,0,0,0,0,0,0,0,0,0,0,0,0,0,0,0,0,0,0,0
3529,C844503,1,18100,D04,0,0,3.3420153125,1.909721875,9.830718875,0.086805625,0,4.36197625,0,0,0.108506875,0.7812496875,0,2.495659375,2.34375,2.0616295,0,4.2100691875,0,0,3.94965275,0,0.889756875,3.9713540625,0,0,0,1.2369795,1.8446209375,0.021701375,0,0,0,0.021701375,0.9548595,0,0,0,0,0,0,0,0,0,0,0,0,0,0,0
3529,C844503,1,18100,D05,0,0,0,0,0,0,0,0,0,0,0,0,0,0,0,0,0,0,0,0,0,0,0,0,0.021701375,0,0,0,0,0,0,0,0,0,0,0,0,0,0.021701375,0,0,0,0,0,0,0,0,0,0,0
3529,C844503,1,18100,D06,0,0,0,0,0,0,0,0,0,0,0,0,0,0,0,0,0,0,0,0,0,0,0,0,0,0,0,0,0,0,0,0,0,0,0,0,0,0,0,0,0,0,0,0,0,0,0,0,0,0
3529,C844503,1,18100,D07,0,0,0,0,0,0,0,0,0,0,0,0,0,0,0,0,0,0,0,0,0,0,0,0,0,0,0,0,0,0,0,0,0,0,0.021701375,0,0,0,0,0,0,0,0,0,0,0,0,0,0,0
3529,C844503,1,18100,D08,0,0,0,0,0,0,0,0,0,0,0,0,0,0,0,0,0,0,0,0,0,0,0,0,0,0,0,0,0,0,0,0,0,0,0,0,0,0,0,0,0,0,0,0,0,0,0,0,0,0
3529,C844503,1,18100,D09,0,0,0,0,0.2387153125,0,0,0,0,0,0,2.32205,0,0,0,0,0,0.1519098125,0,0.520833125,0,0,2.4088546875,0,0,0,0,0,0,0,0,0,0,0,0,0,0,0,0,0,0,0,0,0,0,0,0,0,0,0
3529,C844503,1,18100,D10,0,0.021701375,2.5173604375,0.1736109375,0.824653125,2.777778125,5.33854,0.0434028125,0,0,0,0,0,0,5.707468125,0.32552075,0,5.5989618125,0,0,0,0,0,3.4288198125,0,0,0,2.9079860625,0,2.25694275,0,0,0,0,0,0,0,0,0,0,0,1.0199653125,1.888020625,0,0,0,0,0,0,0
3529,C844503,1,18100,D11,12.17447575,0,0,13.780371875,0,0,0,16.015621875,0,0,0,0,0,0,14.127590625,0,0,0,14.539909375,0,0,0,0,0,13.845475,0,0,12.6735965625,1.5625,0,0,0,0,0,0,0,0,0,0,0,0,0,0,0,0,0,0,0,0,0
3529,C844503,1,18100,D12,0,0,0,0,0,0,0,8.7456696875,0,0,5.447046875,1.9097221875,0,0,13.1076475,0,0,0,0,0,0,0,0,0,11.6102465,0,0,0,0,0,0,0,0,0,0,0,0,0,0,0.021701375,0,0,0,0,0,0,0,0,0,0
3529,C844503,1,18100,E01,0,0,0,7.79079625,0,13.802071875,4.774307625,0,0,0,0,0,0,20.6163103125,0,0,0,0,0,0,0,0,1.822915625,17.0138940625,0,0,0,0,19.1839915625,0.086805625,0,0,17.94705,16.341151375,13.1944340625,0,0,0,0,0,0,0,0,0,0,0,0,0,0,0
3529,C844503,1,18100,E02,0,8.11631875,0.3689235625,0,0,0,0,0,0,0,0,0,4.926215,0.108506875,0,13.7587029375,0.0868054375,0,0,0,0,0,0,0,0,0,14.9956684375,0,10.54688125,0.889758375,0,0,0,0,6.7274284375,0.4123275,0,0,0,0,0,0,0,0,0,0,0,0,0,8.810778125
3529,C844503,1,18100,E03,0,4.1232653125,2.256943125,0.13020825,0,0,0,3.580728125,2.4305545,1.5842,3.5590291875,0,0,0,0,0,0,0,2.343748125,0,0,0,0,0,0,1.3671859375,0,0,0,0,0.911459,7.2482613125,0,0,0,0,0,0,0,0,0,0,0,0,0,0,0,0,0,0
3529,C844503,1,18100,E04,0,0,0,0,0,0,4.6006948125,0,0,0,0,0,4.774304625,0,0,0,0,0,0,0,0,0,0,0,5.88107775,0,0,0,0,0,0,0,0,0,0,0,0,0,0,0,0,0,0,0,0,0,0,0,0,0
3529,C844503,1,18100,E05,0,0,0,0,0,0,0,0,0,0,0,0,0,0,0,0,0,0,0,0,0,0,0,0,0,0,0,0,0,0,0,0,0,0,0,0,0,0,0,0,0,0,0,0,0,0,0,0,0,0
3529,C844503,1,18100,E06,0,0,0,0,0,0,0,0,0,0,0,0,0,0,0,0,0,0,0,0,0,0,0,0,0,0,0,0,0,0,0,0,0,0,0,0,0,0,0,0.021701375,0,0,0,0,0,0,0,0,0,0
3529,C844503,1,18100,E07,0,0,0,0,0,0,0,0,0,0,0,0,0,0,0,0,0,0,0,0,0,0,0,0,0,0,0,0,0,0,0,0,0,0,0,0.021701375,0,0,0,0,0,0,0,0,0,0,0,0,0,0
3529,C844503,1,18100,E08,0,0,0,0,0,0,0,0,0.021701375,0,0,0,0,0,0,0,0,0,0,0,0,0,0,0,0,0,0,0,0,0,0,0,0,0,0,0,0,0,0,0,0,0,0,0,0,0,0,0,0,0
3529,C844503,1,18100,E09,1.7361116875,1.5625,1.801217,0,0,0,0,0,0.1953125,0.47743125,0,0,0,0,0,0,0.108506875,0,0.6944440625,0.086805625,1.041666375,0,1.215279125,0,0,0,0,0,0,0,0,0.8680543125,0,0,0.8463554375,0,0,0,0,0,0,0,0,0,0,0,0,0,0,0
3529,C844503,1,18100,E10,0,0,0,9.46182,0,0,0,0,8.76735625,0,0,0,0,4.7092028125,9.6354365625,5.05643125,0.6293409375,0,6.8359234375,0,0,0,0,0,0,0,0,0,0,0,0,0,5.0998228125,4.752598125,0,0,0,0,0,0,0,0,0,0,0,0,0,0,0,0
3529,C844503,1,18100,E11,0,0,0,6.7708253125,0,0,0,0,0,10.3298640625,0,3.580732,0.1519095,0,13.085920625,0,12.5434018125,0,0,0,0,0,0,5.9461799375,0,0,0,5.2734375,1.6493071875,0,0,0,0,0,0,0,0,0,0,0,0,0,0,0,0,0,0,0,0,0
3529,C844503,1,18100,E12,0,0,0,0,0,0,0,0,0,0,0,0,0,3.3854148125,0,2.343749375,0.086805625,0,0,3.0815996875,0.0434028125,0,0,0,9.9609459375,0.108506875,0,0,3.42881875,0.6510415625,0,0,0,0,0,0,0,0,0,0,0,0,0,0,0,0,0,0,0,0
3529,C844503,1,18100,F01,10.3732534375,0.217013875,0,0,0,0,0,0.021701375,5.20833325,0,11.328124375,0,0,0,0,0,0,0,0,0,10.763875,0,0,0,0,0,0.933159375,9.071176875,0,0,0,0,0,0,0,0,0,0,0,0,0,0,0,0,0,0,0,0,0,0
3529,C844503,1,18100,F02,0.021701375,0,0,18.9235791875,0,0,0,0,18.120671875,0,0,8.28994825,0,0,0,0,0,0,19.1406103125,0,0,0,0,0,1.410590625,16.44965,0,0,0,0,0,17.73002525,0,0,0,0,0,0,0,0,0,0,0,0,0,0,0,0,0,0
3529,C844503,1,18100,F03,0,0,0,7.248260625,0,0,0,3.016494375,0.217013875,0,0,6.727432,0.021701375,0,6.705726875,0,0,0,3.2769096875,0.1302084375,5.360243125,1.041665125,6.076386875,0.781249375,0,0,0,0,2.756078125,0,4.25346875,1.540799375,0,0,0,0,0,4.8828140625,0.04340275,0,0,0,0,0,0,0,0,0,0,0
3529,C844503,1,18100,F04,0,0,0,0,0.933158875,0,6.94444125,1.1718746875,0,0,0,4.839409375,0,6.55382075,0,22.80816,50.151929375,15.01738125,0,0,0,0,0,0,0,13.411456375,0,0,6.6623273125,0,0,0,22.526039375,34.743878125,29.253478125,17.05728525,0.021701375,0,0,0,0,0,0,0,0,0,0,0,0,0
3529,C844503,1,18100,F05,0,0,0,0,0,0,0,0,0,0,0,0,0,0,0,0,0,0,0,0,0,0,0,0,0,0,0,0,0,0,0,0,0,0,0,0,0,0,0,0,0,0,0,0,0,0,0,0,0,0
3529,C844503,1,18100,F06,0,0,0,0,0,0,0,0,0,0,0,0,0,0,0,0,0,0,0,0,0,0,0,0,0,0,0,0,0,0,0,0,0,0,0,0,0,0,0,0,0,0,0,0.021701375,0,0,0.021701375,0,0,0
3529,C844503,1,18100,F07,0,0,0,0,0,0,0,0,0,0,0,0,0,0,0,0,0,0,0,0,0,0,0,0,0,0,0,0,0,0,0,0,0,0,0,0,0,0,0,0,0,0,0,0,0,0,0,0,0,0
3529,C844503,1,18100,F08,0,0,0,0,0,0,0,0,0,0,0,0,0,0,0,0,0,0,0,0,0,0,0,0,0,0,0,0,0,0,0,0,0,0,0,0,0,0,0,0,0,0,0,0,0,0,0,0,0,0
3529,C844503,1,18100,F09,0,0,4.92621625,0.0434028125,0,0,0,0,0,1.3237866875,0,3.624130875,0,0,0,0,1.6710071875,0,0,0,0,0,6.1848955625,0,0,0,0,0,2.01822875,0,0,0.694443875,0,0,0,0,0,4.210070625,0,0,0,0,0,0,0,0,0,0,0,0
3529,C844503,1,18100,F10,0,5.056434375,1.0633685625,11.284723875,0,3.407115625,2.1050315625,3.624135,0,0,0,12.41320875,0.1302084375,0,0,0,0,3.125001375,0.80295125,0,11.5017425,0.021701375,6.98784375,0,0,6.8793409375,0.021701375,0,0,10.3298625,0,0,23.6762215625,0.238715125,3.60243125,4.4053840625,0.238715125,0,0,0,0,0,0,0,0.021701375,0,0,0,0,0
3529,C844503,1,18100,F11,0,0,0,0,0,16.8185809375,0,1.432290625,6.271716375,0,12.6301960625,0,0,11.827265625,0.8897578125,0,0,9.960933125,0,0,0,0,0,6.5972243125,0,0,0,15.8203415625,0,0,6.206600125,0.086805625,0,6.618925625,10.93749625,0,0,0,0,0,0,0,0,0,0,0,0,0,0,0
3529,C844503,1,18100,F12,0,0,16.4930509375,0.1302084375,0,0,13.085928125,0,0,0,0,0,7.31336875,0.21701375,0,17.3177334375,0,0,12.239588875,7.942700625,1.5842034375,0,12.4348946875,0,0,0,0,0,0,0,0,0,0,0,0,6.2934040625,0,0,0,0,0,0,0,0,0,0,0,0,0,0
3529,C844503,1,18100,G01,0,0,0,0.021701375,3.3854149375,0,0,0,0,0,5.7942729375,0,0,0,0,0,0,0,0,0,3.927953875,0,0,0,0,5.794285125,0,0,0,0,0,0,0,0,0,0,0,0,0,0,0,0,0,0,0,0,0,0,0,0
3529,C844503,1,18100,G02,0,8.1597269375,0,0,0,0,0,7.552080625,0,0,0,0,0,0,3.3854028125,7.2699640625,0,0,0,0,5.38194375,3.5373223125,0,0.5642375,3.3854171875,0,2.7994803125,6.2934025,0,7.5954878125,0.2387153125,0,0,10.24305625,6.141479375,18.0338475,0.368925,0,0,0,0,0,3.1249984375,0,0,0.021701375,0,0,0,0
3529,C844503,1,18100,G03,0,0,0,0,0,0,0,0.108506875,5.4470475,1.584199625,0,0,0,0,0,0,10.3949629375,0,0,4.144965625,0,0,9.00607125,0,0,0,0,0,0,0,0,0,0,0,0,0,0,0,0,0,0,0,0,0,0,0,0,0,0,0
3529,C844503,1,18100,G04,4.947918125,0,0,0,9.635421875,0.1953125,0,1.2369795,0.5642353125,5.468749375,0.2821179375,0,0,0,0,0,0,0,3.38542,0,0,5.5989591875,0,0,0,0,0.021701375,9.7005284375,0,0,0,6.8142354375,0,0,0,0,0,0,11.0677296875,0,0,0,0,0,0,0,0,0,0,0
3529,C844503,1,18100,G05,0,0,0,0,0,0,0,0,0,0,0,0,0,0,0,0,0,0,0,0,0,0,0,0,0,0,0,0,0,0,0,0,0,0,0,0,0,0,0,0,0,0,0,0,0,0,0,0,0,0
3529,C844503,1,18100,G06,0,0,0,0,0,0,0,0,0,0,0,0,0,0,0,0,0,0,0,0,0,0,0,0,0,0,0,0,0,0.021701375,0,0,0,0,0,0,0,0,0,0,0,0,0,0,0,0,0,0,0,0
3529,C844503,1,18100,G07,0,0,0,0,0,0,0,0,0,0.021701375,0,0,0,0,0,0,0,0,0,0,0,0,0,0,0,0,0,0,0,0,0,0,0,0,0,0,0,0,0,0,0,0,0,0,0,0,0,0,0,0
3529,C844503,1,18100,G08,0,0,0,0,0,0,0,0,0,0,0,0,0,0,0,0,0,0,0,0,0,0,0,0,0,0,0,0,0,0,0,0,0,0,0,0,0,0,0,0,0,0,0,0,0,0,0,0,0,0
3529,C844503,1,18100,G09,0,0,0,0,0,0,0,0,0,0,0.3472223125,0,0,0,0,0,0,0,0,0,2.430557,0,0.36892375,0.086805625,0,0,0,0,0,0,0,0,0,0,0,0,0,0,0,0,0,0,0,0,0,0,0,0,0,0
3529,C844503,1,18100,G10,0,11.1762015625,0,0,0,0,0,0,0,0,0,0,0,0,0,0,0,4.2317710625,0,0,0,0,0,0,0,0,0,0,0,7.335075,0.7378468125,0,0,0,0,0,0,0,0,0,0,0,0,0.021701375,0,0,0,0,0,0
3529,C844503,1,18100,G11,0,0,13.0859353125,0.021701375,0,0,0,0,0,0,0,0,12.803806875,0,0,0,0,0,0,0,0,0,8.6154375,1.8880228125,0,0,0,0,0,0,0,0,0,0,0,0,0,0,0,0,0,0,0,0,0,0,0,0,0,0
3529,C844503,1,18100,G12,0,0,0,0,0,0,0,0,0,0,0,0,0,0,0,0,0,0,0,0,0,0,0,0,0,0,0,0,0,0,0,0,0,0,0,0,0,0,0,0,0,0,0,0,0,0,0,0,0,0
